Price,Close
Ticker,GDX
Date,
2006-05-22,31.594470977783203
2006-05-23,32.21397018432617
2006-05-24,30.991945266723633
2006-05-25,32.519474029541016
2006-05-26,32.714656829833984
2006-05-30,32.39218521118164
2006-05-31,32.96924591064453
2006-06-01,32.69770812988281
2006-06-02,33.20686721801758
2006-06-05,32.35824203491211
2006-06-06,31.407779693603516
2006-06-07,30.66946792602539
2006-06-08,29.931154251098633
2006-06-09,29.761432647705078
2006-06-12,28.666698455810547
2006-06-13,27.32586669921875
2006-06-14,28.030229568481445
2006-06-15,29.651111602783203
2006-06-16,29.33711814880371
2006-06-19,28.513944625854492
2006-06-20,29.14193344116211
2006-06-21,30.431852340698242
2006-06-22,30.245153427124023
2006-06-23,30.78827476501465
2006-06-26,31.08530044555664
2006-06-27,30.1093692779541
2006-06-28,29.965106964111328
2006-06-29,32.21397018432617
2006-06-30,32.841957092285156
2006-07-03,34.14036560058594
2006-07-05,33.410545349121094
2006-07-06,33.716041564941406
2006-07-07,33.12200164794922
2006-07-10,32.81650161743164
2006-07-11,33.74150085449219
2006-07-12,33.51237106323242
2006-07-13,32.52796936035156
2006-07-14,33.07108688354492
2006-07-17,31.738740921020508
2006-07-18,31.39928436279297
2006-07-19,32.62131118774414
2006-07-20,31.255022048950195
2006-07-21,30.389419555664062
2006-07-24,31.136205673217773
2006-07-25,31.984838485717773
2006-07-26,32.55342483520508
2006-07-27,31.823598861694336
2006-07-28,32.90984344482422
2006-07-31,32.89287567138672
2006-08-01,33.73301696777344
2006-08-02,34.50526809692383
2006-08-03,33.86880111694336
2006-08-04,33.59723663330078
2006-08-07,34.04701614379883
2006-08-08,33.70755386352539
2006-08-09,34.4373779296875
2006-08-10,33.73301696777344
2006-08-11,32.833465576171875
2006-08-14,32.2818603515625
2006-08-15,32.72314453125
2006-08-16,33.257781982421875
2006-08-17,32.485530853271484
2006-08-18,32.570404052734375
2006-08-21,34.1912841796875
2006-08-22,34.369483947753906
2006-08-23,34.26765441894531
2006-08-24,33.73301696777344
2006-08-25,33.92819595336914
2006-08-28,33.17292404174805
2006-08-29,33.39356231689453
2006-08-30,33.529354095458984
2006-08-31,34.44586944580078
2006-09-01,34.70045852661133
2006-09-05,35.727291107177734
2006-09-06,35.387847900390625
2006-09-07,34.19976043701172
2006-09-08,33.30020523071289
2006-09-11,30.890113830566406
2006-09-12,30.610061645507812
2006-09-13,30.847681045532227
2006-09-14,29.65960121154785
2006-09-15,29.897212982177734
2006-09-18,30.67795181274414
2006-09-19,29.430465698242188
2006-09-20,29.158906936645508
2006-09-21,29.532297134399414
2006-09-22,29.57472801208496
2006-09-25,29.243770599365234
2006-09-26,30.23666763305664
2006-09-27,30.881620407104492
2006-09-28,30.51671600341797
2006-09-29,30.253637313842773
2006-10-02,30.3215274810791
2006-10-03,28.3951416015625
2006-10-04,28.658212661743164
2006-10-05,29.286203384399414
2006-10-06,29.167390823364258
2006-10-09,28.929777145385742
2006-10-10,29.21830940246582
2006-10-11,28.692153930664062
2006-10-12,29.44744300842285
2006-10-13,30.37244415283203
2006-10-16,30.60157012939453
2006-10-17,30.380931854248047
2006-10-18,29.854782104492188
2006-10-19,30.839197158813477
2006-10-20,30.33001708984375
2006-10-23,30.61855125427246
2006-10-24,30.830713272094727
2006-10-25,31.696317672729492
2006-10-26,31.628419876098633
2006-10-27,31.263505935668945
2006-10-30,31.407779693603516
2006-10-31,32.21397018432617
2006-11-01,32.2818603515625
2006-11-02,32.53644561767578
2006-11-03,32.926815032958984
2006-11-06,32.61282730102539
2006-11-07,32.714656829833984
2006-11-08,32.46855926513672
2006-11-09,33.860313415527344
2006-11-10,33.105037689208984
2006-11-13,33.02865219116211
2006-11-14,32.58736801147461
2006-11-15,32.99471664428711
2006-11-16,31.67084503173828
2006-11-17,31.696317672729492
2006-11-20,31.67084503173828
2006-11-21,32.833465576171875
2006-11-22,32.960758209228516
2006-11-24,33.860313415527344
2006-11-27,33.911224365234375
2006-11-28,34.28463363647461
2006-11-29,34.39494323730469
2006-11-30,35.625465393066406
2006-12-01,35.25206756591797
2006-12-04,35.718807220458984
2006-12-05,35.2860107421875
2006-12-06,34.71742630004883
2006-12-07,35.00595474243164
2006-12-08,34.369483947753906
2006-12-11,34.649539947509766
2006-12-12,34.250675201416016
2006-12-13,34.28463363647461
2006-12-14,34.411922454833984
2006-12-15,33.74150085449219
2006-12-18,33.36810302734375
2006-12-19,34.30159378051758
2006-12-20,33.673614501953125
2006-12-21,33.1927375793457
2006-12-22,32.92890548706055
2006-12-26,33.2182731628418
2006-12-27,33.8651123046875
2006-12-28,34.18852233886719
2006-12-29,33.96724319458008
2007-01-03,32.707618713378906
2007-01-04,32.10334014892578
2007-01-05,31.66928482055664
2007-01-08,31.745878219604492
2007-01-09,31.533111572265625
2007-01-10,31.158620834350586
2007-01-11,31.430978775024414
2007-01-12,32.25654602050781
2007-01-16,31.933122634887695
2007-01-17,32.08632278442383
2007-01-18,31.46502113342285
2007-01-19,31.941631317138672
2007-01-22,31.72035026550293
2007-01-23,33.27785110473633
2007-01-24,33.66935729980469
2007-01-25,33.2863655090332
2007-01-26,33.36296463012695
2007-01-29,32.80974578857422
2007-01-30,33.16721725463867
2007-01-31,33.70339584350586
2007-02-01,33.91617965698242
2007-02-02,33.465087890625
2007-02-05,33.60126876831055
2007-02-06,33.81404113769531
2007-02-07,33.456581115722656
2007-02-08,34.2651252746582
2007-02-09,34.13746643066406
2007-02-12,33.711910247802734
2007-02-13,34.23959732055664
2007-02-14,34.80132293701172
2007-02-15,35.065155029296875
2007-02-16,34.84386444091797
2007-02-20,34.11193084716797
2007-02-21,35.38005447387695
2007-02-22,35.575809478759766
2007-02-23,35.60135269165039
2007-02-26,36.043914794921875
2007-02-27,33.490623474121094
2007-02-28,34.03533172607422
2007-03-01,33.32040786743164
2007-03-02,32.06930160522461
2007-03-05,31.422462463378906
2007-03-06,32.40973663330078
2007-03-07,32.41823959350586
2007-03-08,32.63953399658203
2007-03-09,32.36717987060547
2007-03-12,32.894859313964844
2007-03-13,31.618223190307617
2007-03-14,31.79694366455078
2007-03-15,32.54590606689453
2007-03-16,32.64804458618164
2007-03-19,33.06507110595703
2007-03-20,33.379981994628906
2007-03-21,34.13746643066406
2007-03-22,34.01830291748047
2007-03-23,33.89915466308594
2007-03-26,34.162994384765625
2007-03-27,33.57573699951172
2007-03-28,33.73744201660156
2007-03-29,33.57573699951172
2007-03-30,33.67787170410156
2007-04-02,34.1715087890625
2007-04-03,34.45236587524414
2007-04-04,35.05663299560547
2007-04-05,35.03961944580078
2007-04-09,34.93749237060547
2007-04-10,35.218353271484375
2007-04-11,34.980045318603516
2007-04-12,35.13323974609375
2007-04-13,36.043914794921875
2007-04-16,36.49500274658203
2007-04-17,35.99284744262695
2007-04-18,35.822628021240234
2007-04-19,34.95452117919922
2007-04-20,35.29494857788086
2007-04-23,34.97153091430664
2007-04-24,34.51194381713867
2007-04-25,34.90345764160156
2007-04-26,34.094905853271484
2007-04-27,34.33320236206055
2007-04-30,33.66935729980469
2007-05-01,33.44807434082031
2007-05-02,34.350223541259766
2007-05-03,34.64811706542969
2007-05-04,34.64811706542969
2007-05-07,34.87791061401367
2007-05-08,34.682167053222656
2007-05-09,34.554500579833984
2007-05-10,33.60126876831055
2007-05-11,33.83106231689453
2007-05-14,33.32891845703125
2007-05-15,33.252315521240234
2007-05-16,32.71613311767578
2007-05-17,32.56292724609375
2007-05-18,33.20125961303711
2007-05-21,33.5927619934082
2007-05-22,33.07358932495117
2007-05-23,33.465087890625
2007-05-24,32.41823959350586
2007-05-25,32.56292724609375
2007-05-29,32.29909133911133
2007-05-30,32.3331413269043
2007-05-31,33.32891845703125
2007-06-01,34.094905853271484
2007-06-04,34.086387634277344
2007-06-05,33.81404113769531
2007-06-06,33.473602294921875
2007-06-07,32.350154876708984
2007-06-08,32.588470458984375
2007-06-11,32.53739929199219
2007-06-12,31.85652732849121
2007-06-13,32.3331413269043
2007-06-14,32.665069580078125
2007-06-15,33.269344329833984
2007-06-18,33.175724029541016
2007-06-19,33.5927619934082
2007-06-20,32.92890548706055
2007-06-21,33.32040786743164
2007-06-22,33.01401901245117
2007-06-25,32.21398162841797
2007-06-26,31.575658798217773
2007-06-27,31.83099365234375
2007-06-28,32.02674102783203
2007-06-29,32.24802780151367
2007-07-02,33.05656433105469
2007-07-03,32.96295166015625
2007-07-05,33.405521392822266
2007-07-06,34.49491500854492
2007-07-09,34.792808532714844
2007-07-10,34.605560302734375
2007-07-11,34.605560302734375
2007-07-12,35.13323974609375
2007-07-13,35.15877914428711
2007-07-16,34.94600296020508
2007-07-17,34.74174118041992
2007-07-18,36.154563903808594
2007-07-19,36.673728942871094
2007-07-20,36.63117218017578
2007-07-23,36.58861541748047
2007-07-24,36.08647537231445
2007-07-25,35.50772476196289
2007-07-26,34.299171447753906
2007-07-27,33.20976638793945
2007-07-30,34.128944396972656
2007-07-31,33.992767333984375
2007-08-01,33.60126876831055
2007-08-02,33.88213348388672
2007-08-03,33.60126876831055
2007-08-06,32.971458435058594
2007-08-07,32.83528137207031
2007-08-08,34.154476165771484
2007-08-09,33.57573699951172
2007-08-10,33.91617965698242
2007-08-13,33.30338668823242
2007-08-14,32.38420867919922
2007-08-15,31.02244758605957
2007-08-16,29.354299545288086
2007-08-17,29.97560691833496
2007-08-20,30.469234466552734
2007-08-21,30.426677703857422
2007-08-22,31.3884220123291
2007-08-23,30.93733787536621
2007-08-24,31.60118865966797
2007-08-27,31.17564582824707
2007-08-28,30.392641067504883
2007-08-29,31.45650291442871
2007-08-30,31.073514938354492
2007-08-31,32.04376220703125
2007-09-04,32.90336990356445
2007-09-05,32.75017166137695
2007-09-06,34.85237121582031
2007-09-07,35.03961944580078
2007-09-10,34.84386444091797
2007-09-11,35.78858947753906
2007-09-12,35.90773391723633
2007-09-13,35.924766540527344
2007-09-14,35.89071273803711
2007-09-17,35.87370300292969
2007-09-18,37.1077766418457
2007-09-19,37.4737548828125
2007-09-20,38.99721908569336
2007-09-21,38.70783996582031
2007-09-24,38.384422302246094
2007-09-25,37.95037078857422
2007-09-26,37.32056427001953
2007-09-27,37.729095458984375
2007-09-28,38.59720230102539
2007-10-01,38.99721908569336
2007-10-02,37.27800369262695
2007-10-03,37.09076690673828
2007-10-04,37.76313018798828
2007-10-05,38.80146789550781
2007-10-08,37.97590637207031
2007-10-09,38.97169494628906
2007-10-10,39.72916030883789
2007-10-11,39.831295013427734
2007-10-12,40.67387390136719
2007-10-15,40.86962890625
2007-10-16,40.24833297729492
2007-10-17,39.54191970825195
2007-10-18,40.341957092285156
2007-10-19,39.831295013427734
2007-10-22,38.75040054321289
2007-10-23,39.6780891418457
2007-10-24,40.00151062011719
2007-10-25,40.38450241088867
2007-10-26,41.19303512573242
2007-10-29,42.41862869262695
2007-10-30,41.55051040649414
2007-10-31,43.06545639038086
2007-11-01,41.55051040649414
2007-11-02,43.159080505371094
2007-11-05,42.92927932739258
2007-11-06,44.46976852416992
2007-11-07,43.85697555541992
2007-11-08,43.74633026123047
2007-11-09,42.818641662597656
2007-11-12,39.737667083740234
2007-11-13,40.495147705078125
2007-11-14,41.4483757019043
2007-11-15,39.52489471435547
2007-11-16,39.958961486816406
2007-11-19,38.68230438232422
2007-11-20,40.793033599853516
2007-11-21,39.84831619262695
2007-11-23,41.57603073120117
2007-11-26,40.052574157714844
2007-11-27,39.669593811035156
2007-11-28,40.73345184326172
2007-11-29,40.018531799316406
2007-11-30,39.456809997558594
2007-12-03,39.84831619262695
2007-12-04,39.320640563964844
2007-12-05,39.08232116699219
2007-12-06,39.814266204833984
2007-12-07,39.49086380004883
2007-12-10,40.2908821105957
2007-12-11,39.0908317565918
2007-12-12,39.74618148803711
2007-12-13,38.341880798339844
2007-12-14,37.712066650390625
2007-12-17,36.214134216308594
2007-12-18,36.954586029052734
2007-12-19,36.63968276977539
2007-12-20,36.48649215698242
2007-12-21,38.299320220947266
2007-12-24,38.364227294921875
2007-12-26,39.53254318237305
2007-12-27,39.272918701171875
2007-12-28,40.35470199584961
2007-12-31,39.662357330322266
2008-01-02,42.61345672607422
2008-01-03,43.91159439086914
2008-01-04,43.184635162353516
2008-01-07,42.457679748535156
2008-01-08,43.963523864746094
2008-01-09,44.24909973144531
2008-01-10,45.01933288574219
2008-01-11,45.36550521850586
2008-01-14,46.14439392089844
2008-01-15,44.318336486816406
2008-01-16,42.258628845214844
2008-01-17,41.46244430541992
2008-01-18,41.83457565307617
2008-01-22,42.838462829589844
2008-01-23,41.70475387573242
2008-01-24,43.57407760620117
2008-01-25,43.63465118408203
2008-01-28,44.318336486816406
2008-01-29,43.876983642578125
2008-01-30,44.179874420166016
2008-01-31,43.57407760620117
2008-02-01,42.53556823730469
2008-02-04,41.67014694213867
2008-02-05,40.45854568481445
2008-02-06,40.58836364746094
2008-02-07,40.553749084472656
2008-02-08,42.007659912109375
2008-02-11,42.10285568237305
2008-02-12,40.579715728759766
2008-02-13,41.33262634277344
2008-02-14,41.09897232055664
2008-02-15,41.32398223876953
2008-02-19,42.92500686645508
2008-02-20,44.09333419799805
2008-02-21,43.95486068725586
2008-02-22,44.03274917602539
2008-02-25,44.08467102050781
2008-02-26,45.02798843383789
2008-02-27,46.005916595458984
2008-02-28,47.06173324584961
2008-02-29,45.9713020324707
2008-03-03,47.269439697265625
2008-03-04,45.65108871459961
2008-03-05,47.330013275146484
2008-03-06,47.407901763916016
2008-03-07,46.25688934326172
2008-03-10,44.50007629394531
2008-03-11,46.35208511352539
2008-03-12,46.42997360229492
2008-03-13,48.506988525390625
2008-03-14,48.82719802856445
2008-03-17,47.57233810424805
2008-03-18,45.339542388916016
2008-03-19,42.72596740722656
2008-03-20,41.349937438964844
2008-03-24,40.64894104003906
2008-03-25,42.44038009643555
2008-03-26,43.184635162353516
2008-03-27,42.71730422973633
2008-03-28,42.4749870300293
2008-03-31,41.28070831298828
2008-04-01,40.146995544433594
2008-04-02,41.86919021606445
2008-04-03,42.007659912109375
2008-04-04,42.32786560058594
2008-04-07,42.53556823730469
2008-04-08,41.91246032714844
2008-04-09,42.708656311035156
2008-04-10,42.43171691894531
2008-04-11,41.73072814941406
2008-04-14,41.54033279418945
2008-04-15,42.49229049682617
2008-04-16,44.508731842041016
2008-04-17,43.972171783447266
2008-04-18,42.665382385253906
2008-04-21,42.16343688964844
2008-04-22,41.652835845947266
2008-04-23,40.02584457397461
2008-04-24,38.346920013427734
2008-04-25,39.229652404785156
2008-04-28,38.346920013427734
2008-04-29,36.806461334228516
2008-04-30,37.73246765136719
2008-05-01,36.91032028198242
2008-05-02,37.368988037109375
2008-05-05,38.16518020629883
2008-05-06,39.108489990234375
2008-05-07,38.50269317626953
2008-05-08,39.87871170043945
2008-05-09,39.77486801147461
2008-05-12,39.792171478271484
2008-05-13,39.24696350097656
2008-05-14,38.6671257019043
2008-05-15,39.9912223815918
2008-05-16,40.95184326171875
2008-05-19,41.1595458984375
2008-05-20,42.16343688964844
2008-05-21,42.14612579345703
2008-05-22,41.69610595703125
2008-05-23,41.32398223876953
2008-05-27,40.190269470214844
2008-05-28,40.640289306640625
2008-05-29,39.16041946411133
2008-05-30,39.82679748535156
2008-06-02,40.164306640625
2008-06-03,39.333499908447266
2008-06-04,38.6671257019043
2008-06-05,39.62774658203125
2008-06-06,40.4066276550293
2008-06-09,40.37200927734375
2008-06-10,38.260379791259766
2008-06-11,38.17383575439453
2008-06-12,37.368988037109375
2008-06-13,37.343017578125
2008-06-16,37.77573776245117
2008-06-17,38.11326217651367
2008-06-18,38.320953369140625
2008-06-19,38.12190246582031
2008-06-20,37.94017028808594
2008-06-23,38.320953369140625
2008-06-24,38.130558013916016
2008-06-25,37.97478485107422
2008-06-26,40.17295837402344
2008-06-27,41.79130935668945
2008-06-30,42.050933837890625
2008-07-01,42.86442947387695
2008-07-02,41.6614875793457
2008-07-03,40.73548126220703
2008-07-07,40.02584457397461
2008-07-08,39.420040130615234
2008-07-09,39.255619049072266
2008-07-10,40.389312744140625
2008-07-11,42.15478515625
2008-07-14,43.99813461303711
2008-07-15,42.92500686645508
2008-07-16,42.03361892700195
2008-07-17,41.1508903503418
2008-07-18,41.1508903503418
2008-07-21,42.13747024536133
2008-07-22,40.67491912841797
2008-07-23,38.57192611694336
2008-07-24,38.08729553222656
2008-07-25,38.303646087646484
2008-07-28,38.606544494628906
2008-07-29,37.79303741455078
2008-07-30,37.377647399902344
2008-07-31,37.62862014770508
2008-08-01,36.69395446777344
2008-08-04,35.35254669189453
2008-08-05,33.39670181274414
2008-08-06,33.933250427246094
2008-08-07,33.682281494140625
2008-08-08,31.414871215820312
2008-08-11,29.796533584594727
2008-08-12,30.610027313232422
2008-08-13,32.49665451049805
2008-08-14,31.042741775512695
2008-08-15,29.822498321533203
2008-08-18,30.385025024414062
2008-08-19,31.276412963867188
2008-08-20,31.311025619506836
2008-08-21,33.14572525024414
2008-08-22,32.44472885131836
2008-08-25,32.06394577026367
2008-08-26,32.03798294067383
2008-08-27,32.7130126953125
2008-08-28,32.816856384277344
2008-08-29,32.574546813964844
2008-09-02,30.506179809570312
2008-09-03,29.05227279663086
2008-09-04,27.849332809448242
2008-09-05,28.256080627441406
2008-09-08,26.77620506286621
2008-09-09,24.318401336669922
2008-09-10,25.16651725769043
2008-09-11,24.404945373535156
2008-09-12,27.044483184814453
2008-09-15,26.248292922973633
2008-09-16,26.438688278198242
2008-09-17,29.510940551757812
2008-09-18,29.597488403320312
2008-09-19,30.462907791137695
2008-09-22,32.963993072509766
2008-09-23,32.176448822021484
2008-09-24,32.358177185058594
2008-09-25,31.501428604125977
2008-09-26,31.008132934570312
2008-09-29,29.424402236938477
2008-09-30,29.2426700592041
2008-10-01,29.22535514831543
2008-10-02,25.054014205932617
2008-10-03,25.140554428100586
2008-10-06,24.14531898498535
2008-10-07,23.69529914855957
2008-10-08,27.05314064025879
2008-10-09,26.179065704345703
2008-10-10,22.795255661010742
2008-10-13,23.19335174560547
2008-10-14,23.703950881958008
2008-10-15,21.08171844482422
2008-10-16,19.212398529052734
2008-10-17,18.77103614807129
2008-10-20,20.934595108032227
2008-10-21,18.944124221801758
2008-10-22,16.001684188842773
2008-10-23,15.067024230957031
2008-10-24,15.404541015625
2008-10-27,14.166984558105469
2008-10-28,16.174768447875977
2008-10-29,18.052736282348633
2008-10-30,18.779691696166992
2008-10-31,18.130624771118164
2008-11-03,18.18254852294922
2008-11-04,20.683624267578125
2008-11-05,20.337459564208984
2008-11-06,18.978736877441406
2008-11-07,18.822961807250977
2008-11-10,20.0345516204834
2008-11-11,18.727766036987305
2008-11-12,16.78921890258789
2008-11-13,18.745079040527344
2008-11-14,17.784452438354492
2008-11-17,17.014225006103516
2008-11-18,16.927684783935547
2008-11-19,16.105533599853516
2008-11-20,15.750714302062988
2008-11-21,19.930706024169922
2008-11-24,21.315383911132812
2008-11-25,22.232730865478516
2008-11-26,22.596208572387695
2008-11-28,22.994304656982422
2008-12-01,19.47203254699707
2008-12-02,21.367305755615234
2008-12-03,20.82208824157715
2008-12-04,20.268220901489258
2008-12-05,20.103788375854492
2008-12-08,21.860599517822266
2008-12-09,21.99041175842285
2008-12-10,24.34436798095703
2008-12-11,24.249170303344727
2008-12-12,24.811689376831055
2008-12-15,26.2569522857666
2008-12-16,27.9877986907959
2008-12-17,27.788747787475586
2008-12-18,25.824241638183594
2008-12-19,26.464649200439453
2008-12-22,25.81558609008789
2008-12-23,26.603118896484375
2008-12-24,26.47330665588379
2008-12-26,27.90990447998047
2008-12-29,28.58493995666504
2008-12-30,28.558979034423828
2008-12-31,29.320554733276367
2009-01-02,28.835912704467773
2009-01-05,27.46854591369629
2009-01-06,28.221464157104492
2009-01-07,26.0059814453125
2009-01-08,27.51181411743164
2009-01-09,27.096406936645508
2009-01-12,25.054014205932617
2009-01-13,25.547306060791016
2009-01-14,24.404945373535156
2009-01-15,25.20978546142578
2009-01-16,26.767549514770508
2009-01-20,26.724279403686523
2009-01-21,27.39065170288086
2009-01-22,27.22622299194336
2009-01-23,29.54555892944336
2009-01-26,29.398441314697266
2009-01-27,28.965726852416992
2009-01-28,28.325313568115234
2009-01-29,29.770572662353516
2009-01-30,29.62344741821289
2009-02-02,28.472434997558594
2009-02-03,28.870527267456055
2009-02-04,29.476329803466797
2009-02-05,30.030197143554688
2009-02-06,30.653305053710938
2009-02-09,29.74460792541504
2009-02-10,29.424402236938477
2009-02-11,31.440845489501953
2009-02-12,31.57065773010254
2009-02-13,30.878311157226562
2009-02-17,32.02067184448242
2009-02-18,32.340885162353516
2009-02-19,30.843692779541016
2009-02-20,32.046630859375
2009-02-23,31.56200408935547
2009-02-24,28.991687774658203
2009-02-25,28.472434997558594
2009-02-26,28.991687774658203
2009-02-27,28.870527267456055
2009-03-02,26.906017303466797
2009-03-03,27.4166202545166
2009-03-04,27.174301147460938
2009-03-05,28.57628631591797
2009-03-06,28.455123901367188
2009-03-09,27.304113388061523
2009-03-10,25.6771183013916
2009-03-11,27.122371673583984
2009-03-12,28.282041549682617
2009-03-13,28.62821388244629
2009-03-16,28.17819595336914
2009-03-17,27.563743591308594
2009-03-18,30.35040855407715
2009-03-19,32.418766021728516
2009-03-20,32.49665451049805
2009-03-23,32.6351203918457
2009-03-24,31.899511337280273
2009-03-25,33.292850494384766
2009-03-26,33.37937927246094
2009-03-27,32.02067184448242
2009-03-30,31.501428604125977
2009-03-31,31.916820526123047
2009-04-01,33.40534591674805
2009-04-02,32.10721206665039
2009-04-03,30.177316665649414
2009-04-06,28.73206329345703
2009-04-07,28.931110382080078
2009-04-08,29.01765251159668
2009-04-09,28.59359359741211
2009-04-13,29.22535514831543
2009-04-14,29.156124114990234
2009-04-15,29.32920265197754
2009-04-16,27.93587303161621
2009-04-17,26.802169799804688
2009-04-20,27.857986450195312
2009-04-21,27.174301147460938
2009-04-22,27.34738540649414
2009-04-23,28.333969116210938
2009-04-24,29.986928939819336
2009-04-27,29.74460792541504
2009-04-28,28.654178619384766
2009-04-29,29.32920265197754
2009-04-30,28.481090545654297
2009-05-01,28.59359359741211
2009-05-04,30.315786361694336
2009-05-05,30.099428176879883
2009-05-06,31.899511337280273
2009-05-07,31.6312255859375
2009-05-08,32.418766021728516
2009-05-11,32.28895568847656
2009-05-12,33.71690368652344
2009-05-13,32.834171295166016
2009-05-14,32.92937088012695
2009-05-15,32.58320999145508
2009-05-18,32.44472885131836
2009-05-19,33.25822448730469
2009-05-20,35.02369689941406
2009-05-21,35.690067291259766
2009-05-22,36.39105987548828
2009-05-26,36.20932388305664
2009-05-27,35.67275619506836
2009-05-28,37.22187042236328
2009-05-29,38.217105865478516
2009-06-01,37.56804275512695
2009-06-02,38.55461120605469
2009-06-03,36.48625564575195
2009-06-04,37.65457534790039
2009-06-05,35.76795959472656
2009-06-08,35.74199295043945
2009-06-09,35.560245513916016
2009-06-10,35.30927658081055
2009-06-11,35.41313552856445
2009-06-12,34.21884536743164
2009-06-15,32.86013412475586
2009-06-16,33.206298828125
2009-06-17,33.08513641357422
2009-06-18,32.193756103515625
2009-06-19,33.223609924316406
2009-06-22,30.93024253845215
2009-06-23,32.30625915527344
2009-06-24,33.310157775878906
2009-06-25,34.60829162597656
2009-06-26,33.92460632324219
2009-06-29,33.8813362121582
2009-06-30,32.72166442871094
2009-07-01,34.10634231567383
2009-07-02,33.15437698364258
2009-07-06,31.96875
2009-07-07,31.596609115600586
2009-07-08,30.454254150390625
2009-07-09,30.55810546875
2009-07-10,30.410985946655273
2009-07-13,31.09467124938965
2009-07-14,31.812963485717773
2009-07-15,33.13706970214844
2009-07-16,33.171688079833984
2009-07-17,33.43996047973633
2009-07-20,34.81599426269531
2009-07-21,34.391929626464844
2009-07-22,34.41789245605469
2009-07-23,34.582313537597656
2009-07-24,34.530399322509766
2009-07-27,34.48712158203125
2009-07-28,33.188987731933594
2009-07-29,32.176448822021484
2009-07-30,33.024566650390625
2009-07-31,34.41789245605469
2009-08-03,35.283321380615234
2009-08-04,35.55160140991211
2009-08-05,35.43909454345703
2009-08-06,35.35254669189453
2009-08-07,34.59962463378906
2009-08-10,33.83805847167969
2009-08-11,33.25822448730469
2009-08-12,33.569786071777344
2009-08-13,34.513099670410156
2009-08-14,33.933250427246094
2009-08-17,32.280296325683594
2009-08-18,32.773597717285156
2009-08-19,33.09379959106445
2009-08-20,33.41400146484375
2009-08-21,34.01115036010742
2009-08-24,33.65631866455078
2009-08-25,33.95922088623047
2009-08-26,33.59574890136719
2009-08-27,34.244808197021484
2009-08-28,34.7727165222168
2009-08-31,34.19289016723633
2009-09-01,33.569786071777344
2009-09-02,36.7631950378418
2009-09-03,38.64116668701172
2009-09-04,38.961368560791016
2009-09-08,39.03925323486328
2009-09-09,38.18248748779297
2009-09-10,39.41139221191406
2009-09-11,39.88737106323242
2009-09-14,39.281578063964844
2009-09-15,40.54508972167969
2009-09-16,41.54033279418945
2009-09-17,41.349937438964844
2009-09-18,39.74024963378906
2009-09-21,39.07387161254883
2009-09-22,40.03449249267578
2009-09-23,38.80558395385742
2009-09-24,37.853633880615234
2009-09-25,37.2737922668457
2009-09-28,37.24782943725586
2009-09-29,38.47673797607422
2009-09-30,39.195030212402344
2009-10-01,37.265140533447266
2009-10-02,37.00551223754883
2009-10-05,38.56328582763672
2009-10-06,41.19416046142578
2009-10-07,41.453792572021484
2009-10-08,42.13747024536133
2009-10-09,41.79130935668945
2009-10-12,41.78265380859375
2009-10-13,42.57018280029297
2009-10-14,42.518272399902344
2009-10-15,41.67879104614258
2009-10-16,41.86919021606445
2009-10-19,41.99900817871094
2009-10-20,41.10762023925781
2009-10-21,41.01241683959961
2009-10-22,40.666255950927734
2009-10-23,40.4066276550293
2009-10-26,38.67578125
2009-10-27,38.485389709472656
2009-10-28,36.23527908325195
2009-10-29,37.905548095703125
2009-10-30,36.667991638183594
2009-11-02,37.10935974121094
2009-11-03,39.96525955200195
2009-11-04,40.268157958984375
2009-11-05,40.43259048461914
2009-11-06,41.21147155761719
2009-11-09,42.6480712890625
2009-11-10,42.97694396972656
2009-11-11,43.184635162353516
2009-11-12,41.92111587524414
2009-11-13,43.08078384399414
2009-11-16,44.43083953857422
2009-11-17,44.595272064208984
2009-11-18,44.12795639038086
2009-11-19,44.22314453125
2009-11-20,43.9808235168457
2009-11-23,44.72509765625
2009-11-24,44.52604293823242
2009-11-25,45.720333099365234
2009-11-27,43.9808235168457
2009-11-30,44.23179626464844
2009-12-01,46.45592498779297
2009-12-02,47.407901763916016
2009-12-03,46.32612609863281
2009-12-04,43.868316650390625
2009-12-07,43.0634765625
2009-12-08,41.32398223876953
2009-12-09,42.22401428222656
2009-12-10,42.18075180053711
2009-12-11,41.38455581665039
2009-12-14,41.94707489013672
2009-12-15,41.090309143066406
2009-12-16,41.72207260131836
2009-12-17,39.11714172363281
2009-12-18,40.06045913696289
2009-12-21,39.29887771606445
2009-12-22,39.38542175292969
2009-12-23,40.71363067626953
2009-12-24,40.739646911621094
2009-12-28,40.66157913208008
2009-12-29,40.27986145019531
2009-12-30,39.794036865234375
2009-12-31,40.08899688720703
2010-01-04,41.39031219482422
2010-01-05,41.789371490478516
2010-01-06,42.80440902709961
2010-01-07,42.59618377685547
2010-01-08,43.23817443847656
2010-01-11,43.52445602416992
2010-01-12,41.945533752441406
2010-01-13,42.38798904418945
2010-01-14,42.16242218017578
2010-01-15,41.13872528076172
2010-01-19,41.372955322265625
2010-01-20,39.672584533691406
2010-01-21,37.95485305786133
2010-01-22,37.989559173583984
2010-01-25,37.46903610229492
2010-01-26,37.4169807434082
2010-01-27,37.10466384887695
2010-01-28,36.584144592285156
2010-01-29,35.326210021972656
2010-02-01,37.25215148925781
2010-02-02,37.30419921875
2010-02-03,36.9311637878418
2010-02-04,34.909793853759766
2010-02-05,36.792354583740234
2010-02-08,35.37826156616211
2010-02-09,36.9311637878418
2010-02-10,36.740299224853516
2010-02-11,38.163063049316406
2010-02-12,38.119686126708984
2010-02-16,38.96120071411133
2010-02-17,38.78768539428711
2010-02-18,39.091331481933594
2010-02-19,38.666236877441406
2010-02-22,38.249820709228516
2010-02-23,36.87042236328125
2010-02-24,36.653541564941406
2010-02-25,37.6945915222168
2010-02-26,38.07631301879883
2010-03-01,38.72695541381836
2010-03-02,39.481719970703125
2010-03-03,40.21913528442383
2010-03-04,39.542457580566406
2010-03-05,40.27986145019531
2010-03-08,39.863433837890625
2010-03-09,39.542457580566406
2010-03-10,39.00457763671875
2010-03-11,39.31689453125
2010-03-12,39.030609130859375
2010-03-15,38.98722457885742
2010-03-16,40.010921478271484
2010-03-17,40.14105224609375
2010-03-18,39.880794525146484
2010-03-19,39.3082160949707
2010-03-22,39.16073226928711
2010-03-23,39.28218460083008
2010-03-24,37.737972259521484
2010-03-25,37.22611999511719
2010-03-26,37.9201545715332
2010-03-29,38.45802688598633
2010-03-30,38.05027770996094
2010-03-31,38.52743148803711
2010-04-01,40.25383377075195
2010-04-05,40.68760299682617
2010-04-06,40.609527587890625
2010-04-07,41.79805374145508
2010-04-08,41.80672836303711
2010-04-09,42.23182678222656
2010-04-12,41.76334762573242
2010-04-13,41.425018310546875
2010-04-14,41.719970703125
2010-04-15,41.26885223388672
2010-04-16,40.47071838378906
2010-04-19,40.418663024902344
2010-04-20,40.305885314941406
2010-04-21,40.75699996948242
2010-04-22,41.086666107177734
2010-04-23,41.82408142089844
2010-04-26,41.754676818847656
2010-04-27,41.88480758666992
2010-04-28,43.11671829223633
2010-04-29,43.64591598510742
2010-04-30,43.819419860839844
2010-05-03,43.27287673950195
2010-05-04,43.08201599121094
2010-05-05,42.717647552490234
2010-05-06,43.324920654296875
2010-05-07,42.622222900390625
2010-05-10,43.49842834472656
2010-05-11,46.500118255615234
2010-05-12,46.352638244628906
2010-05-13,45.68463134765625
2010-05-14,46.10972213745117
2010-05-17,44.999271392822266
2010-05-18,44.66960906982422
2010-05-19,42.89982604980469
2010-05-20,40.81772232055664
2010-05-21,40.95653533935547
2010-05-24,41.32958221435547
2010-05-25,42.4573860168457
2010-05-26,42.50075912475586
2010-05-27,43.53313064575195
2010-05-28,43.25552749633789
2010-06-01,43.2121467590332
2010-06-02,43.95822525024414
2010-06-03,43.22949981689453
2010-06-04,42.344600677490234
2010-06-07,43.541805267333984
2010-06-08,44.00160217285156
2010-06-09,43.55048370361328
2010-06-10,43.94955062866211
2010-06-11,44.06233215332031
2010-06-14,43.29022216796875
2010-06-15,44.391990661621094
2010-06-16,44.81709289550781
2010-06-17,45.94489288330078
2010-06-18,46.89917755126953
2010-06-21,45.563175201416016
2010-06-22,45.23351287841797
2010-06-23,45.5024528503418
2010-06-24,45.268211364746094
2010-06-25,46.74302291870117
2010-06-28,46.32660675048828
2010-06-29,45.09469985961914
2010-06-30,45.077354431152344
2010-07-01,43.04730987548828
2010-07-02,43.012611389160156
2010-07-06,42.431358337402344
2010-07-07,43.36830520629883
2010-07-08,42.83909606933594
2010-07-09,43.79339599609375
2010-07-12,43.507118225097656
2010-07-13,43.71531295776367
2010-07-14,43.602535247802734
2010-07-15,43.52445602416992
2010-07-16,42.11037063598633
2010-07-19,41.234153747558594
2010-07-20,42.119049072265625
2010-07-21,41.79805374145508
2010-07-22,42.64824295043945
2010-07-23,42.691612243652344
2010-07-26,42.413997650146484
2010-07-27,40.85244369506836
2010-07-28,41.112693786621094
2010-07-29,41.364280700683594
2010-07-30,41.832759857177734
2010-08-02,41.685272216796875
2010-08-03,41.91950607299805
2010-08-04,43.04730987548828
2010-08-05,43.108036041259766
2010-08-06,43.52445602416992
2010-08-09,43.541805267333984
2010-08-10,43.69796371459961
2010-08-11,42.57884216308594
2010-08-12,43.64591598510742
2010-08-13,43.151424407958984
2010-08-16,43.9929313659668
2010-08-17,44.49610900878906
2010-08-18,45.22483444213867
2010-08-19,44.87781524658203
2010-08-20,44.4874267578125
2010-08-23,44.15776062011719
2010-08-24,43.63724136352539
2010-08-25,45.112060546875
2010-08-26,45.745357513427734
2010-08-27,46.27456283569336
2010-08-30,46.08370590209961
2010-08-31,46.508792877197266
2010-09-01,45.849464416503906
2010-09-02,46.474090576171875
2010-09-03,46.57819747924805
2010-09-07,46.80376434326172
2010-09-08,46.56084442138672
2010-09-09,45.67595672607422
2010-09-10,46.01429748535156
2010-09-13,45.979591369628906
2010-09-14,47.610572814941406
2010-09-15,47.36765670776367
2010-09-16,48.0269889831543
2010-09-17,47.52381134033203
2010-09-20,48.00962829589844
2010-09-21,48.295921325683594
2010-09-22,48.903202056884766
2010-09-23,48.374000549316406
2010-09-24,48.295921325683594
2010-09-27,48.00962829589844
2010-09-28,49.154788970947266
2010-09-29,49.02465057373047
2010-09-30,48.521484375
2010-10-01,49.10273742675781
2010-10-04,48.191810607910156
2010-10-05,49.67530822753906
2010-10-06,50.42139434814453
2010-10-07,49.085384368896484
2010-10-08,49.71001052856445
2010-10-11,49.80544662475586
2010-10-12,49.597232818603516
2010-10-13,50.82914733886719
2010-10-14,50.482120513916016
2010-10-15,49.80544662475586
2010-10-18,49.57120132446289
2010-10-19,47.30693054199219
2010-10-20,48.113739013671875
2010-10-21,47.09003829956055
2010-10-22,47.61924362182617
2010-10-25,48.35664749145508
2010-10-26,48.4000244140625
2010-10-27,47.43706512451172
2010-10-28,48.89452362060547
2010-10-29,49.71001052856445
2010-11-01,49.6492805480957
2010-11-02,50.031002044677734
2010-11-03,49.6492805480957
2010-11-04,52.043697357177734
2010-11-05,52.13044738769531
2010-11-08,53.58790969848633
2010-11-09,51.766075134277344
2010-11-10,53.20619583129883
2010-11-11,53.59658432006836
2010-11-12,52.11309814453125
2010-11-15,51.59257507324219
2010-11-16,50.02232360839844
2010-11-17,50.351993560791016
2010-11-18,51.210853576660156
2010-11-19,51.42774200439453
2010-11-22,52.07839584350586
2010-11-23,51.72270202636719
2010-11-24,51.766075134277344
2010-11-26,50.846492767333984
2010-11-29,51.07205581665039
2010-11-30,51.61860275268555
2010-12-01,52.29527282714844
2010-12-02,53.07606506347656
2010-12-03,54.40340042114258
2010-12-06,55.34901428222656
2010-12-07,54.11711883544922
2010-12-08,53.09341049194336
2010-12-09,53.29295349121094
2010-12-10,53.49248504638672
2010-12-13,53.978309631347656
2010-12-14,53.90023422241211
2010-12-15,52.91123580932617
2010-12-16,52.199851989746094
2010-12-17,52.434085845947266
2010-12-20,52.54686737060547
2010-12-21,52.529518127441406
2010-12-22,51.91355895996094
2010-12-23,52.30746841430664
2010-12-27,52.00178146362305
2010-12-28,53.35552978515625
2010-12-29,53.54768753051758
2010-12-30,53.172122955322266
2010-12-31,53.68742370605469
2011-01-03,53.076053619384766
2011-01-04,51.5476188659668
2011-01-05,50.84890365600586
2011-01-06,49.556278228759766
2011-01-07,49.556278228759766
2011-01-10,49.687286376953125
2011-01-11,50.691688537597656
2011-01-12,50.569419860839844
2011-01-13,48.95363998413086
2011-01-14,47.9317741394043
2011-01-18,48.744022369384766
2011-01-19,48.447078704833984
2011-01-20,47.72214889526367
2011-01-21,47.110782623291016
2011-01-24,46.66535186767578
2011-01-25,46.39459991455078
2011-01-26,48.12391662597656
2011-01-27,46.927371978759766
2011-01-28,47.337867736816406
2011-01-31,47.093318939208984
2011-02-01,48.420867919921875
2011-02-02,48.062774658203125
2011-02-03,49.3641357421875
2011-02-04,49.00604248046875
2011-02-07,49.01477813720703
2011-02-08,50.08904266357422
2011-02-09,49.311729431152344
2011-02-10,48.84883499145508
2011-02-11,48.67416000366211
2011-02-14,49.311729431152344
2011-02-15,50.22878646850586
2011-02-16,50.4296760559082
2011-02-17,51.049781799316406
2011-02-18,51.51267623901367
2011-02-22,51.03231430053711
2011-02-23,52.06291580200195
2011-02-24,50.4296760559082
2011-02-25,51.48647689819336
2011-02-28,52.25505828857422
2011-03-01,53.10224914550781
2011-03-02,53.09351348876953
2011-03-03,52.28999710083008
2011-03-04,52.75290298461914
2011-03-07,52.35987091064453
2011-03-08,51.88823699951172
2011-03-09,51.47774124145508
2011-03-10,49.634883880615234
2011-03-11,50.49954605102539
2011-03-14,50.490814208984375
2011-03-15,49.329200744628906
2011-03-16,48.24619674682617
2011-03-17,48.66542434692383
2011-03-18,49.48640823364258
2011-03-21,50.674224853515625
2011-03-22,50.80522918701172
2011-03-23,52.64807891845703
2011-03-24,52.394805908203125
2011-03-25,51.98430633544922
2011-03-28,51.075984954833984
2011-03-29,51.12838363647461
2011-03-30,52.089115142822266
2011-03-31,52.490882873535156
2011-04-01,52.20266342163086
2011-04-04,52.1851921081543
2011-04-05,54.770423889160156
2011-04-06,54.82283401489258
2011-04-07,54.59575271606445
2011-04-08,55.85343933105469
2011-04-11,54.23766326904297
2011-04-12,53.37300491333008
2011-04-13,53.154659271240234
2011-04-14,53.835899353027344
2011-04-15,53.661216735839844
2011-04-18,53.12845993041992
2011-04-19,53.835899353027344
2011-04-20,54.23766326904297
2011-04-21,54.700565338134766
2011-04-25,53.48654556274414
2011-04-26,52.59568405151367
2011-04-27,53.8097038269043
2011-04-28,53.521480560302734
2011-04-29,54.325008392333984
2011-05-02,52.50834655761719
2011-05-03,50.84890365600586
2011-05-04,50.95370864868164
2011-05-05,49.00604248046875
2011-05-06,48.98857879638672
2011-05-09,49.966773986816406
2011-05-10,49.57374954223633
2011-05-11,47.95798110961914
2011-05-12,47.730899810791016
2011-05-13,47.346595764160156
2011-05-16,47.57368469238281
2011-05-17,48.045310974121094
2011-05-18,48.377201080322266
2011-05-19,48.56061553955078
2011-05-20,48.70035171508789
2011-05-23,48.33352279663086
2011-05-24,49.44274139404297
2011-05-25,49.85323715209961
2011-05-26,49.87070083618164
2011-05-27,50.58687973022461
2011-05-31,50.787757873535156
2011-06-01,49.84449005126953
2011-06-02,49.44274139404297
2011-06-03,49.33793640136719
2011-06-06,47.879371643066406
2011-06-07,47.748355865478516
2011-06-08,46.66535186767578
2011-06-09,47.48633575439453
2011-06-10,46.6391487121582
2011-06-13,45.87056350708008
2011-06-14,46.63042068481445
2011-06-15,46.34219741821289
2011-06-16,45.2242546081543
2011-06-17,45.39019775390625
2011-06-20,45.63475036621094
2011-06-21,47.17192459106445
2011-06-22,47.7396240234375
2011-06-23,47.17192459106445
2011-06-24,45.922969818115234
2011-06-27,45.87056350708008
2011-06-28,46.429534912109375
2011-06-29,47.48633575439453
2011-06-30,47.67848587036133
2011-07-01,46.93610382080078
2011-07-05,48.40340042114258
2011-07-06,49.02350616455078
2011-07-07,49.12832260131836
2011-07-08,49.16325759887695
2011-07-11,48.57808303833008
2011-07-12,50.10651397705078
2011-07-13,51.765960693359375
2011-07-14,51.3380012512207
2011-07-15,52.15898895263672
2011-07-18,52.91010665893555
2011-07-19,52.124053955078125
2011-07-20,52.7092170715332
2011-07-21,52.44720458984375
2011-07-22,53.06731414794922
2011-07-25,52.64807891845703
2011-07-26,52.65682601928711
2011-07-27,51.075984954833984
2011-07-28,50.77029800415039
2011-07-29,49.687286376953125
2011-08-01,50.09778594970703
2011-08-02,51.049781799316406
2011-08-03,51.7048225402832
2011-08-04,48.82262420654297
2011-08-05,48.40340042114258
2011-08-08,48.420867919921875
2011-08-09,50.394737243652344
2011-08-10,51.79216384887695
2011-08-11,52.272525787353516
2011-08-12,51.7222900390625
2011-08-15,53.18959426879883
2011-08-16,52.64807891845703
2011-08-17,53.04985427856445
2011-08-18,52.19392013549805
2011-08-19,53.50401306152344
2011-08-22,55.635093688964844
2011-08-23,53.70489501953125
2011-08-24,52.36860656738281
2011-08-25,53.33806610107422
2011-08-26,54.569549560546875
2011-08-29,54.106651306152344
2011-08-30,55.023719787597656
2011-08-31,54.849037170410156
2011-09-01,55.35560607910156
2011-09-02,56.69190216064453
2011-09-06,57.067447662353516
2011-09-07,57.14606857299805
2011-09-08,58.194129943847656
2011-09-09,57.46921157836914
2011-09-12,55.80976867675781
2011-09-13,56.23773193359375
2011-09-14,55.17219161987305
2011-09-15,54.849037170410156
2011-09-16,55.99317932128906
2011-09-19,55.44295120239258
2011-09-20,57.32073974609375
2011-09-21,56.14165496826172
2011-09-22,51.79216384887695
2011-09-23,49.268062591552734
2011-09-26,50.0803108215332
2011-09-27,49.84449005126953
2011-09-28,47.63481903076172
2011-09-29,48.062774658203125
2011-09-30,48.20252227783203
2011-10-03,47.55622100830078
2011-10-04,45.85309982299805
2011-10-05,47.94050598144531
2011-10-06,49.145790100097656
2011-10-07,47.9317741394043
2011-10-10,49.64363098144531
2011-10-11,49.70475387573242
2011-10-12,50.12398147583008
2011-10-13,49.154518127441406
2011-10-14,50.62181854248047
2011-10-17,49.42527389526367
2011-10-18,49.75716018676758
2011-10-19,46.770164489746094
2011-10-20,46.40333557128906
2011-10-21,47.14570999145508
2011-10-24,48.93617630004883
2011-10-25,50.176387786865234
2011-10-26,50.63056182861328
2011-10-27,51.62621307373047
2011-10-28,52.82276153564453
2011-10-31,51.381675720214844
2011-11-01,51.10218048095703
2011-11-02,52.36860656738281
2011-11-03,54.001853942871094
2011-11-04,53.53895568847656
2011-11-07,55.28573226928711
2011-11-08,54.58701705932617
2011-11-09,53.00617218017578
2011-11-10,52.5520133972168
2011-11-11,54.42107391357422
2011-11-14,53.42540740966797
2011-11-15,53.56515121459961
2011-11-16,52.67428970336914
2011-11-17,50.54320526123047
2011-11-18,49.83576965332031
2011-11-21,49.084651947021484
2011-11-22,49.81829833984375
2011-11-23,48.464542388916016
2011-11-25,47.85316467285156
2011-11-28,49.084651947021484
2011-11-29,49.311729431152344
2011-11-30,52.76163101196289
2011-12-01,52.66556167602539
2011-12-02,50.875099182128906
2011-12-05,50.53447723388672
2011-12-06,51.5476188659668
2011-12-07,51.495201110839844
2011-12-08,50.010440826416016
2011-12-09,50.508270263671875
2011-12-12,48.735294342041016
2011-12-13,47.1981201171875
2011-12-14,45.74828338623047
2011-12-15,45.13692092895508
2011-12-16,46.01029968261719
2011-12-19,44.69148635864258
2011-12-20,46.28105926513672
2011-12-21,46.25485610961914
2011-12-22,45.7657585144043
2011-12-23,46.238746643066406
2011-12-27,45.43291473388672
2011-12-28,43.8475341796875
2011-12-29,44.84606170654297
2011-12-30,45.047515869140625
2012-01-03,47.12339401245117
2012-01-04,47.07085037231445
2012-01-05,47.210994720458984
2012-01-06,46.7292366027832
2012-01-09,46.99201583862305
2012-01-10,47.71025848388672
2012-01-11,47.570106506347656
2012-01-12,47.92922592163086
2012-01-13,47.34237289428711
2012-01-17,46.58034133911133
2012-01-18,46.632896423339844
2012-01-19,45.678157806396484
2012-01-20,45.70444107055664
2012-01-23,46.43144226074219
2012-01-24,45.38911819458008
2012-01-25,48.37593460083008
2012-01-26,48.84016036987305
2012-01-27,50.04890060424805
2012-01-30,49.45329666137695
2012-01-31,49.45329666137695
2012-02-01,49.5408821105957
2012-02-02,50.337955474853516
2012-02-03,49.43578338623047
2012-02-06,49.208045959472656
2012-02-07,48.945274353027344
2012-02-08,48.64746856689453
2012-02-09,48.39345169067383
2012-02-10,47.7277717590332
2012-02-13,47.56135177612305
2012-02-14,47.09711837768555
2012-02-15,46.913185119628906
2012-02-16,48.130680084228516
2012-02-17,47.429962158203125
2012-02-21,48.89271926879883
2012-02-22,49.777381896972656
2012-02-23,50.15401077270508
2012-02-24,49.45329666137695
2012-02-27,49.102935791015625
2012-02-28,50.21533203125
2012-02-29,48.524845123291016
2012-03-01,48.95403289794922
2012-03-02,47.99053955078125
2012-03-05,46.965736389160156
2012-03-06,45.95845031738281
2012-03-07,46.13363265991211
2012-03-08,46.70297622680664
2012-03-09,46.632896423339844
2012-03-12,45.87085723876953
2012-03-13,45.64312744140625
2012-03-14,43.90008544921875
2012-03-15,43.91761016845703
2012-03-16,43.73366928100586
2012-03-19,43.44461441040039
2012-03-20,43.67236328125
2012-03-21,43.58476257324219
2012-03-22,42.700103759765625
2012-03-23,43.58476257324219
2012-03-26,44.3468017578125
2012-03-27,43.716148376464844
2012-03-28,42.85776901245117
2012-03-29,42.97163772583008
2012-03-30,43.39207077026367
2012-04-02,44.13657760620117
2012-04-03,42.700103759765625
2012-04-04,40.91327667236328
2012-04-05,40.46656799316406
2012-04-09,40.71181106567383
2012-04-10,41.20231246948242
2012-04-11,40.720577239990234
2012-04-12,42.17456817626953
2012-04-13,41.6052360534668
2012-04-16,40.851959228515625
2012-04-17,41.26362991333008
2012-04-18,40.84320068359375
2012-04-19,40.825687408447266
2012-04-20,40.39649200439453
2012-04-23,39.450523376464844
2012-04-24,39.53811264038086
2012-04-25,40.54539489746094
2012-04-26,40.5103645324707
2012-04-27,40.99211120605469
2012-04-30,40.63297653198242
2012-05-01,40.67677307128906
2012-05-02,39.99357223510742
2012-05-03,38.434478759765625
2012-05-04,38.583377838134766
2012-05-07,38.25053024291992
2012-05-08,36.93669128417969
2012-05-09,37.681190490722656
2012-05-10,37.74251174926758
2012-05-11,37.155670166015625
2012-05-14,35.88561248779297
2012-05-15,34.457889556884766
2012-05-16,34.65058517456055
2012-05-17,36.20969009399414
2012-05-18,36.45493698120117
2012-05-21,37.672447204589844
2012-05-22,37.26076889038086
2012-05-23,38.924983978271484
2012-05-24,39.09139633178711
2012-05-25,39.33665466308594
2012-05-29,38.61841583251953
2012-05-30,38.74980163574219
2012-05-31,38.34688949584961
2012-06-01,40.79940414428711
2012-06-04,41.456336975097656
2012-06-05,41.63151550292969
2012-06-06,41.71034240722656
2012-06-07,40.28261947631836
2012-06-08,40.58042907714844
2012-06-11,39.99357223510742
2012-06-12,40.957061767578125
2012-06-13,40.983341217041016
2012-06-14,41.10597229003906
2012-06-15,41.09720993041992
2012-06-18,41.80669403076172
2012-06-19,41.76289367675781
2012-06-20,41.40377426147461
2012-06-21,39.25782012939453
2012-06-22,39.047607421875
2012-06-25,39.555633544921875
2012-06-26,38.933738708496094
2012-06-27,38.78483581542969
2012-06-28,37.935211181640625
2012-06-29,39.21403503417969
2012-07-02,39.20527267456055
2012-07-03,40.685546875
2012-07-05,40.089927673339844
2012-07-06,38.91622543334961
2012-07-09,38.75856018066406
2012-07-10,37.5498161315918
2012-07-11,36.76150131225586
2012-07-12,36.53376770019531
2012-07-13,37.05930709838867
2012-07-16,36.92792510986328
2012-07-17,36.52501678466797
2012-07-18,36.01698684692383
2012-07-19,36.428672790527344
2012-07-20,36.542537689208984
2012-07-23,35.64911651611328
2012-07-24,35.66663360595703
2012-07-25,36.75274658203125
2012-07-26,37.51478576660156
2012-07-27,37.77755355834961
2012-07-30,38.29433822631836
2012-07-31,37.51478576660156
2012-08-01,37.00676345825195
2012-08-02,36.82282257080078
2012-08-03,37.541053771972656
2012-08-06,38.3030891418457
2012-08-07,38.74104690551758
2012-08-08,38.530826568603516
2012-08-09,39.03009796142578
2012-08-10,39.28409957885742
2012-08-13,38.74980163574219
2012-08-14,38.478267669677734
2012-08-15,38.67096710205078
2012-08-16,39.984825134277344
2012-08-17,39.71329879760742
2012-08-20,39.95853805541992
2012-08-21,40.624229431152344
2012-08-22,41.6052360534668
2012-08-23,41.53515625
2012-08-24,41.66654586791992
2012-08-27,41.07969284057617
2012-08-28,41.035892486572266
2012-08-29,40.63297653198242
2012-08-30,40.308902740478516
2012-08-31,41.99061965942383
2012-09-04,41.84172439575195
2012-09-05,41.98187255859375
2012-09-06,43.032958984375
2012-09-07,44.197898864746094
2012-09-10,43.33951187133789
2012-09-11,43.628562927246094
2012-09-12,43.803741455078125
2012-09-13,46.00224685668945
2012-09-14,47.17595672607422
2012-09-17,47.20222091674805
2012-09-18,47.5788688659668
2012-09-19,47.99053955078125
2012-09-20,47.6139030456543
2012-09-21,48.008056640625
2012-09-24,46.38764572143555
2012-09-25,45.69568634033203
2012-09-26,45.89714431762695
2012-09-27,47.20222091674805
2012-09-28,47.02705764770508
2012-10-01,47.23727035522461
2012-10-02,46.93946075439453
2012-10-03,46.17742919921875
2012-10-04,47.51755905151367
2012-10-05,46.99201583862305
2012-10-08,46.62413787841797
2012-10-09,45.61686325073242
2012-10-10,45.967220306396484
2012-10-11,45.975975036621094
2012-10-12,45.24897384643555
2012-10-15,45.23145294189453
2012-10-16,46.13363265991211
2012-10-17,46.51903533935547
2012-10-18,45.1263542175293
2012-10-19,45.3102912902832
2012-10-22,45.92341995239258
2012-10-23,44.63584899902344
2012-10-24,43.8475341796875
2012-10-25,45.18766403198242
2012-10-26,44.88109588623047
2012-10-31,46.3350944519043
2012-11-01,45.5555419921875
2012-11-02,43.58476257324219
2012-11-05,43.26068115234375
2012-11-06,44.0927848815918
2012-11-07,44.73219680786133
2012-11-08,45.029998779296875
2012-11-09,44.381832122802734
2012-11-12,43.83002471923828
2012-11-13,43.33951187133789
2012-11-14,41.3599853515625
2012-11-15,40.265113830566406
2012-11-16,40.703060150146484
2012-11-19,41.84172439575195
2012-11-20,41.482601165771484
2012-11-21,42.11326217651367
2012-11-23,42.69135284423828
2012-11-26,42.700103759765625
2012-11-27,41.5701904296875
2012-11-28,41.955596923828125
2012-11-29,42.07822036743164
2012-11-30,41.64903259277344
2012-12-03,40.71181106567383
2012-12-04,40.860721588134766
2012-12-05,39.7220458984375
2012-12-06,39.89722442626953
2012-12-07,40.230072021484375
2012-12-10,40.74685287475586
2012-12-11,40.53663635253906
2012-12-12,41.719093322753906
2012-12-13,40.58918762207031
2012-12-14,40.71181106567383
2012-12-17,40.73809051513672
2012-12-18,40.072410583496094
2012-12-19,39.730812072753906
2012-12-20,39.476802825927734
2012-12-21,39.573150634765625
2012-12-24,39.68995666503906
2012-12-26,39.955440521240234
2012-12-27,40.21208190917969
2012-12-28,39.76074981689453
2012-12-31,41.052772521972656
2013-01-02,41.68110275268555
2013-01-03,39.946598052978516
2013-01-04,40.11473846435547
2013-01-07,39.36252212524414
2013-01-08,39.51297378540039
2013-01-09,39.25634002685547
2013-01-10,40.185523986816406
2013-01-11,40.17668533325195
2013-01-14,40.02623748779297
2013-01-15,40.344818115234375
2013-01-16,40.008541107177734
2013-01-17,39.82270431518555
2013-01-18,39.920047760009766
2013-01-22,40.54836654663086
2013-01-23,39.43333435058594
2013-01-24,38.25634765625
2013-01-25,37.09705352783203
2013-01-28,36.707679748535156
2013-01-29,37.389095306396484
2013-01-30,37.13245391845703
2013-01-31,36.83156967163086
2013-02-01,37.362548828125
2013-02-04,37.4687385559082
2013-02-05,37.397945404052734
2013-02-06,37.645729064941406
2013-02-07,37.69881820678711
2013-02-08,37.45104217529297
2013-02-11,36.69883346557617
2013-02-12,37.09705352783203
2013-02-13,36.45989227294922
2013-02-14,36.60149002075195
2013-02-15,35.30061340332031
2013-02-19,34.8404426574707
2013-02-20,33.14134216308594
2013-02-21,33.734249114990234
2013-02-22,33.56611633300781
2013-02-25,34.13248062133789
2013-02-26,34.55725860595703
2013-02-27,33.858150482177734
2013-02-28,33.09709167480469
2013-03-01,32.840450286865234
2013-03-04,31.778520584106445
2013-03-05,31.796218872070312
2013-03-06,33.13248825073242
2013-03-07,32.6634635925293
2013-03-08,32.840450286865234
2013-03-11,32.70771789550781
2013-03-12,33.5218620300293
2013-03-13,32.62807083129883
2013-03-14,32.96435546875
2013-03-15,33.04399490356445
2013-03-18,33.16788101196289
2013-03-19,33.25638198852539
2013-03-20,33.14134216308594
2013-03-21,34.008583068847656
2013-03-22,33.7696533203125
2013-03-25,33.336029052734375
2013-03-26,33.07939529418945
2013-03-27,33.62805938720703
2013-03-28,33.49531936645508
2013-04-01,33.14134216308594
2013-04-02,31.751962661743164
2013-04-03,30.30950164794922
2013-04-04,31.16790771484375
2013-04-05,31.026309967041016
2013-04-08,30.663484573364258
2013-04-09,31.88471221923828
2013-04-10,30.663484573364258
2013-04-11,30.2475528717041
2013-04-12,28.5130558013916
2013-04-15,25.68121910095215
2013-04-16,25.504228591918945
2013-04-17,24.229902267456055
2013-04-18,24.9732608795166
2013-04-19,25.30068588256836
2013-04-22,25.63697052001953
2013-04-23,25.061756134033203
2013-04-24,26.75200843811035
2013-04-25,27.061738967895508
2013-04-26,26.07059669494629
2013-04-29,26.46881866455078
2013-04-30,26.867048263549805
2013-05-01,26.23873519897461
2013-05-02,26.221038818359375
2013-05-03,26.274131774902344
2013-05-06,26.309534072875977
2013-05-07,25.530776977539062
2013-05-08,26.93784523010254
2013-05-09,26.415727615356445
2013-05-10,26.380325317382812
2013-05-13,25.690067291259766
2013-05-14,25.406883239746094
2013-05-15,24.24759864807129
2013-05-16,24.318395614624023
2013-05-17,23.344951629638672
2013-05-20,24.7962703704834
2013-05-21,24.176801681518555
2013-05-22,24.486534118652344
2013-05-23,24.663524627685547
2013-05-24,24.33609390258789
2013-05-28,24.08831024169922
2013-05-29,25.221044540405273
2013-05-30,26.601564407348633
2013-05-31,26.10599136352539
2013-06-03,26.867048263549805
2013-06-04,26.406877517700195
2013-06-05,26.486522674560547
2013-06-06,26.813949584960938
2013-06-07,25.654664993286133
2013-06-10,25.7431640625
2013-06-11,24.893613815307617
2013-06-12,25.088300704956055
2013-06-13,25.33608627319336
2013-06-14,24.884765625
2013-06-17,24.946714401245117
2013-06-18,24.229902267456055
2013-06-19,23.45999526977539
2013-06-20,21.725492477416992
2013-06-21,22.035226821899414
2013-06-24,21.01753807067871
2013-06-25,20.937889099121094
2013-06-26,19.66356658935547
2013-06-27,20.167987823486328
2013-06-28,21.672395706176758
2013-07-01,22.026376724243164
2013-07-02,21.01753807067871
2013-07-03,21.3980655670166
2013-07-05,20.72550392150879
2013-07-08,20.265331268310547
2013-07-09,20.548511505126953
2013-07-10,20.521968841552734
2013-07-11,22.0971736907959
2013-07-12,21.566207885742188
2013-07-15,21.495410919189453
2013-07-16,22.698942184448242
2013-07-17,22.017528533935547
2013-07-18,21.929035186767578
2013-07-19,22.884777069091797
2013-07-22,24.283000946044922
2013-07-23,25.088300704956055
2013-07-24,23.849374771118164
2013-07-25,24.07946014404297
2013-07-26,24.406892776489258
2013-07-29,24.097156524658203
2013-07-30,23.946718215942383
2013-07-31,23.884769439697266
2013-08-01,23.15911293029785
2013-08-02,22.645841598510742
2013-08-05,22.504253387451172
2013-08-06,21.26532745361328
2013-08-07,21.1856746673584
2013-08-08,23.0086727142334
2013-08-09,23.424598693847656
2013-08-12,24.787416458129883
2013-08-13,24.06175994873047
2013-08-14,25.398035049438477
2013-08-15,26.928997039794922
2013-08-16,26.362632751464844
2013-08-19,25.867055892944336
2013-08-20,26.840497970581055
2013-08-21,25.601572036743164
2013-08-22,25.990951538085938
2013-08-23,26.6723575592041
2013-08-26,26.911298751831055
2013-08-27,25.752016067504883
2013-08-28,25.04405403137207
2013-08-29,25.256441116333008
2013-08-30,24.893613815307617
2013-09-03,25.132549285888672
2013-09-04,25.291841506958008
2013-09-05,24.36264419555664
2013-09-06,24.787416458129883
2013-09-09,24.468835830688477
2013-09-10,23.513092041015625
2013-09-11,23.707780838012695
2013-09-12,22.380355834960938
2013-09-13,22.681241989135742
2013-09-16,22.46885108947754
2013-09-17,22.94672393798828
2013-09-18,24.99980926513672
2013-09-19,24.212202072143555
2013-09-20,22.796287536621094
2013-09-23,22.27416229248047
2013-09-24,22.194515228271484
2013-09-25,22.583892822265625
2013-09-26,22.221067428588867
2013-09-27,22.27416229248047
2013-09-30,22.14142417907715
2013-10-01,21.601604461669922
2013-10-02,21.672395706176758
2013-10-03,21.468860626220703
2013-10-04,21.40691375732422
2013-10-07,21.76089096069336
2013-10-08,21.079483032226562
2013-10-09,21.167980194091797
2013-10-10,20.849395751953125
2013-10-11,20.398069381713867
2013-10-14,20.451171875
2013-10-15,21.026386260986328
2013-10-16,20.601612091064453
2013-10-17,21.68124771118164
2013-10-18,21.57505226135254
2013-10-21,22.061779022216797
2013-10-22,23.026369094848633
2013-10-23,22.28301239013672
2013-10-24,23.123716354370117
2013-10-25,23.29185676574707
2013-10-28,23.486541748046875
2013-10-29,22.81398582458496
2013-10-30,23.212209701538086
2013-10-31,22.212217330932617
2013-11-01,21.309568405151367
2013-11-04,21.955583572387695
2013-11-05,21.672395706176758
2013-11-06,21.937883377075195
2013-11-07,21.362668991088867
2013-11-08,21.486560821533203
2013-11-11,21.504261016845703
2013-11-12,21.044086456298828
2013-11-13,21.159128189086914
2013-11-14,21.725492477416992
2013-11-15,21.353816986083984
2013-11-18,20.946741104125977
2013-11-19,20.964441299438477
2013-11-20,20.221080780029297
2013-11-21,19.93790054321289
2013-11-22,19.690114974975586
2013-11-25,19.645862579345703
2013-11-26,19.167997360229492
2013-11-27,19.300735473632812
2013-11-29,19.71666717529297
2013-12-02,18.495433807373047
2013-12-03,18.203401565551758
2013-12-04,18.778615951538086
2013-12-05,18.291893005371094
2013-12-06,18.283044815063477
2013-12-09,18.7697696685791
2013-12-10,19.495424270629883
2013-12-11,18.752065658569336
2013-12-12,18.5927791595459
2013-12-13,18.6812744140625
2013-12-16,18.920207977294922
2013-12-17,18.752065658569336
2013-12-18,18.46003532409668
2013-12-19,18.14145278930664
2013-12-20,18.168004989624023
2013-12-23,18.21355438232422
2013-12-24,18.785242080688477
2013-12-26,18.80310821533203
2013-12-27,18.981760025024414
2013-12-30,18.436870574951172
2013-12-31,18.874570846557617
2014-01-02,19.678503036499023
2014-01-03,19.499849319458008
2014-01-06,19.589174270629883
2014-01-07,19.624908447265625
2014-01-08,19.303333282470703
2014-01-09,18.99962615966797
2014-01-10,19.6606388092041
2014-01-13,20.23232078552246
2014-01-14,19.741029739379883
2014-01-15,20.000076293945312
2014-01-16,20.205524444580078
2014-01-17,20.839738845825195
2014-01-21,21.170249938964844
2014-01-22,20.625356674194336
2014-01-23,21.188108444213867
2014-01-24,21.143447875976562
2014-01-27,20.446704864501953
2014-01-28,20.902271270751953
2014-01-29,21.44715690612793
2014-01-30,20.98265838623047
2014-01-31,20.973726272583008
2014-02-03,20.812942504882812
2014-02-04,21.071989059448242
2014-02-05,20.7325496673584
2014-02-06,20.71468734741211
2014-02-07,21.357830047607422
2014-02-10,22.06350326538086
2014-02-11,22.9121036529541
2014-02-12,22.126033782958984
2014-02-13,23.108617782592773
2014-02-14,23.537382125854492
2014-02-18,23.63564109802246
2014-02-19,22.894237518310547
2014-02-20,23.82322883605957
2014-02-21,23.698171615600586
2014-02-24,23.85002326965332
2014-02-25,23.519519805908203
2014-02-26,23.269407272338867
2014-02-27,23.19794464111328
2014-02-28,23.117551803588867
2014-03-03,23.492717742919922
2014-03-04,23.314069747924805
2014-03-05,23.671369552612305
2014-03-06,23.930416107177734
2014-03-07,23.385530471801758
2014-03-10,23.19794464111328
2014-03-11,23.340866088867188
2014-03-12,24.046541213989258
2014-03-13,24.680753707885742
2014-03-14,24.77008056640625
2014-03-17,23.939350128173828
2014-03-18,23.608844757080078
2014-03-19,22.724515914916992
2014-03-20,22.751312255859375
2014-03-21,22.795974731445312
2014-03-24,21.73299789428711
2014-03-25,21.866989135742188
2014-03-26,20.98265838623047
2014-03-27,21.277437210083008
2014-03-28,21.527549743652344
2014-03-31,21.089855194091797
2014-04-01,21.161314010620117
2014-04-02,21.72406768798828
2014-04-03,21.500749588012695
2014-04-04,21.67047119140625
2014-04-07,21.67047119140625
2014-04-08,22.22429084777832
2014-04-09,22.394012451171875
2014-04-10,21.9473819732666
2014-04-11,21.634740829467773
2014-04-14,21.90272331237793
2014-04-15,21.45608901977539
2014-04-16,21.259571075439453
2014-04-17,21.054119110107422
2014-04-21,21.000526428222656
2014-04-22,21.250642776489258
2014-04-23,21.67940330505371
2014-04-24,21.384626388549805
2014-04-25,21.84912109375
2014-04-28,21.42929458618164
2014-04-29,21.71513557434082
2014-04-30,21.536483764648438
2014-05-01,21.250642776489258
2014-05-02,21.72406768798828
2014-05-05,21.804460525512695
2014-05-06,21.688337326049805
2014-05-07,21.268505096435547
2014-05-08,21.232772827148438
2014-05-09,21.197040557861328
2014-05-12,21.37569236755371
2014-05-13,21.21491050720215
2014-05-14,21.44715690612793
2014-05-15,21.098787307739258
2014-05-16,20.920133590698242
2014-05-19,20.91120147705078
2014-05-20,20.893339157104492
2014-05-21,20.946931838989258
2014-05-22,20.893339157104492
2014-05-23,20.821874618530273
2014-05-27,20.017940521240234
2014-05-28,19.687435150146484
2014-05-29,19.866085052490234
2014-05-30,20.09833526611328
2014-06-02,19.910751342773438
2014-06-03,19.982210159301758
2014-06-04,19.901823043823242
2014-06-05,20.23232078552246
2014-06-06,20.223388671875
2014-06-09,20.142995834350586
2014-06-10,20.571762084960938
2014-06-11,20.91120147705078
2014-06-12,21.46502685546875
2014-06-13,21.536483764648438
2014-06-16,21.420358657836914
2014-06-17,21.5454158782959
2014-06-18,22.117101669311523
2014-06-19,23.30513572692871
2014-06-20,23.063953399658203
2014-06-23,23.465925216674805
2014-06-24,22.751312255859375
2014-06-25,23.01036262512207
2014-06-26,23.18008041381836
2014-06-27,23.206876754760742
2014-06-30,23.626710891723633
2014-07-01,23.439128875732422
2014-07-02,23.653507232666016
2014-07-03,23.671369552612305
2014-07-07,23.26047706604004
2014-07-08,23.63564109802246
2014-07-09,24.251991271972656
2014-07-10,23.769630432128906
2014-07-11,24.403841018676758
2014-07-14,23.760698318481445
2014-07-15,23.028226852416992
2014-07-16,23.474855422973633
2014-07-17,24.109066009521484
2014-07-18,24.064401626586914
2014-07-21,24.02867317199707
2014-07-22,23.75176429748535
2014-07-23,23.66244125366211
2014-07-24,23.296201705932617
2014-07-25,23.957216262817383
2014-07-28,24.109066009521484
2014-07-29,23.903621673583984
2014-07-30,23.644575119018555
2014-07-31,23.14434814453125
2014-08-01,23.40339469909668
2014-08-04,23.18008041381836
2014-08-05,23.314069747924805
2014-08-06,23.841093063354492
2014-08-07,23.903621673583984
2014-08-08,23.921483993530273
2014-08-11,24.091205596923828
2014-08-12,24.502099990844727
2014-08-13,24.475303649902344
2014-08-14,24.2341251373291
2014-08-15,23.957216262817383
2014-08-18,24.109066009521484
2014-08-19,23.841093063354492
2014-08-20,23.81429672241211
2014-08-21,23.28727149963379
2014-08-22,23.314069747924805
2014-08-25,22.885303497314453
2014-08-26,23.394460678100586
2014-08-27,23.322999954223633
2014-08-28,23.63564109802246
2014-08-29,23.841093063354492
2014-09-02,23.05501937866211
2014-09-03,23.028226852416992
2014-09-04,22.22429084777832
2014-09-05,22.394012451171875
2014-09-08,21.607942581176758
2014-09-09,21.93844985961914
2014-09-10,21.527549743652344
2014-09-11,21.67940330505371
2014-09-12,21.331029891967773
2014-09-15,21.357830047607422
2014-09-16,21.438222885131836
2014-09-17,20.929065704345703
2014-09-18,20.661087036132812
2014-09-19,20.24125862121582
2014-09-22,19.8124942779541
2014-09-23,20.134065628051758
2014-09-24,19.839284896850586
2014-09-25,19.964345932006836
2014-09-26,19.63383674621582
2014-09-29,19.428390502929688
2014-09-30,19.080020904541016
2014-10-01,19.11574935913086
2014-10-02,19.312265396118164
2014-10-03,18.42793846130371
2014-10-06,18.901369094848633
2014-10-07,18.2403564453125
2014-10-08,19.59811019897461
2014-10-09,18.9549617767334
2014-10-10,18.552997589111328
2014-10-13,18.865636825561523
2014-10-14,19.08895492553711
2014-10-15,19.16041374206543
2014-10-16,19.080020904541016
2014-10-17,18.481536865234375
2014-10-20,18.937095642089844
2014-10-21,18.84777069091797
2014-10-22,18.25821876525879
2014-10-23,18.36540985107422
2014-10-24,18.285015106201172
2014-10-27,17.96344566345215
2014-10-28,18.3386173248291
2014-10-29,17.54361343383789
2014-10-30,16.257322311401367
2014-10-31,15.372989654541016
2014-11-03,15.998275756835938
2014-11-04,15.372989654541016
2014-11-05,14.819171905517578
2014-11-06,15.372989654541016
2014-11-07,16.650352478027344
2014-11-10,15.587379455566406
2014-11-11,16.275182723999023
2014-11-12,16.29305076599121
2014-11-13,16.025070190429688
2014-11-14,16.989789962768555
2014-11-17,17.320297241210938
2014-11-18,18.133163452148438
2014-11-19,17.14164924621582
2014-11-20,17.60614013671875
2014-11-21,17.757993698120117
2014-11-24,17.498950958251953
2014-11-25,18.21355438232422
2014-11-26,17.954511642456055
2014-11-28,16.400243759155273
2014-12-01,17.61507225036621
2014-12-02,17.15058135986328
2014-12-03,17.195241928100586
2014-12-04,17.15058135986328
2014-12-05,16.748611450195312
2014-12-08,16.87367057800293
2014-12-09,17.65973663330078
2014-12-10,17.159513473510742
2014-12-11,16.971927642822266
2014-12-12,16.659282684326172
2014-12-15,15.489116668701172
2014-12-16,15.274734497070312
2014-12-17,16.060802459716797
2014-12-18,16.757545471191406
2014-12-19,16.552095413208008
2014-12-22,15.698820114135742
2014-12-23,15.554960250854492
2014-12-24,15.977548599243164
2014-12-26,16.4001407623291
2014-12-29,16.022506713867188
2014-12-30,16.588956832885742
2014-12-31,16.526020050048828
2015-01-02,17.029531478881836
2015-01-05,17.479103088378906
2015-01-06,18.405200958251953
2015-01-07,18.063533782958984
2015-01-08,17.79379653930664
2015-01-09,18.620996475219727
2015-01-12,19.322315216064453
2015-01-13,18.477134704589844
2015-01-14,18.261343002319336
2015-01-15,19.313325881958008
2015-01-16,19.924734115600586
2015-01-20,20.62605857849121
2015-01-21,20.266403198242188
2015-01-22,20.15850830078125
2015-01-23,19.547100067138672
2015-01-26,19.915742874145508
2015-01-27,20.572107315063477
2015-01-28,19.7539005279541
2015-01-29,19.4122314453125
2015-01-30,20.041622161865234
2015-02-02,20.18548011779785
2015-02-03,19.66398811340332
2015-02-04,20.023635864257812
2015-02-05,20.302370071411133
2015-02-06,19.178457260131836
2015-02-09,19.50214195251465
2015-02-10,19.133501052856445
2015-02-11,18.7558650970459
2015-02-12,19.016611099243164
2015-02-13,19.115514755249023
2015-02-17,18.495119094848633
2015-02-18,18.917709350585938
2015-02-19,18.468143463134766
2015-02-20,18.387222290039062
2015-02-23,18.468143463134766
2015-02-24,18.360246658325195
2015-02-25,18.69292640686035
2015-02-26,18.845773696899414
2015-02-27,19.133501052856445
2015-03-02,18.665950775146484
2015-03-03,18.32427978515625
2015-03-04,18.018577575683594
2015-03-05,18.054542541503906
2015-03-06,16.705846786499023
2015-03-09,16.10342788696289
2015-03-10,15.8876371383667
2015-03-11,16.364179611206055
2015-03-12,16.24729347229004
2015-03-13,16.24729347229004
2015-03-16,16.28325653076172
2015-03-17,16.121410369873047
2015-03-18,16.939620971679688
2015-03-19,16.822729110717773
2015-03-20,17.38019371032715
2015-03-23,17.757827758789062
2015-03-24,17.658926010131836
2015-03-25,17.40716552734375
2015-03-26,17.14641761779785
2015-03-27,16.939620971679688
2015-03-30,16.606945037841797
2015-03-31,16.4001407623291
2015-04-01,17.272296905517578
2015-04-02,17.07448959350586
2015-04-06,17.712875366210938
2015-04-07,17.254318237304688
2015-04-08,17.164400100708008
2015-04-09,17.0025577545166
2015-04-10,17.48809242248535
2015-04-13,17.3172550201416
2015-04-14,17.452125549316406
2015-04-15,17.964628219604492
2015-04-16,17.748838424682617
2015-04-17,17.73085594177246
2015-04-20,17.829757690429688
2015-04-21,17.955638885498047
2015-04-22,17.362213134765625
2015-04-23,17.784801483154297
2015-04-24,17.40716552734375
2015-04-27,17.76681900024414
2015-04-28,18.459152221679688
2015-04-29,18.62998390197754
2015-04-30,18.081514358520508
2015-05-01,18.225378036499023
2015-05-04,18.35125732421875
2015-05-05,18.180421829223633
2015-05-06,17.72186279296875
2015-05-07,17.829757690429688
2015-05-08,17.955638885498047
2015-05-11,18.000593185424805
2015-05-12,18.24336051940918
2015-05-13,18.683931350708008
2015-05-14,18.719898223876953
2015-05-15,18.62998390197754
2015-05-18,18.656959533691406
2015-05-19,17.982614517211914
2015-05-20,18.054542541503906
2015-05-21,17.928665161132812
2015-05-22,17.829757690429688
2015-05-26,17.308263778686523
2015-05-27,17.479103088378906
2015-05-28,17.62295913696289
2015-05-29,17.604976654052734
2015-06-01,17.52405548095703
2015-06-02,17.784801483154297
2015-06-03,17.452125549316406
2015-06-04,17.14641761779785
2015-06-05,16.930627822875977
2015-06-08,17.101463317871094
2015-06-09,16.885671615600586
2015-06-10,17.047517776489258
2015-06-11,16.84970474243164
2015-06-12,16.67887306213379
2015-06-15,16.71483612060547
2015-06-16,16.48106575012207
2015-06-17,16.95760154724121
2015-06-18,17.17339324951172
2015-06-19,16.759794235229492
2015-06-22,16.48106575012207
2015-06-23,16.526020050048828
2015-06-24,16.508039474487305
2015-06-25,16.337202072143555
2015-06-26,16.26527214050293
2015-06-29,16.094432830810547
2015-06-30,15.968560218811035
2015-07-01,15.53697395324707
2015-07-02,15.851670265197754
2015-07-06,16.049482345581055
2015-07-07,15.267236709594727
2015-07-08,15.159341812133789
2015-07-09,15.222281455993652
2015-07-10,15.060436248779297
2015-07-13,15.105393409729004
2015-07-14,15.006491661071777
2015-07-15,14.664819717407227
2015-07-16,14.520959854125977
2015-07-17,13.864594459533691
2015-07-20,12.372036933898926
2015-07-21,12.695724487304688
2015-07-22,12.659758567810059
2015-07-23,12.246158599853516
2015-07-24,12.659758567810059
2015-07-27,12.201201438903809
2015-07-28,12.309098243713379
2015-07-29,12.560853958129883
2015-07-30,12.102296829223633
2015-07-31,12.363045692443848
2015-08-03,11.931463241577148
2015-08-04,11.949444770812988
2015-08-05,11.76961898803711
2015-08-06,12.02137565612793
2015-08-07,12.04835033416748
2015-08-10,12.848576545715332
2015-08-11,13.055376052856445
2015-08-12,13.954505920410156
2015-08-13,13.1632719039917
2015-08-14,13.028401374816895
2015-08-17,13.522924423217773
2015-08-18,13.280158996582031
2015-08-19,13.66678524017334
2015-08-20,14.224244117736816
2015-08-21,13.837618827819824
2015-08-24,12.70471477508545
2015-08-25,12.291114807128906
2015-08-26,11.724660873413086
2015-08-27,12.39901065826416
2015-08-28,12.812609672546387
2015-08-31,12.686732292175293
2015-09-01,12.291114807128906
2015-09-02,12.255149841308594
2015-09-03,12.030366897583008
2015-09-04,12.039358139038086
2015-09-08,12.183219909667969
2015-09-09,11.805583953857422
2015-09-10,11.796594619750977
2015-09-11,11.877514839172363
2015-09-14,11.75163745880127
2015-09-15,11.787601470947266
2015-09-16,12.488924026489258
2015-09-17,12.83059310913086
2015-09-18,13.019411087036133
2015-09-21,12.5878267288208
2015-09-22,12.012385368347168
2015-09-23,11.92247200012207
2015-09-24,12.785636901855469
2015-09-25,12.569843292236328
2015-09-28,11.976417541503906
2015-09-29,12.057340621948242
2015-09-30,12.35405445098877
2015-10-01,12.057340621948242
2015-10-02,13.028401374816895
2015-10-05,13.594852447509766
2015-10-06,14.098367691040039
2015-10-07,14.035428047180176
2015-10-08,13.855600357055664
2015-10-09,14.619861602783203
2015-10-12,14.18828010559082
2015-10-13,14.26920223236084
2015-10-14,15.195306777954102
2015-10-15,15.186317443847656
2015-10-16,14.736748695373535
2015-10-19,14.116350173950195
2015-10-20,14.682802200317383
2015-10-21,14.251219749450684
2015-10-22,14.493985176086426
2015-10-23,14.8536376953125
2015-10-26,14.395079612731934
2015-10-27,14.422056198120117
2015-10-28,14.287187576293945
2015-10-29,13.594852447509766
2015-10-30,13.450993537902832
2015-11-02,13.504941940307617
2015-11-03,13.433009147644043
2015-11-04,13.14529037475586
2015-11-05,12.659758567810059
2015-11-06,12.102296829223633
2015-11-09,12.434975624084473
2015-11-10,12.111288070678711
2015-11-11,12.27313232421875
2015-11-12,12.111288070678711
2015-11-13,12.246158599853516
2015-11-16,12.35405445098877
2015-11-17,11.760627746582031
2015-11-18,12.1292724609375
2015-11-19,12.560853958129883
2015-11-20,12.04835033416748
2015-11-23,11.985410690307617
2015-11-24,12.44396686553955
2015-11-25,12.327080726623535
2015-11-27,12.093304634094238
2015-11-30,12.372036933898926
2015-12-01,12.731690406799316
2015-12-02,12.39901065826416
2015-12-03,12.659758567810059
2015-12-04,13.3341064453125
2015-12-07,12.767655372619629
2015-12-08,12.659758567810059
2015-12-09,12.83059310913086
2015-12-10,12.776646614074707
2015-12-11,12.929496765136719
2015-12-14,12.192211151123047
2015-12-15,12.255149841308594
2015-12-16,12.740679740905762
2015-12-17,11.994401931762695
2015-12-18,12.264142036437988
2015-12-21,12.478157043457031
2015-12-22,12.405610084533691
2015-12-23,12.66859245300293
2015-12-24,12.940646171569824
2015-12-28,12.505362510681152
2015-12-29,12.6504545211792
2015-12-30,12.387472152709961
2015-12-31,12.44188117980957
2016-01-04,12.777414321899414
2016-01-05,12.713934898376465
2016-01-06,12.92250919342041
2016-01-07,13.493819236755371
2016-01-08,13.16735553741455
2016-01-11,12.623250007629395
2016-01-12,12.34212875366211
2016-01-13,12.34212875366211
2016-01-14,11.906844139099121
2016-01-15,11.87057113647461
2016-01-19,11.308328628540039
2016-01-20,11.652929306030273
2016-01-21,11.7073392868042
2016-01-22,11.81615924835205
2016-01-25,12.133556365966797
2016-01-26,12.66859245300293
2016-01-27,12.877165794372559
2016-01-28,12.568840980529785
2016-01-29,12.886236190795898
2016-02-01,13.285245895385742
2016-02-02,12.967850685119629
2016-02-03,13.920035362243652
2016-02-04,14.645509719848633
2016-02-05,15.461665153503418
2016-02-08,15.842540740966797
2016-02-09,15.189616203308105
2016-02-10,15.543283462524414
2016-02-11,16.658702850341797
2016-02-12,17.084918975830078
2016-02-16,15.606762886047363
2016-02-17,16.159936904907227
2016-02-18,17.139328002929688
2016-02-19,16.667770385742188
2016-02-22,16.803796768188477
2016-02-23,17.15746307373047
2016-02-24,17.32976531982422
2016-02-25,17.583681106567383
2016-02-26,16.948890686035156
2016-02-29,17.574609756469727
2016-03-01,16.840068817138672
2016-03-02,17.27535057067871
2016-03-03,17.973621368408203
2016-03-04,17.87386703491211
2016-03-07,18.499595642089844
2016-03-08,17.610885620117188
2016-03-09,17.692502975463867
2016-03-10,18.481454849243164
2016-03-11,18.118717193603516
2016-03-14,17.338834762573242
2016-03-15,17.71063995361328
2016-03-16,18.916738510131836
2016-03-17,18.52679443359375
2016-03-18,18.690031051635742
2016-03-21,18.65375328063965
2016-03-22,18.66282081604004
2016-03-23,17.25721549987793
2016-03-24,17.647159576416016
2016-03-28,17.610885620117188
2016-03-29,18.626548767089844
2016-03-30,18.345428466796875
2016-03-31,18.109651565551758
2016-04-01,18.245677947998047
2016-04-04,17.71063995361328
2016-04-05,18.25473976135254
2016-04-06,18.27288055419922
2016-04-07,18.844194412231445
2016-04-08,19.442707061767578
2016-04-11,20.5853328704834
2016-04-12,20.74855613708496
2016-04-13,20.177249908447266
2016-04-14,19.587800979614258
2016-04-15,20.131908416748047
2016-04-18,20.113773345947266
2016-04-19,21.093158721923828
2016-04-20,20.71228790283203
2016-04-21,21.084096908569336
2016-04-22,20.485580444335938
2016-04-25,20.36768341064453
2016-04-26,20.84831428527832
2016-04-27,21.075023651123047
2016-04-28,22.018142700195312
2016-04-29,23.423748016357422
2016-05-02,23.024738311767578
2016-05-03,22.362743377685547
2016-05-04,21.229188919067383
2016-05-05,21.92745590209961
2016-05-06,22.788955688476562
2016-05-09,21.328941345214844
2016-05-10,22.1269588470459
2016-05-11,22.716411590576172
2016-05-12,22.262989044189453
2016-05-13,22.480632781982422
2016-05-16,22.888710021972656
2016-05-17,23.197038650512695
2016-05-18,21.365215301513672
2016-05-19,21.727949142456055
2016-05-20,21.8095645904541
2016-05-23,21.564720153808594
2016-05-24,20.376754760742188
2016-05-25,20.88458824157715
2016-05-26,20.812042236328125
2016-05-27,20.204458236694336
2016-05-31,20.47650718688965
2016-06-01,20.603466033935547
2016-06-02,20.648807525634766
2016-06-03,22.970325469970703
2016-06-06,23.079147338867188
2016-06-07,22.770822525024414
2016-06-08,23.51443099975586
2016-06-09,23.87717056274414
2016-06-10,23.541635513305664
2016-06-13,23.496295928955078
2016-06-14,22.979394912719727
2016-06-15,23.86809730529785
2016-06-16,23.115421295166016
2016-06-17,23.387475967407227
2016-06-20,23.251447677612305
2016-06-21,22.607589721679688
2016-06-22,23.124486923217773
2016-06-23,22.870574951171875
2016-06-24,24.25804328918457
2016-06-27,24.539161682128906
2016-06-28,24.12201690673828
2016-06-29,24.620779037475586
2016-06-30,25.128612518310547
2016-07-01,26.343778610229492
2016-07-05,26.878814697265625
2016-07-06,27.72218132019043
2016-07-07,26.851613998413086
2016-07-08,27.69497299194336
2016-07-11,27.749385833740234
2016-07-12,26.661174774169922
2016-07-13,27.540813446044922
2016-07-14,27.395715713500977
2016-07-15,27.08739471435547
2016-07-18,27.187145233154297
2016-07-19,26.906023025512695
2016-07-20,25.382526397705078
2016-07-21,26.1805477142334
2016-07-22,26.098934173583984
2016-07-25,25.14674949645996
2016-07-26,25.84501838684082
2016-07-27,27.02391242980957
2016-07-28,26.97857093811035
2016-07-29,27.740318298339844
2016-08-01,28.048646926879883
2016-08-02,28.402315139770508
2016-08-03,28.05771255493164
2016-08-04,28.320697784423828
2016-08-05,27.41385269165039
2016-08-08,27.658702850341797
2016-08-09,27.89448356628418
2016-08-10,28.384178161621094
2016-08-11,28.148401260375977
2016-08-12,28.1574649810791
2016-08-15,27.98516845703125
2016-08-16,27.939823150634766
2016-08-17,27.540813446044922
2016-08-18,27.885412216186523
2016-08-19,27.169010162353516
2016-08-22,26.715585708618164
2016-08-23,26.316574096679688
2016-08-24,24.457550048828125
2016-08-25,24.7658748626709
2016-08-26,24.647987365722656
2016-08-29,24.702396392822266
2016-08-30,23.487224578857422
2016-08-31,23.115421295166016
2016-09-01,23.958784103393555
2016-09-02,24.802148818969727
2016-09-06,26.00824737548828
2016-09-07,25.863157272338867
2016-09-08,25.3009090423584
2016-09-09,23.949716567993164
2016-09-12,24.521026611328125
2016-09-13,23.6323184967041
2016-09-14,23.58698081970215
2016-09-15,23.74114227294922
2016-09-16,23.541635513305664
2016-09-19,23.659526824951172
2016-09-20,23.6323184967041
2016-09-21,25.3009090423584
2016-09-22,25.15581703186035
2016-09-23,24.50288963317871
2016-09-26,24.285249710083008
2016-09-27,23.83182716369629
2016-09-28,24.40313720703125
2016-09-29,24.203632354736328
2016-09-30,23.967853546142578
2016-10-03,23.541635513305664
2016-10-04,21.22011947631836
2016-10-05,21.383350372314453
2016-10-06,20.71228790283203
2016-10-07,20.857383728027344
2016-10-10,21.00247573852539
2016-10-11,20.47650718688965
2016-10-12,20.920862197875977
2016-10-13,21.30173683166504
2016-10-14,20.84831428527832
2016-10-17,21.16571044921875
2016-10-18,21.945592880249023
2016-10-19,22.553180694580078
2016-10-20,22.498767852783203
2016-10-21,22.32646942138672
2016-10-24,21.845840454101562
2016-10-25,22.35367202758789
2016-10-26,21.88211441040039
2016-10-27,21.519376754760742
2016-10-28,21.5919246673584
2016-10-31,22.23578453063965
2016-11-01,22.788955688476562
2016-11-02,22.45342254638672
2016-11-03,22.943119049072266
2016-11-04,22.73455047607422
2016-11-07,21.836772918701172
2016-11-08,21.727949142456055
2016-11-09,22.299264907836914
2016-11-10,20.63067054748535
2016-11-11,18.971149444580078
2016-11-14,19.15251922607422
2016-11-15,19.968677520751953
2016-11-16,19.80544662475586
2016-11-17,19.315746307373047
2016-11-18,19.089038848876953
2016-11-21,19.47898292541504
2016-11-22,19.55152702331543
2016-11-23,18.59027862548828
2016-11-25,18.690031051635742
2016-11-28,19.40643310546875
2016-11-29,19.252269744873047
2016-11-30,18.88953399658203
2016-12-01,18.735370635986328
2016-12-02,19.37923240661621
2016-12-05,19.342954635620117
2016-12-06,19.225065231323242
2016-12-07,19.442707061767578
2016-12-08,19.460844039916992
2016-12-09,18.74444007873535
2016-12-12,18.816986083984375
2016-12-13,19.079973220825195
2016-12-14,18.037099838256836
2016-12-15,17.2209415435791
2016-12-16,17.30255889892578
2016-12-19,17.352581024169922
2016-12-20,17.398056030273438
2016-12-21,17.361675262451172
2016-12-22,17.34348487854004
2016-12-23,17.589040756225586
2016-12-27,18.071054458618164
2016-12-28,18.407554626464844
2016-12-29,19.780851364135742
2016-12-30,19.02599334716797
2017-01-03,19.78994369506836
2017-01-04,19.93545913696289
2017-01-05,21.09957504272461
2017-01-06,20.3629093170166
2017-01-09,20.426565170288086
2017-01-10,20.572084426879883
2017-01-11,20.5266056060791
2017-01-12,20.572084426879883
2017-01-13,20.681217193603516
2017-01-17,21.24509048461914
2017-01-18,20.926773071289062
2017-01-19,20.80854034423828
2017-01-20,21.02681541442871
2017-01-23,21.654346466064453
2017-01-24,21.67253303527832
2017-01-25,21.345130920410156
2017-01-26,20.799449920654297
2017-01-27,21.117759704589844
2017-01-30,21.05409812927246
2017-01-31,21.76348114013672
2017-02-01,21.690725326538086
2017-02-02,22.172740936279297
2017-02-03,22.281875610351562
2017-02-06,23.10039520263672
2017-02-07,23.000354766845703
2017-02-08,23.255001068115234
2017-02-09,22.654754638671875
2017-02-10,23.000354766845703
2017-02-13,22.69113540649414
2017-02-14,22.663854598999023
2017-02-15,22.672945022583008
2017-02-16,22.918500900268555
2017-02-17,22.545623779296875
2017-02-21,22.391014099121094
2017-02-22,22.127267837524414
2017-02-23,22.163644790649414
2017-02-24,21.94537353515625
2017-02-27,20.77216339111328
2017-02-28,20.78126335144043
2017-03-01,20.899492263793945
2017-03-02,19.94455337524414
2017-03-03,20.190107345581055
2017-03-06,19.68080711364746
2017-03-07,19.562580108642578
2017-03-08,19.417062759399414
2017-03-09,19.226076126098633
2017-03-10,19.76266098022461
2017-03-13,20.00821304321289
2017-03-14,19.407968521118164
2017-03-15,20.899492263793945
2017-03-16,20.7085018157959
2017-03-17,20.617557525634766
2017-03-20,20.817638397216797
2017-03-21,21.154138565063477
2017-03-22,21.145048141479492
2017-03-23,20.944965362548828
2017-03-24,20.84492301940918
2017-03-27,21.308748245239258
2017-03-28,20.744882583618164
2017-03-29,20.835824966430664
2017-03-30,20.508420944213867
2017-03-31,20.744882583618164
2017-04-03,21.09957504272461
2017-04-04,21.326936721801758
2017-04-05,21.35422134399414
2017-04-06,21.381507873535156
2017-04-07,21.372411727905273
2017-04-10,21.50882911682129
2017-04-11,22.154552459716797
2017-04-12,22.345539093017578
2017-04-13,22.318254470825195
2017-04-17,22.25459098815918
2017-04-18,22.07269859313965
2017-04-19,21.272369384765625
2017-04-20,21.44516944885254
2017-04-21,21.472454071044922
2017-04-24,21.09957504272461
2017-04-25,20.208295822143555
2017-04-26,20.24467658996582
2017-04-27,19.835416793823242
2017-04-28,20.217391967773438
2017-05-01,19.72627830505371
2017-05-02,19.771753311157227
2017-05-03,19.562580108642578
2017-05-04,19.189695358276367
2017-05-05,19.598957061767578
2017-05-08,19.589859008789062
2017-05-09,19.571674346923828
2017-05-10,19.94455337524414
2017-05-11,20.344717025756836
2017-05-12,20.663028717041016
2017-05-15,20.73578643798828
2017-05-16,20.88129997253418
2017-05-17,21.254180908203125
2017-05-18,20.599367141723633
2017-05-19,20.79035758972168
2017-05-22,21.063196182250977
2017-05-23,20.590272903442383
2017-05-24,20.89039421081543
2017-05-25,20.653934478759766
2017-05-26,20.863113403320312
2017-05-30,20.5448055267334
2017-05-31,20.635744094848633
2017-06-01,20.55389404296875
2017-06-02,20.69940757751465
2017-06-05,20.681217193603516
2017-06-06,21.645252227783203
2017-06-07,21.50882911682129
2017-06-08,21.117759704589844
2017-06-09,20.763071060180664
2017-06-12,20.681217193603516
2017-06-13,20.89039421081543
2017-06-14,20.208295822143555
2017-06-15,20.099159240722656
2017-06-16,20.06278419494629
2017-06-19,19.94455337524414
2017-06-20,19.82632064819336
2017-06-21,20.10825538635254
2017-06-22,20.33562469482422
2017-06-23,20.681217193603516
2017-06-26,20.51751708984375
2017-06-27,20.24467658996582
2017-06-28,20.39928436279297
2017-06-29,19.962743759155273
2017-06-30,20.080974578857422
2017-07-03,19.535295486450195
2017-07-05,19.78994369506836
2017-07-06,19.54438591003418
2017-07-07,19.289737701416016
2017-07-10,19.562580108642578
2017-07-11,19.68080711364746
2017-07-12,19.771753311157227
2017-07-13,19.553483963012695
2017-07-14,19.82632064819336
2017-07-17,19.990028381347656
2017-07-18,20.135541915893555
2017-07-19,20.171918869018555
2017-07-20,20.299243927001953
2017-07-21,20.38109588623047
2017-07-24,20.053688049316406
2017-07-25,20.253768920898438
2017-07-26,20.77216339111328
2017-07-27,20.5266056060791
2017-07-28,20.835824966430664
2017-07-31,20.79035758972168
2017-08-01,20.763071060180664
2017-08-02,20.7085018157959
2017-08-03,20.64484405517578
2017-08-04,20.299243927001953
2017-08-07,20.190107345581055
2017-08-08,20.23558235168457
2017-08-09,20.55389404296875
2017-08-10,20.990436553955078
2017-08-11,21.05409812927246
2017-08-14,20.763071060180664
2017-08-15,20.51751708984375
2017-08-16,20.990436553955078
2017-08-17,20.944965362548828
2017-08-18,20.85401725769043
2017-08-21,21.199613571166992
2017-08-22,20.999534606933594
2017-08-23,21.154138565063477
2017-08-24,21.235992431640625
2017-08-25,21.290557861328125
2017-08-28,22.0636043548584
2017-08-29,22.20911979675293
2017-08-30,21.972660064697266
2017-08-31,22.48196029663086
2017-09-01,22.536527633666992
2017-09-05,23.01854133605957
2017-09-06,22.663854598999023
2017-09-07,23.1822452545166
2017-09-08,22.954879760742188
2017-09-11,22.33644676208496
2017-09-12,22.436487197875977
2017-09-13,22.027223587036133
2017-09-14,22.163644790649414
2017-09-15,21.94537353515625
2017-09-18,21.581588745117188
2017-09-19,21.690725326538086
2017-09-20,21.372411727905273
2017-09-21,21.108667373657227
2017-09-22,21.345130920410156
2017-09-25,21.67253303527832
2017-09-26,21.235992431640625
2017-09-27,20.90858268737793
2017-09-28,21.063196182250977
2017-09-29,20.88129997253418
2017-10-02,20.963153839111328
2017-10-03,21.172330856323242
2017-10-04,21.29965591430664
2017-10-05,21.117759704589844
2017-10-06,21.454265594482422
2017-10-09,21.59068489074707
2017-10-10,21.436073303222656
2017-10-11,21.645252227783203
2017-10-12,21.572490692138672
2017-10-13,21.68163299560547
2017-10-16,21.33603286743164
2017-10-17,21.29965591430664
2017-10-18,21.217803955078125
2017-10-19,21.317846298217773
2017-10-20,21.126855850219727
2017-10-23,21.04500389099121
2017-10-24,20.87220573425293
2017-10-25,20.763071060180664
2017-10-26,20.39928436279297
2017-10-27,20.5266056060791
2017-10-30,20.69940757751465
2017-10-31,20.444761276245117
2017-11-01,20.444761276245117
2017-11-02,20.53570556640625
2017-11-03,20.39928436279297
2017-11-06,20.835824966430664
2017-11-07,20.672122955322266
2017-11-08,20.817638397216797
2017-11-09,20.744882583618164
2017-11-10,20.481138229370117
2017-11-13,20.51751708984375
2017-11-14,20.5448055267334
2017-11-15,20.599367141723633
2017-11-16,20.55389404296875
2017-11-17,20.72669219970703
2017-11-20,20.49932861328125
2017-11-21,20.663028717041016
2017-11-22,20.84492301940918
2017-11-24,20.763071060180664
2017-11-27,20.963153839111328
2017-11-28,20.85401725769043
2017-11-29,20.462947845458984
2017-11-30,20.43566131591797
2017-12-01,20.453853607177734
2017-12-04,20.190107345581055
2017-12-05,19.980932235717773
2017-12-06,19.72627830505371
2017-12-07,19.626239776611328
2017-12-08,19.717187881469727
2017-12-11,19.562580108642578
2017-12-12,19.480728149414062
2017-12-13,20.153728485107422
2017-12-14,20.07187843322754
2017-12-15,19.999120712280273
2017-12-18,20.316333770751953
2017-12-19,20.288829803466797
2017-12-20,20.628047943115234
2017-12-21,20.74723243713379
2017-12-22,20.9856014251709
2017-12-26,21.26980972290039
2017-12-27,21.233139038085938
2017-12-28,21.26980972290039
2017-12-29,21.306482315063477
2018-01-02,21.838228225708008
2018-01-03,21.609024047851562
2018-01-04,21.746543884277344
2018-01-05,21.700706481933594
2018-01-08,21.471506118774414
2018-01-09,21.187297821044922
2018-01-10,21.31565284729004
2018-01-11,21.434831619262695
2018-01-12,22.012418746948242
2018-01-16,22.342466354370117
2018-01-17,21.948244094848633
2018-01-18,21.64569854736328
2018-01-19,21.682369232177734
2018-01-22,21.737377166748047
2018-01-23,22.094928741455078
2018-01-24,22.55333137512207
2018-01-25,22.122434616088867
2018-01-26,22.324132919311523
2018-01-29,21.70987319946289
2018-01-30,21.49901008605957
2018-01-31,21.774049758911133
2018-02-01,21.728212356567383
2018-02-02,21.003934860229492
2018-02-05,20.820573806762695
2018-02-06,20.270492553710938
2018-02-07,19.986284255981445
2018-02-08,19.876270294189453
2018-02-09,19.876270294189453
2018-02-12,20.142141342163086
2018-02-13,20.169645309448242
2018-02-14,21.09561538696289
2018-02-15,21.07727813720703
2018-02-16,20.63721466064453
2018-02-20,20.050464630126953
2018-02-21,19.97711944580078
2018-02-22,19.922109603881836
2018-02-23,20.142141342163086
2018-02-26,20.334672927856445
2018-02-27,19.702077865600586
2018-02-28,19.57372283935547
2018-03-01,19.775423049926758
2018-03-02,19.702077865600586
2018-03-05,19.848764419555664
2018-03-06,20.178813934326172
2018-03-07,19.775423049926758
2018-03-08,19.848764419555664
2018-03-09,19.775423049926758
2018-03-12,19.949613571166992
2018-03-13,19.867103576660156
2018-03-14,19.922109603881836
2018-03-15,19.665403366088867
2018-03-16,19.64706802368164
2018-03-19,19.720415115356445
2018-03-20,19.500383377075195
2018-03-21,20.04129409790039
2018-03-22,19.71124267578125
2018-03-23,20.2796630859375
2018-03-26,20.573041915893555
2018-03-27,20.160476684570312
2018-03-28,19.85793113708496
2018-03-29,20.15131187438965
2018-04-02,20.380510330200195
2018-04-03,20.08713150024414
2018-04-04,20.050464630126953
2018-04-05,20.142141342163086
2018-04-06,20.233823776245117
2018-04-09,20.15131187438965
2018-04-10,20.408016204833984
2018-04-11,20.857250213623047
2018-04-12,20.600542068481445
2018-04-13,20.9856014251709
2018-04-16,20.903087615966797
2018-04-17,21.02227210998535
2018-04-18,21.068113327026367
2018-04-19,21.141460418701172
2018-04-20,20.820573806762695
2018-04-23,20.545534133911133
2018-04-24,20.811410903930664
2018-04-25,20.628047943115234
2018-04-26,20.710561752319336
2018-04-27,20.838911056518555
2018-04-30,20.426353454589844
2018-05-01,20.453855514526367
2018-05-02,20.518028259277344
2018-05-03,20.765567779541016
2018-05-04,20.765567779541016
2018-05-07,20.765567779541016
2018-05-08,20.79306983947754
2018-05-09,20.74723243713379
2018-05-10,21.04060935974121
2018-05-11,20.976428985595703
2018-05-14,20.884754180908203
2018-05-15,20.408016204833984
2018-05-16,20.435522079467773
2018-05-17,20.343839645385742
2018-05-18,20.343839645385742
2018-05-21,20.47218894958496
2018-05-22,20.288829803466797
2018-05-23,20.481359481811523
2018-05-24,20.765567779541016
2018-05-25,20.453855514526367
2018-05-29,20.307165145874023
2018-05-30,20.573041915893555
2018-05-31,20.481359481811523
2018-06-01,20.453855514526367
2018-06-04,20.426353454589844
2018-06-05,20.573041915893555
2018-06-06,20.701391220092773
2018-06-07,20.58220863342285
2018-06-08,20.499696731567383
2018-06-11,20.673887252807617
2018-06-12,20.618877410888672
2018-06-13,20.60971450805664
2018-06-14,20.774734497070312
2018-06-15,20.380510330200195
2018-06-18,20.41718101501465
2018-06-19,20.215486526489258
2018-06-20,20.096302032470703
2018-06-21,20.08713150024414
2018-06-22,20.334672927856445
2018-06-25,20.178813934326172
2018-06-26,20.123807907104492
2018-06-27,19.995452880859375
2018-06-28,20.105472564697266
2018-06-29,20.453855514526367
2018-07-02,20.242990493774414
2018-07-03,20.600542068481445
2018-07-05,20.79306983947754
2018-07-06,20.72889518737793
2018-07-09,20.673887252807617
2018-07-10,20.7197265625
2018-07-11,20.169645309448242
2018-07-12,20.297998428344727
2018-07-13,20.132970809936523
2018-07-16,20.050464630126953
2018-07-17,20.059629440307617
2018-07-18,20.04129409790039
2018-07-19,19.78458595275879
2018-07-20,19.96795082092285
2018-07-23,19.555387496948242
2018-07-24,19.821264266967773
2018-07-25,19.986284255981445
2018-07-26,19.610395431518555
2018-07-27,19.546220779418945
2018-07-30,19.500383377075195
2018-07-31,19.509550094604492
2018-08-01,19.35369300842285
2018-08-02,19.197837829589844
2018-08-03,19.399534225463867
2018-08-06,19.161163330078125
2018-08-07,18.941133499145508
2018-08-08,19.032814025878906
2018-08-09,18.986970901489258
2018-08-10,18.84945297241211
2018-08-13,18.317705154418945
2018-08-14,18.12517738342285
2018-08-15,17.052518844604492
2018-08-16,16.649127960205078
2018-08-17,17.16253089904785
2018-08-20,17.226715087890625
2018-08-21,17.34589385986328
2018-08-22,17.47425079345703
2018-08-23,16.924161911010742
2018-08-24,17.373397827148438
2018-08-27,17.675947189331055
2018-08-28,17.34589385986328
2018-08-29,17.410070419311523
2018-08-30,17.13503074645996
2018-08-31,17.00667953491211
2018-09-04,16.520774841308594
2018-09-05,16.383255004882812
2018-09-06,16.35574722290039
2018-09-07,16.39242172241211
2018-09-10,16.144886016845703
2018-09-11,16.10821533203125
2018-09-12,16.603286743164062
2018-09-13,16.584949493408203
2018-09-14,16.484102249145508
2018-09-17,16.795818328857422
2018-09-18,16.896665573120117
2018-09-19,17.190040588378906
2018-09-20,17.35506820678711
2018-09-21,17.217546463012695
2018-09-24,17.235877990722656
2018-09-25,17.281719207763672
2018-09-26,16.887495040893555
2018-09-27,16.814149856567383
2018-09-28,16.979177474975586
2018-10-01,17.00667953491211
2018-10-02,17.465078353881836
2018-10-03,17.226715087890625
2018-10-04,17.190040588378906
2018-10-05,17.098360061645508
2018-10-08,17.153366088867188
2018-10-09,16.859989166259766
2018-10-10,17.08002281188965
2018-10-11,18.21685791015625
2018-10-12,18.106842041015625
2018-10-15,18.39105224609375
2018-10-16,18.326873779296875
2018-10-17,18.253528594970703
2018-10-18,18.336042404174805
2018-10-19,18.345211029052734
2018-10-22,18.207693099975586
2018-10-23,18.42772102355957
2018-10-24,18.21685791015625
2018-10-25,17.419239044189453
2018-10-26,17.47425079345703
2018-10-29,17.428409576416016
2018-10-30,17.556760787963867
2018-10-31,17.35506820678711
2018-11-01,17.941814422607422
2018-11-02,17.996824264526367
2018-11-05,17.932649612426758
2018-11-06,17.785964965820312
2018-11-07,17.703449249267578
2018-11-08,17.767621994018555
2018-11-09,17.455915451049805
2018-11-12,17.061683654785156
2018-11-13,16.887495040893555
2018-11-14,17.263381958007812
2018-11-15,17.501754760742188
2018-11-16,17.767621994018555
2018-11-19,17.776792526245117
2018-11-20,17.694278717041016
2018-11-21,18.16185188293457
2018-11-23,17.74928855895996
2018-11-26,17.657608032226562
2018-11-27,17.30005645751953
2018-11-28,17.7309513092041
2018-11-29,17.575098037719727
2018-11-30,17.501754760742188
2018-12-03,17.822635650634766
2018-12-04,17.969318389892578
2018-12-06,18.070165634155273
2018-12-07,18.519405364990234
2018-12-10,18.455223083496094
2018-12-11,18.345211029052734
2018-12-12,18.73943519592285
2018-12-13,18.776105880737305
2018-12-14,18.446060180664062
2018-12-17,18.895294189453125
2018-12-18,19.335355758666992
2018-12-19,18.290203094482422
2018-12-20,19.050565719604492
2018-12-21,18.838584899902344
2018-12-24,19.437660217285156
2018-12-26,19.004484176635742
2018-12-27,19.32706069946289
2018-12-28,18.98604965209961
2018-12-31,19.437660217285156
2019-01-02,19.400793075561523
2019-01-03,19.79710578918457
2019-01-04,19.631206512451172
2019-01-07,19.391576766967773
2019-01-08,19.400793075561523
2019-01-09,19.649639129638672
2019-01-10,19.35470962524414
2019-01-11,19.428443908691406
2019-01-14,19.290193557739258
2019-01-15,18.995269775390625
2019-01-16,18.98604965209961
2019-01-17,19.041349411010742
2019-01-18,18.71877098083496
2019-01-22,18.847803115844727
2019-01-23,18.884666442871094
2019-01-24,18.89388656616211
2019-01-25,19.52060890197754
2019-01-28,19.769454956054688
2019-01-29,20.248714447021484
2019-01-30,20.442262649536133
2019-01-31,20.912303924560547
2019-02-01,20.80170249938965
2019-02-04,20.72797203063965
2019-02-05,20.838573455810547
2019-02-06,20.4791259765625
2019-02-07,20.30401611328125
2019-02-08,20.5897274017334
2019-02-11,20.350095748901367
2019-02-12,20.322444915771484
2019-02-13,20.2026309967041
2019-02-14,20.4053955078125
2019-02-15,20.67267417907715
2019-02-19,21.327049255371094
2019-02-20,21.529815673828125
2019-02-21,21.179584503173828
2019-02-22,21.253318786621094
2019-02-25,20.986034393310547
2019-02-26,20.949169158935547
2019-02-27,20.598939895629883
2019-02-28,20.49755859375
2019-03-01,19.999868392944336
2019-03-04,20.13811492919922
2019-03-05,20.248714447021484
2019-03-06,19.833972930908203
2019-03-07,20.08281898498535
2019-03-08,20.61737823486328
2019-03-11,20.54364585876465
2019-03-12,20.903085708618164
2019-03-13,21.068986892700195
2019-03-14,20.506778717041016
2019-03-15,20.552858352661133
2019-03-18,20.322444915771484
2019-03-19,20.396177291870117
2019-03-20,20.857006072998047
2019-03-21,20.967605590820312
2019-03-22,20.995254516601562
2019-03-25,21.437644958496094
2019-03-26,21.52059555053711
2019-03-27,21.207231521606445
2019-03-28,20.65424156188965
2019-03-29,20.663455963134766
2019-04-01,20.23949432373047
2019-04-02,20.368528366088867
2019-04-03,20.34088134765625
2019-04-04,20.73719024658203
2019-04-05,20.67267417907715
2019-04-08,20.912303924560547
2019-04-09,21.03211784362793
2019-04-10,20.847789764404297
2019-04-11,20.506778717041016
2019-04-12,20.46990966796875
2019-04-15,20.4791259765625
2019-04-16,20.101247787475586
2019-04-17,19.96299934387207
2019-04-18,19.668073654174805
2019-04-22,19.336278915405273
2019-04-23,19.188812255859375
2019-04-24,19.373146057128906
2019-04-25,19.23489761352539
2019-04-26,19.631206512451172
2019-04-29,19.207246780395508
2019-04-30,19.253326416015625
2019-05-01,18.91231918334961
2019-05-02,18.589740753173828
2019-05-03,18.70033836364746
2019-05-06,18.70955467224121
2019-05-07,19.087430953979492
2019-05-08,18.875450134277344
2019-05-09,18.829368591308594
2019-05-10,18.691123962402344
2019-05-13,19.290193557739258
2019-05-14,19.207246780395508
2019-05-15,19.161163330078125
2019-05-16,18.94918441772461
2019-05-17,19.124300003051758
2019-05-20,19.05978012084961
2019-05-21,19.087430953979492
2019-05-22,18.764854431152344
2019-05-23,18.838584899902344
2019-05-24,18.958398818969727
2019-05-28,18.820154190063477
2019-05-29,18.820154190063477
2019-05-30,19.142730712890625
2019-05-31,19.898487091064453
2019-06-03,20.72797203063965
2019-06-04,20.82014274597168
2019-06-05,20.857006072998047
2019-06-06,21.078201293945312
2019-06-07,21.096635818481445
2019-06-10,20.700319290161133
2019-06-11,20.82014274597168
2019-06-12,21.161148071289062
2019-06-13,21.419214248657227
2019-06-14,21.50216293334961
2019-06-17,21.62197494506836
2019-06-18,21.81552505493164
2019-06-19,22.11966896057129
2019-06-20,23.087404251098633
2019-06-21,23.2348690032959
2019-06-24,24.119657516479492
2019-06-25,23.621963500976562
2019-06-26,23.52058219909668
2019-06-27,23.345470428466797
2019-06-28,23.557451248168945
2019-07-01,22.65422821044922
2019-07-02,23.54823112487793
2019-07-03,23.640396118164062
2019-07-05,23.400766372680664
2019-07-08,23.428417205810547
2019-07-09,23.640396118164062
2019-07-10,24.147306442260742
2019-07-11,23.907678604125977
2019-07-12,24.156522750854492
2019-07-15,24.12887191772461
2019-07-16,24.009057998657227
2019-07-17,24.96757698059082
2019-07-18,26.03669548034668
2019-07-19,25.78784942626953
2019-07-22,25.981395721435547
2019-07-23,25.68646812438965
2019-07-24,25.944528579711914
2019-07-25,25.280941009521484
2019-07-26,25.14269256591797
2019-07-29,25.594301223754883
2019-07-30,25.649600982666016
2019-07-31,24.423803329467773
2019-08-01,25.668033599853516
2019-08-02,25.594301223754883
2019-08-05,26.35927391052246
2019-08-06,26.42378807067871
2019-08-07,26.967561721801758
2019-08-08,27.437606811523438
2019-08-09,27.05973243713379
2019-08-12,26.727933883666992
2019-08-13,26.221025466918945
2019-08-14,26.184158325195312
2019-08-15,26.479087829589844
2019-08-16,26.06434440612793
2019-08-19,25.74176788330078
2019-08-20,26.589685440063477
2019-08-21,26.451438903808594
2019-08-22,26.257888793945312
2019-08-23,27.317790985107422
2019-08-26,27.317790985107422
2019-08-27,28.165714263916016
2019-08-28,28.0274658203125
2019-08-29,27.336225509643555
2019-08-30,27.52055549621582
2019-09-03,27.9906005859375
2019-09-04,28.525156021118164
2019-09-05,27.013643264770508
2019-09-06,26.248676300048828
2019-09-09,25.55743408203125
2019-09-10,25.354673385620117
2019-09-11,25.5482177734375
2019-09-12,25.13347625732422
2019-09-13,24.552833557128906
2019-09-16,25.15190887451172
2019-09-17,25.916881561279297
2019-09-18,25.4560546875
2019-09-19,25.898447036743164
2019-09-20,26.442222595214844
2019-09-23,26.875398635864258
2019-09-24,27.17954444885254
2019-09-25,26.202592849731445
2019-09-26,25.907663345336914
2019-09-27,25.29937171936035
2019-09-30,24.61734962463379
2019-10-01,24.810894012451172
2019-10-02,25.26250648498535
2019-10-03,25.11504364013672
2019-10-04,25.68646812438965
2019-10-07,25.419187545776367
2019-10-08,26.138076782226562
2019-10-09,25.85236358642578
2019-10-10,25.85236358642578
2019-10-11,24.856979370117188
2019-10-14,24.949142456054688
2019-10-15,24.138090133666992
2019-10-16,24.61734962463379
2019-10-17,24.95836067199707
2019-10-18,24.995227813720703
2019-10-21,24.497533798217773
2019-10-22,24.460668563842773
2019-10-23,24.70951271057129
2019-10-24,25.363889694213867
2019-10-25,25.566652297973633
2019-10-28,24.939926147460938
2019-10-29,25.07817840576172
2019-10-30,25.29937171936035
2019-10-31,25.944528579711914
2019-11-01,25.81549835205078
2019-11-04,25.363889694213867
2019-11-05,24.856979370117188
2019-11-06,25.161121368408203
2019-11-07,24.41458511352539
2019-11-08,24.174951553344727
2019-11-11,24.184173583984375
2019-11-12,24.506750106811523
2019-11-13,24.654218673706055
2019-11-14,24.884628295898438
2019-11-15,24.64499855041504
2019-11-18,25.068958282470703
2019-11-19,25.096607208251953
2019-11-20,25.197988510131836
2019-11-21,24.718730926513672
2019-11-22,24.66343116760254
2019-11-25,24.147306442260742
2019-11-26,24.681865692138672
2019-11-27,24.57126808166504
2019-11-29,24.95836067199707
2019-12-02,25.041309356689453
2019-12-03,25.594301223754883
2019-12-04,25.3270206451416
2019-12-05,25.4560546875
2019-12-06,24.856979370117188
2019-12-09,24.810894012451172
2019-12-10,25.004444122314453
2019-12-11,25.539003372192383
2019-12-12,25.492919921875
2019-12-13,25.5482177734375
2019-12-16,25.24407196044922
2019-12-17,25.032094955444336
2019-12-18,25.29937171936035
2019-12-19,25.3270206451416
2019-12-20,25.004444122314453
2019-12-23,25.775768280029297
2019-12-24,26.60185432434082
2019-12-26,26.991695404052734
2019-12-27,26.796772003173828
2019-12-30,27.372251510620117
2019-12-31,27.177330017089844
2020-01-02,27.2423038482666
2020-01-03,27.07522964477539
2020-01-06,27.121639251708984
2020-01-07,27.38153076171875
2020-01-08,26.314117431640625
2020-01-09,26.02638053894043
2020-01-10,26.40693473815918
2020-01-13,25.775768280029297
2020-01-14,26.230579376220703
2020-01-15,26.72252082824707
2020-01-16,26.611135482788086
2020-01-17,26.379091262817383
2020-01-21,26.871028900146484
2020-01-22,26.76892852783203
2020-01-23,26.60185432434082
2020-01-24,27.121639251708984
2020-01-27,26.991695404052734
2020-01-28,26.276988983154297
2020-01-29,26.787494659423828
2020-01-30,26.666828155517578
2020-01-31,26.908157348632812
2020-02-03,26.509035110473633
2020-02-04,26.035659790039062
2020-02-05,26.035659790039062
2020-02-06,26.360525131225586
2020-02-07,25.924280166625977
2020-02-10,26.35124397277832
2020-02-11,26.38837242126465
2020-02-12,26.100635528564453
2020-02-13,26.286270141601562
2020-02-14,26.276988983154297
2020-02-18,27.13092041015625
2020-02-19,27.61357879638672
2020-02-20,27.61357879638672
2020-02-21,28.448945999145508
2020-02-24,28.820222854614258
2020-02-25,27.817779541015625
2020-02-26,27.72496223449707
2020-02-27,26.12847900390625
2020-02-28,24.337078094482422
2020-03-02,25.330238342285156
2020-03-03,26.620418548583984
2020-03-04,27.038103103637695
2020-03-05,27.678552627563477
2020-03-06,27.297996520996094
2020-03-09,25.348800659179688
2020-03-10,25.5158748626709
2020-03-11,23.36248207092285
2020-03-12,20.707862854003906
2020-03-13,17.635562896728516
2020-03-16,20.874935150146484
2020-03-17,23.668781280517578
2020-03-18,18.266727447509766
2020-03-19,19.742551803588867
2020-03-20,19.07425308227539
2020-03-23,20.355154037475586
2020-03-24,23.343915939331055
2020-03-25,24.420612335205078
2020-03-26,23.9936466217041
2020-03-27,22.619930267333984
2020-03-30,22.211528778076172
2020-03-31,21.385440826416016
2020-04-01,22.304346084594727
2020-04-02,23.241817474365234
2020-04-03,23.158279418945312
2020-04-06,24.448457717895508
2020-04-07,24.216413497924805
2020-04-08,24.318513870239258
2020-04-09,26.871028900146484
2020-04-13,28.569612503051758
2020-04-14,28.541767120361328
2020-04-15,27.984853744506836
2020-04-16,28.69955825805664
2020-04-17,27.789936065673828
2020-04-20,28.53248405456543
2020-04-21,28.36541175842285
2020-04-22,30.17537498474121
2020-04-23,31.02002716064453
2020-04-24,31.493404388427734
2020-04-27,31.36345672607422
2020-04-28,31.382020950317383
2020-04-29,31.586217880249023
2020-04-30,29.943328857421875
2020-05-01,30.899364471435547
2020-05-04,31.54909896850586
2020-05-05,32.29164123535156
2020-05-06,31.279924392700195
2020-05-07,32.514408111572266
2020-05-08,32.35661697387695
2020-05-11,31.456279754638672
2020-05-12,31.409866333007812
2020-05-13,31.63263511657715
2020-05-14,32.63507080078125
2020-05-15,33.943817138671875
2020-05-18,33.34977722167969
2020-05-19,34.53785705566406
2020-05-20,33.9809455871582
2020-05-21,33.09916687011719
2020-05-22,32.997066497802734
2020-05-26,31.63263511657715
2020-05-27,31.289201736450195
2020-05-28,31.558380126953125
2020-05-29,31.855392456054688
2020-06-01,32.83927536010742
2020-06-02,31.64191246032715
2020-06-03,30.47239875793457
2020-06-04,30.732288360595703
2020-06-05,30.128969192504883
2020-06-08,30.425987243652344
2020-06-09,30.685880661010742
2020-06-10,32.050315856933594
2020-06-11,30.47239875793457
2020-06-12,30.296037673950195
2020-06-15,31.103561401367188
2020-06-16,30.296037673950195
2020-06-17,30.490957260131836
2020-06-18,30.101119995117188
2020-06-19,31.14069175720215
2020-06-22,32.36589431762695
2020-06-23,32.829994201660156
2020-06-24,32.245235443115234
2020-06-25,32.44943618774414
2020-06-26,32.66291427612305
2020-06-29,33.006351470947266
2020-06-30,34.04591751098633
2020-07-01,33.93453598022461
2020-07-02,33.572540283203125
2020-07-06,34.194427490234375
2020-07-07,35.020511627197266
2020-07-08,36.162193298339844
2020-07-09,36.00439453125
2020-07-10,35.64240646362305
2020-07-13,34.46360397338867
2020-07-14,35.818756103515625
2020-07-15,35.893009185791016
2020-07-16,35.34538650512695
2020-07-17,36.48705291748047
2020-07-20,37.4802131652832
2020-07-21,37.97215270996094
2020-07-22,38.7518310546875
2020-07-23,38.018558502197266
2020-07-24,38.826087951660156
2020-07-27,40.691741943359375
2020-07-28,40.43185043334961
2020-07-29,40.03273391723633
2020-07-30,38.640445709228516
2020-07-31,39.85636901855469
2020-08-03,39.485103607177734
2020-08-04,41.2857780456543
2020-08-05,41.33218765258789
2020-08-06,41.053733825683594
2020-08-07,39.670738220214844
2020-08-10,39.345863342285156
2020-08-11,36.24571990966797
2020-08-12,36.41279602050781
2020-08-13,37.712257385253906
2020-08-14,37.452362060546875
2020-08-17,39.87493896484375
2020-08-18,39.59647750854492
2020-08-19,38.06496810913086
2020-08-20,38.956031799316406
2020-08-21,37.953590393066406
2020-08-24,37.7308235168457
2020-08-25,37.66585159301758
2020-08-26,38.61260223388672
2020-08-27,37.74010467529297
2020-08-28,38.94675064086914
2020-08-31,39.23448944091797
2020-09-01,38.67757034301758
2020-09-02,38.7611083984375
2020-09-03,38.324859619140625
2020-09-04,37.925743103027344
2020-09-08,37.66585159301758
2020-09-09,39.299461364746094
2020-09-10,38.59403610229492
2020-09-11,38.204200744628906
2020-09-14,39.717140197753906
2020-09-15,39.717140197753906
2020-09-16,39.77283477783203
2020-09-17,39.07669448852539
2020-09-18,38.38983154296875
2020-09-21,36.9789924621582
2020-09-22,37.14606857299805
2020-09-23,34.927696228027344
2020-09-24,35.91157913208008
2020-09-25,35.66096496582031
2020-09-28,36.07864761352539
2020-09-29,36.54274368286133
2020-09-30,36.34782028198242
2020-10-01,36.72838592529297
2020-10-02,36.171470642089844
2020-10-05,36.72838592529297
2020-10-06,35.37322998046875
2020-10-07,35.59599304199219
2020-10-08,36.171470642089844
2020-10-09,37.85149002075195
2020-10-12,37.749385833740234
2020-10-13,37.35954666137695
2020-10-14,38.018558502197266
2020-10-15,37.40595626831055
2020-10-16,36.9697151184082
2020-10-19,36.34782028198242
2020-10-20,36.62628173828125
2020-10-21,37.05324172973633
2020-10-22,36.375667572021484
2020-10-23,36.03223419189453
2020-10-26,35.466041564941406
2020-10-27,36.04152297973633
2020-10-28,33.89740753173828
2020-10-29,34.29652786254883
2020-10-30,34.797752380371094
2020-11-02,35.85588455200195
2020-11-03,36.54274368286133
2020-11-04,35.707374572753906
2020-11-05,38.25989532470703
2020-11-06,38.445526123046875
2020-11-09,36.08793640136719
2020-11-10,34.862728118896484
2020-11-11,34.48217010498047
2020-11-12,34.797752380371094
2020-11-13,35.28040313720703
2020-11-16,35.04835891723633
2020-11-17,34.28724670410156
2020-11-18,33.247676849365234
2020-11-19,32.96922302246094
2020-11-20,33.321929931640625
2020-11-23,31.89252281188965
2020-11-24,31.02002716064453
2020-11-25,31.595504760742188
2020-11-27,31.771860122680664
2020-11-30,32.189544677734375
2020-12-01,33.37762451171875
2020-12-02,33.386905670166016
2020-12-03,32.959938049316406
2020-12-04,32.7743034362793
2020-12-07,33.87884521484375
2020-12-08,33.73961639404297
2020-12-09,32.85783767700195
2020-12-10,32.709327697753906
2020-12-11,32.56081771850586
2020-12-14,31.827550888061523
2020-12-15,32.829994201660156
2020-12-16,33.442596435546875
2020-12-17,34.61211013793945
2020-12-18,33.95310592651367
2020-12-21,33.91577911376953
2020-12-22,32.926761627197266
2020-12-23,33.51457595825195
2020-12-24,33.61720657348633
2020-12-28,33.29997253417969
2020-12-29,33.34663009643555
2020-12-30,34.11171340942383
2020-12-31,33.60788345336914
2021-01-04,35.931129455566406
2021-01-05,35.92179870605469
2021-01-06,35.88447952270508
2021-01-07,35.800506591796875
2021-01-08,34.07439422607422
2021-01-11,33.38394546508789
2021-01-12,33.62653732299805
2021-01-13,33.253326416015625
2021-01-14,33.22533416748047
2021-01-15,32.19899368286133
2021-01-19,32.53488540649414
2021-01-20,33.62653732299805
2021-01-21,33.31863784790039
2021-01-22,32.87077713012695
2021-01-25,32.833457946777344
2021-01-26,32.74015426635742
2021-01-27,31.480560302734375
2021-01-28,32.26430892944336
2021-01-29,32.19899368286133
2021-02-01,33.29064178466797
2021-02-02,32.30162811279297
2021-02-03,32.292301177978516
2021-02-04,31.57386016845703
2021-02-05,32.292301177978516
2021-02-08,32.8614501953125
2021-02-09,32.824127197265625
2021-02-10,32.91742706298828
2021-02-11,32.478912353515625
2021-02-12,32.45091247558594
2021-02-16,31.8071231842041
2021-02-17,30.99538230895996
2021-02-18,30.594179153442383
2021-02-19,30.547527313232422
2021-02-22,31.919084548950195
2021-02-23,31.200645446777344
2021-02-24,31.443239212036133
2021-02-25,30.164981842041016
2021-02-26,29.04534149169922
2021-03-01,28.83074378967285
2021-03-02,29.819759368896484
2021-03-03,29.2506103515625
2021-03-04,29.269271850585938
2021-03-05,29.651813507080078
2021-03-08,29.28792953491211
2021-03-09,30.136991500854492
2021-03-10,30.258283615112305
2021-03-11,30.83676528930664
2021-03-12,30.86475944519043
2021-03-15,31.368595123291016
2021-03-16,31.247304916381836
2021-03-17,31.919084548950195
2021-03-18,31.368595123291016
2021-03-19,31.62051773071289
2021-03-22,31.247304916381836
2021-03-23,30.454221725463867
2021-03-24,30.136991500854492
2021-03-25,30.081008911132812
2021-03-26,30.575519561767578
2021-03-29,30.659486770629883
2021-03-30,29.69846534729004
2021-03-31,30.323596954345703
2021-04-01,31.349933624267578
2021-04-05,31.45256996154785
2021-04-06,31.984394073486328
2021-04-07,31.657838821411133
2021-04-08,32.404258728027344
2021-04-09,32.404258728027344
2021-04-12,31.685823440551758
2021-04-13,32.24565124511719
2021-04-14,31.99372673034668
2021-04-15,33.31863784790039
2021-04-16,33.61720657348633
2021-04-19,33.39327621459961
2021-04-20,33.77582550048828
2021-04-21,34.36363983154297
2021-04-22,33.75716018676758
2021-04-23,33.645198822021484
2021-04-26,33.570552825927734
2021-04-27,32.93608856201172
2021-04-28,33.076045989990234
2021-04-29,32.441585540771484
2021-04-30,32.05904006958008
2021-05-03,33.29064178466797
2021-05-04,32.9454231262207
2021-05-05,33.22533416748047
2021-05-06,34.298316955566406
2021-05-07,34.914119720458984
2021-05-10,34.87680435180664
2021-05-11,35.119388580322266
2021-05-12,34.39162826538086
2021-05-13,34.456939697265625
2021-05-14,35.305992126464844
2021-05-17,37.02278137207031
2021-05-18,36.97612762451172
2021-05-19,36.425636291503906
2021-05-20,36.86416244506836
2021-05-21,36.658897399902344
2021-05-24,36.78952407836914
2021-05-25,36.873497009277344
2021-05-26,36.81751251220703
2021-05-27,36.58425521850586
2021-05-28,36.78018569946289
2021-06-01,36.84550476074219
2021-06-02,36.892154693603516
2021-06-03,35.613895416259766
2021-06-04,36.08974838256836
2021-06-07,36.06175231933594
2021-06-08,35.548583984375
2021-06-09,35.455284118652344
2021-06-10,36.3416633605957
2021-06-11,35.716529846191406
2021-06-14,35.483272552490234
2021-06-15,35.07273483276367
2021-06-16,34.307655334472656
2021-06-17,32.59086990356445
2021-06-18,31.84444236755371
2021-06-21,32.441585540771484
2021-06-22,32.2363166809082
2021-06-23,32.03105545043945
2021-06-24,32.13368225097656
2021-06-25,32.05904006958008
2021-06-28,31.704484939575195
2021-06-29,31.387256622314453
2021-06-30,31.704484939575195
2021-07-01,31.685823440551758
2021-07-02,32.115020751953125
2021-07-06,32.20832824707031
2021-07-07,32.24565124511719
2021-07-08,31.424579620361328
2021-07-09,32.0683708190918
2021-07-12,31.62051773071289
2021-07-13,31.984394073486328
2021-07-14,32.41359329223633
2021-07-15,32.62818908691406
2021-07-16,31.64850616455078
2021-07-19,30.967388153076172
2021-07-20,31.070022583007812
2021-07-21,31.368595123291016
2021-07-22,31.172657012939453
2021-07-23,30.930068969726562
2021-07-26,31.25663185119629
2021-07-27,31.424579620361328
2021-07-28,31.900426864624023
2021-07-29,32.721492767333984
2021-07-30,32.581539154052734
2021-08-02,32.45091247558594
2021-08-03,32.74015426635742
2021-08-04,32.45091247558594
2021-08-05,31.965734481811523
2021-08-06,31.01404571533203
2021-08-09,30.258283615112305
2021-08-10,29.875741958618164
2021-08-11,30.472881317138672
2021-08-12,30.006366729736328
2021-08-13,30.62216567993164
2021-08-16,30.454221725463867
2021-08-17,30.0903377532959
2021-08-18,29.38123321533203
2021-08-19,28.88672637939453
2021-08-20,28.78409194946289
2021-08-23,29.969043731689453
2021-08-24,29.959714889526367
2021-08-25,29.55851173400879
2021-08-26,29.371904373168945
2021-08-27,30.426231384277344
2021-08-30,30.01569366455078
2021-08-31,30.416900634765625
2021-09-01,30.21163558959961
2021-09-02,30.323596954345703
2021-09-03,31.05136489868164
2021-09-07,30.18364143371582
2021-09-08,30.034353256225586
2021-09-09,29.819759368896484
2021-09-10,29.39056396484375
2021-09-13,29.959714889526367
2021-09-14,30.1090030670166
2021-09-15,30.09967041015625
2021-09-16,28.849403381347656
2021-09-17,28.532175064086914
2021-09-20,28.410877227783203
2021-09-21,28.42953872680664
2021-09-22,28.45752716064453
2021-09-23,27.888378143310547
2021-09-24,27.692441940307617
2021-09-27,27.692441940307617
2021-09-28,27.403200149536133
2021-09-29,26.97400665283203
2021-09-30,27.496505737304688
2021-10-01,27.36587905883789
2021-10-04,27.6831111907959
2021-10-05,27.78574562072754
2021-10-06,28.308242797851562
2021-10-07,28.364227294921875
2021-10-08,28.61614418029785
2021-10-11,28.532175064086914
2021-10-12,29.054670333862305
2021-10-13,29.997037887573242
2021-10-14,30.650156021118164
2021-10-15,30.34225845336914
2021-10-18,30.062347412109375
2021-10-19,30.323596954345703
2021-10-20,30.659486770629883
2021-10-21,30.53819465637207
2021-10-22,30.78078842163086
2021-10-25,31.20998191833496
2021-10-26,31.02337074279785
2021-10-27,30.8834171295166
2021-10-28,30.40757179260254
2021-10-29,29.586498260498047
2021-11-01,29.726455688476562
2021-11-02,29.418556213378906
2021-11-03,29.726455688476562
2021-11-04,29.623821258544922
2021-11-05,30.556854248046875
2021-11-08,30.696815490722656
2021-11-09,31.08868408203125
2021-11-10,31.63917350769043
2021-11-11,32.37627410888672
2021-11-12,32.441585540771484
2021-11-15,32.56288146972656
2021-11-16,31.99372673034668
2021-11-17,32.24565124511719
2021-11-18,31.947080612182617
2021-11-19,31.415246963500977
2021-11-22,30.79011344909668
2021-11-23,30.323596954345703
2021-11-24,30.248952865600586
2021-11-26,29.969043731689453
2021-11-29,29.978378295898438
2021-11-30,29.670473098754883
2021-12-01,28.765430450439453
2021-12-02,28.420209884643555
2021-12-03,28.634807586669922
2021-12-06,29.036012649536133
2021-12-07,29.24127960205078
2021-12-08,29.38123321533203
2021-12-09,28.625476837158203
2021-12-10,28.448200225830078
2021-12-13,28.466861724853516
2021-12-14,28.093647003173828
2021-12-15,27.711103439331055
2021-12-16,29.10132598876953
2021-12-17,29.04534149169922
2021-12-20,29.04059600830078
2021-12-21,29.25894546508789
2021-12-22,29.581722259521484
2021-12-23,29.714632034301758
2021-12-27,29.743112564086914
2021-12-28,29.515270233154297
2021-12-29,29.638683319091797
2021-12-30,30.170320510864258
2021-12-31,30.407657623291016
2022-01-03,29.667165756225586
2022-01-04,29.79058074951172
2022-01-05,29.287425994873047
2022-01-06,28.252635955810547
2022-01-07,28.489973068237305
2022-01-10,28.96464729309082
2022-01-11,29.562734603881836
2022-01-12,30.103864669799805
2022-01-13,29.657670974731445
2022-01-14,29.40134620666504
2022-01-18,29.050086975097656
2022-01-19,31.129165649414062
2022-01-20,30.69246482849121
2022-01-21,30.046905517578125
2022-01-24,29.857036590576172
2022-01-25,30.056396484375
2022-01-26,29.078567504882812
2022-01-27,28.176687240600586
2022-01-28,27.815933227539062
2022-01-31,28.698827743530273
2022-02-01,28.983633041381836
2022-02-02,29.078567504882812
2022-02-03,28.717815399169922
2022-02-04,28.860218048095703
2022-02-07,29.714632034301758
2022-02-08,30.046905517578125
2022-02-09,29.98994255065918
2022-02-10,29.135528564453125
2022-02-11,30.787397384643555
2022-02-14,31.413969039916992
2022-02-15,30.8443603515625
2022-02-16,31.831682205200195
2022-02-17,33.01836395263672
2022-02-18,32.75255584716797
2022-02-22,32.382301330566406
2022-02-23,32.98039627075195
2022-02-24,32.344329833984375
2022-02-25,32.64812469482422
2022-02-28,32.63862609863281
2022-03-01,34.043663024902344
2022-03-02,33.920249938964844
2022-03-03,34.195560455322266
2022-03-04,35.50566482543945
2022-03-07,36.41704177856445
2022-03-08,36.616397857666016
2022-03-09,36.19868850708008
2022-03-10,36.939178466796875
2022-03-11,36.3505859375
2022-03-14,34.86960220336914
2022-03-15,35.03099060058594
2022-03-16,35.135414123535156
2022-03-17,35.790470123291016
2022-03-18,35.33477783203125
2022-03-21,36.217681884765625
2022-03-22,35.84742736816406
2022-03-23,36.75880432128906
2022-03-24,36.60691452026367
2022-03-25,36.75880432128906
2022-03-28,35.790470123291016
2022-03-29,36.28413009643555
2022-03-30,36.692352294921875
2022-03-31,36.40754699707031
2022-04-01,37.489803314208984
2022-04-04,37.15753173828125
2022-04-05,36.341087341308594
2022-04-06,36.24615478515625
2022-04-07,36.76829528808594
2022-04-08,37.66068649291992
2022-04-11,37.45182800292969
2022-04-12,37.78410339355469
2022-04-13,38.62902069091797
2022-04-14,38.79041290283203
2022-04-18,38.799903869628906
2022-04-19,37.68916702270508
2022-04-20,38.097389221191406
2022-04-21,36.16071319580078
2022-04-22,35.06896209716797
2022-04-25,33.863285064697266
2022-04-26,33.132293701171875
2022-04-27,32.94242477416992
2022-04-28,33.616458892822266
2022-04-29,33.21773147583008
2022-05-02,32.800018310546875
2022-05-03,33.3316535949707
2022-05-04,33.967716217041016
2022-05-05,32.87596893310547
2022-05-06,32.50572204589844
2022-05-09,30.5975284576416
2022-05-10,30.08487892150879
2022-05-11,30.046905517578125
2022-05-12,28.6513614654541
2022-05-13,29.31590461730957
2022-05-16,29.600709915161133
2022-05-17,29.657670974731445
2022-05-18,28.907684326171875
2022-05-19,30.521581649780273
2022-05-20,30.436138153076172
2022-05-23,30.616514205932617
2022-05-24,31.081697463989258
2022-05-25,30.939292907714844
2022-05-26,30.749422073364258
2022-05-27,30.86334228515625
2022-05-31,30.122852325439453
2022-06-01,30.360191345214844
2022-06-02,31.660795211791992
2022-06-03,30.91081428527832
2022-06-06,30.58803367614746
2022-06-07,30.88233184814453
2022-06-08,30.67347526550293
2022-06-09,29.515270233154297
2022-06-10,30.920307159423828
2022-06-13,28.926671981811523
2022-06-14,28.195674896240234
2022-06-15,28.66085433959961
2022-06-16,29.201984405517578
2022-06-17,28.850723266601562
2022-06-21,28.95515251159668
2022-06-22,28.556425094604492
2022-06-23,27.44568634033203
2022-06-24,28.157699584960938
2022-06-27,27.977323532104492
2022-06-28,27.407712936401367
2022-06-29,26.999494552612305
2022-06-30,25.993183135986328
2022-07-01,26.733675003051758
2022-07-05,25.59445571899414
2022-07-06,25.43306541442871
2022-07-07,25.784326553344727
2022-07-08,25.68939208984375
2022-07-11,25.300159454345703
2022-07-12,24.92991065979004
2022-07-13,25.471040725708008
2022-07-14,24.40776824951172
2022-07-15,24.293848037719727
2022-07-18,24.40776824951172
2022-07-19,24.702068328857422
2022-07-20,23.980562210083008
2022-07-21,24.436250686645508
2022-07-22,24.12296485900879
2022-07-25,23.344497680664062
2022-07-26,23.82866668701172
2022-07-27,24.236888885498047
2022-07-28,24.683080673217773
2022-07-29,24.93940544128418
2022-08-01,24.882442474365234
2022-08-02,24.56916046142578
2022-08-03,24.246379852294922
2022-08-04,25.09130096435547
2022-08-05,24.94890022277832
2022-08-08,25.632431030273438
2022-08-09,25.575469970703125
2022-08-10,25.755844116210938
2022-08-11,25.271677017211914
2022-08-12,25.841285705566406
2022-08-15,25.281169891357422
2022-08-16,25.37610626220703
2022-08-17,24.474227905273438
2022-08-18,24.502702713012695
2022-08-19,23.9710693359375
2022-08-22,23.99005699157715
2022-08-23,24.398279190063477
2022-08-24,24.597639083862305
2022-08-25,24.806495666503906
2022-08-26,23.638797760009766
2022-08-29,23.363487243652344
2022-08-30,22.86033058166504
2022-08-31,22.594512939453125
2022-09-01,21.891992568969727
2022-09-02,22.585020065307617
2022-09-06,22.25274658203125
2022-09-07,23.08817481994629
2022-09-08,23.126150131225586
2022-09-09,23.82866668701172
2022-09-12,24.160940170288086
2022-09-13,23.1831111907959
2022-09-14,23.230575561523438
2022-09-15,22.537551879882812
2022-09-16,22.78438377380371
2022-09-19,23.1831111907959
2022-09-20,22.547046661376953
2022-09-21,22.62299346923828
2022-09-22,22.537551879882812
2022-09-23,21.30339813232422
2022-09-26,20.752775192260742
2022-09-27,20.885683059692383
2022-09-28,22.38565444946289
2022-09-29,22.490083694458008
2022-09-30,22.898305892944336
2022-10-03,23.77170753479004
2022-10-04,24.445743560791016
2022-10-05,24.084991455078125
2022-10-06,24.35080909729004
2022-10-07,23.154626846313477
2022-10-10,22.80337142944336
2022-10-11,22.604005813598633
2022-10-12,22.80337142944336
2022-10-13,22.537551879882812
2022-10-14,21.569215774536133
2022-10-17,22.26224136352539
2022-10-18,22.41413688659668
2022-10-19,21.73060417175293
2022-10-20,22.00591468811035
2022-10-21,23.107160568237305
2022-10-24,22.717927932739258
2022-10-25,23.173616409301758
2022-10-26,23.857145309448242
2022-10-27,23.562850952148438
2022-10-28,23.467914581298828
2022-10-31,22.936279296875
2022-11-01,23.448928833007812
2022-11-02,22.072370529174805
2022-11-03,21.5312442779541
2022-11-04,23.68626594543457
2022-11-07,23.876134872436523
2022-11-08,25.30965232849121
2022-11-09,24.910926818847656
2022-11-10,26.78114128112793
2022-11-11,26.8665828704834
2022-11-14,26.695701599121094
2022-11-15,26.439376831054688
2022-11-16,26.13558578491211
2022-11-17,25.746353149414062
2022-11-18,25.98369026184082
2022-11-21,25.803314208984375
2022-11-22,26.828611373901367
2022-11-23,27.255817413330078
2022-11-25,26.999494552612305
2022-11-28,25.917234420776367
2022-11-29,26.72418212890625
2022-11-30,27.578596115112305
2022-12-01,28.51845359802246
2022-12-02,28.404531478881836
2022-12-05,27.379234313964844
2022-12-06,27.38872718811035
2022-12-07,27.92036247253418
2022-12-08,27.92036247253418
2022-12-09,27.59758186340332
2022-12-12,27.47416877746582
2022-12-13,28.271621704101562
2022-12-14,28.12921714782715
2022-12-15,26.885570526123047
2022-12-16,27.151390075683594
2022-12-19,26.70343780517578
2022-12-20,27.74608612060547
2022-12-21,28.074329376220703
2022-12-22,27.76539421081543
2022-12-23,27.87158966064453
2022-12-27,28.576345443725586
2022-12-28,27.688161849975586
2022-12-29,27.82331657409668
2022-12-30,27.668851852416992
2023-01-03,28.63426971435547
2023-01-04,29.850696563720703
2023-01-05,29.59003257751465
2023-01-06,30.46856117248535
2023-01-09,30.178936004638672
2023-01-10,30.73887825012207
2023-01-11,30.47821617126465
2023-01-12,31.067123413085938
2023-01-13,31.520864486694336
2023-01-17,30.429946899414062
2023-01-18,30.130664825439453
2023-01-19,30.91265296936035
2023-01-20,31.298818588256836
2023-01-23,31.27951431274414
2023-01-24,31.598098754882812
2023-01-25,32.11942672729492
2023-01-26,31.627058029174805
2023-01-27,31.192625045776367
2023-01-30,30.729225158691406
2023-01-31,30.91265296936035
2023-02-01,31.607755661010742
2023-02-02,30.623027801513672
2023-02-03,29.271446228027344
2023-02-06,29.16524887084961
2023-02-07,29.570722579956055
2023-02-08,29.319717407226562
2023-02-09,28.730812072753906
2023-02-10,28.595653533935547
2023-02-13,28.557035446166992
2023-02-14,28.614961624145508
2023-02-15,27.79435920715332
2023-02-16,27.678504943847656
2023-02-17,27.42749786376953
2023-02-21,27.13787269592285
2023-02-22,26.50069808959961
2023-02-23,26.36553955078125
2023-02-24,26.056604385375977
2023-02-27,26.25934410095215
2023-02-28,26.558624267578125
2023-03-01,27.13787269592285
2023-03-02,27.195798873901367
2023-03-03,27.639890670776367
2023-03-06,27.108911514282227
2023-03-07,25.96006202697754
2023-03-08,25.882831573486328
2023-03-09,25.757328033447266
2023-03-10,26.25934410095215
2023-03-13,28.09363555908203
2023-03-14,28.31568145751953
2023-03-15,28.31568145751953
2023-03-16,28.151561737060547
2023-03-17,29.52245330810547
2023-03-20,30.03412437438965
2023-03-21,28.96251106262207
2023-03-22,29.503145217895508
2023-03-23,30.227205276489258
2023-03-24,30.458908081054688
2023-03-27,30.429946899414062
2023-03-28,31.192625045776367
2023-03-29,30.931962966918945
2023-03-30,31.395362854003906
2023-03-31,31.231239318847656
2023-04-03,31.935998916625977
2023-04-04,33.00761032104492
2023-04-05,33.15242385864258
2023-04-06,33.23931121826172
2023-04-10,32.81452941894531
2023-04-11,33.38412094116211
2023-04-12,33.71236038208008
2023-04-13,34.62950897216797
2023-04-14,33.87648391723633
2023-04-17,33.113807678222656
2023-04-18,33.355159759521484
2023-04-19,32.90141296386719
2023-04-20,32.882102966308594
2023-04-21,32.44766616821289
2023-04-24,32.54420852661133
2023-04-25,32.60213088989258
2023-04-26,32.17735290527344
2023-04-27,32.67936325073242
2023-04-28,32.41870880126953
2023-05-01,32.254581451416016
2023-05-02,33.53858947753906
2023-05-03,33.65443801879883
2023-05-04,34.45573425292969
2023-05-05,34.17576599121094
2023-05-08,34.13714599609375
2023-05-09,34.03095245361328
2023-05-10,33.78960037231445
2023-05-11,32.36077880859375
2023-05-12,32.438011169433594
2023-05-15,32.7372932434082
2023-05-16,31.8684139251709
2023-05-17,31.598098754882812
2023-05-18,30.777494430541992
2023-05-19,31.04781150817871
2023-05-22,30.767841339111328
2023-05-23,30.555450439453125
2023-05-24,29.850696563720703
2023-05-25,29.213520050048828
2023-05-26,29.358333587646484
2023-05-30,29.155595779418945
2023-05-31,29.841041564941406
2023-06-01,30.902997970581055
2023-06-02,30.323747634887695
2023-06-05,30.46856117248535
2023-06-06,30.53614044189453
2023-06-07,29.976198196411133
2023-06-08,30.449254989624023
2023-06-09,30.00516128540039
2023-06-12,30.15962791442871
2023-06-13,29.821731567382812
2023-06-14,29.802425384521484
2023-06-15,29.927928924560547
2023-06-16,30.304441452026367
2023-06-20,29.09766960144043
2023-06-21,29.020437240600586
2023-06-22,28.817699432373047
2023-06-23,28.759775161743164
2023-06-26,29.03009033203125
2023-06-27,28.624614715576172
2023-06-28,28.20948600769043
2023-06-29,28.595653533935547
2023-06-30,29.068708419799805
2023-07-03,29.62864875793457
2023-07-05,28.798389434814453
2023-07-06,28.064672470092773
2023-07-07,28.43153190612793
2023-07-10,29.001129150390625
2023-07-11,29.194210052490234
2023-07-12,30.71957015991211
2023-07-13,31.07677459716797
2023-07-14,30.854726791381836
2023-07-17,30.864381790161133
2023-07-18,31.50156021118164
2023-07-19,31.24089813232422
2023-07-20,30.304441452026367
2023-07-21,30.400981903076172
2023-07-24,30.207901000976562
2023-07-25,30.680953979492188
2023-07-26,30.555450439453125
2023-07-27,29.30040740966797
2023-07-28,29.657611846923828
2023-07-31,30.323747634887695
2023-08-01,29.18455696105957
2023-08-02,28.267410278320312
2023-08-03,28.267410278320312
2023-08-04,28.53772735595703
2023-08-07,28.31568145751953
2023-08-08,28.074329376220703
2023-08-09,28.12259864807129
2023-08-10,28.16121482849121
2023-08-11,28.441184997558594
2023-08-14,27.948823928833008
2023-08-15,27.234413146972656
2023-08-16,26.867557525634766
2023-08-17,26.655166625976562
2023-08-18,26.50069808959961
2023-08-21,26.751707077026367
2023-08-22,26.98340606689453
2023-08-23,27.74608612060547
2023-08-24,27.688161849975586
2023-08-25,27.417842864990234
2023-08-28,27.997093200683594
2023-08-29,28.508764266967773
2023-08-30,28.499113082885742
2023-08-31,28.248104095458984
2023-09-01,28.083982467651367
2023-09-05,27.504732131958008
2023-09-06,27.485422134399414
2023-09-07,27.3019962310791
2023-09-08,27.359920501708984
2023-09-11,27.775047302246094
2023-09-12,27.79435920715332
2023-09-13,27.726776123046875
2023-09-14,28.103290557861328
2023-09-15,28.69219398498535
2023-09-18,28.72115707397461
2023-09-19,28.38326072692871
2023-09-20,28.682538986206055
2023-09-21,27.910205841064453
2023-09-22,27.87158966064453
2023-09-25,27.52404022216797
2023-09-26,26.780668258666992
2023-09-27,25.979373931884766
2023-09-28,26.114530563354492
2023-09-29,25.979373931884766
2023-10-02,25.091188430786133
2023-10-03,25.168420791625977
2023-10-04,25.013954162597656
2023-10-05,25.40977668762207
2023-10-06,25.96006202697754
2023-10-09,26.58758544921875
2023-10-10,26.848249435424805
2023-10-11,27.34061050415039
2023-10-12,26.780668258666992
2023-10-13,27.948823928833008
2023-10-16,27.997093200683594
2023-10-17,28.508764266967773
2023-10-18,28.43153190612793
2023-10-19,28.489458084106445
2023-10-20,28.460493087768555
2023-10-23,28.228796005249023
2023-10-24,28.248104095458984
2023-10-25,27.784704208374023
2023-10-26,27.533693313598633
2023-10-27,28.19017791748047
2023-10-30,27.775047302246094
2023-10-31,27.041332244873047
2023-11-01,27.13787269592285
2023-11-02,27.282686233520508
2023-11-03,28.45083999633789
2023-11-06,28.14190673828125
2023-11-07,27.601274490356445
2023-11-08,26.732397079467773
2023-11-09,26.635854721069336
2023-11-10,26.307613372802734
2023-11-13,26.104877471923828
2023-11-14,27.350265502929688
2023-11-15,27.21510887145996
2023-11-16,27.620582580566406
2023-11-17,27.446807861328125
2023-11-20,27.52404022216797
2023-11-21,28.199831008911133
2023-11-22,28.238449096679688
2023-11-24,28.306028366088867
2023-11-27,28.759775161743164
2023-11-28,30.14031982421875
2023-11-29,30.121013641357422
2023-11-30,30.236862182617188
2023-12-01,30.709915161132812
2023-12-04,29.94723892211914
2023-12-05,29.42591094970703
2023-12-06,29.36798667907715
2023-12-07,29.271446228027344
2023-12-08,28.65357780456543
2023-12-11,28.528072357177734
2023-12-12,27.861936569213867
2023-12-13,29.638303756713867
2023-12-14,30.227205276489258
2023-12-15,29.879657745361328
2023-12-18,30.15441131591797
2023-12-19,30.95905303955078
2023-12-20,30.203475952148438
2023-12-21,30.762800216674805
2023-12-22,30.96886444091797
2023-12-26,31.076807022094727
2023-12-27,31.381000518798828
2023-12-28,30.586172103881836
2023-12-29,30.429168701171875
2024-01-02,29.98759651184082
2024-01-03,29.20258140563965
2024-01-04,29.21239471435547
2024-01-05,29.21239471435547
2024-01-08,29.143705368041992
2024-01-09,28.62363052368164
2024-01-10,28.564756393432617
2024-01-11,28.348876953125
2024-01-12,29.143705368041992
2024-01-16,27.85824203491211
2024-01-17,26.994726181030273
2024-01-18,27.073225021362305
2024-01-19,27.17135238647461
2024-01-22,27.083038330078125
2024-01-23,27.70123863220215
2024-01-24,27.18116569519043
2024-01-25,27.720863342285156
2024-01-26,27.544235229492188
2024-01-29,27.82880401611328
2024-01-30,27.62273597717285
2024-01-31,27.416671752929688
2024-02-01,28.486255645751953
2024-02-02,27.49517250061035
2024-02-05,26.847536087036133
2024-02-06,27.200790405273438
2024-02-07,26.945661544799805
2024-02-08,26.78865623474121
2024-02-09,26.4648380279541
2024-02-12,26.778844833374023
2024-02-13,25.405067443847656
2024-02-14,25.52281951904297
2024-02-15,26.268585205078125
2024-02-16,26.356901168823242
2024-02-20,26.48446273803711
2024-02-21,26.31764793395996
2024-02-22,25.67000961303711
2024-02-23,26.160646438598633
2024-02-26,25.758325576782227
2024-02-27,25.54244613647461
2024-02-28,25.297130584716797
2024-02-29,25.86626434326172
2024-03-01,26.818096160888672
2024-03-04,27.975994110107422
2024-03-05,28.123184204101562
2024-03-06,28.613819122314453
2024-03-07,29.055391311645508
2024-03-08,29.084829330444336
2024-03-11,29.565649032592773
2024-03-12,29.025951385498047
2024-03-13,29.722654342651367
2024-03-14,29.33014488220215
2024-03-15,29.33014488220215
2024-03-18,29.18295669555664
2024-03-19,28.51569175720215
2024-03-20,29.69321632385254
2024-03-21,29.398834228515625
2024-03-22,29.045578002929688
2024-03-25,29.271268844604492
2024-03-26,29.290895462036133
2024-03-27,30.380104064941406
2024-03-28,31.02774429321289
2024-04-01,31.430063247680664
2024-04-02,31.832380294799805
2024-04-03,32.51927185058594
2024-04-04,32.166015625
2024-04-05,33.20616149902344
2024-04-08,32.97065353393555
2024-04-09,33.539791107177734
2024-04-10,33.04916000366211
2024-04-11,33.80473709106445
2024-04-12,33.127655029296875
2024-04-15,32.9019660949707
2024-04-16,32.41133117675781
2024-04-17,32.92158889770508
2024-04-18,33.11784362792969
2024-04-19,33.43185043334961
2024-04-22,31.920696258544922
2024-04-23,32.43095397949219
2024-04-24,32.4996452331543
2024-04-25,33.68698501586914
2024-04-26,33.93230056762695
2024-04-29,34.11874008178711
2024-04-30,32.50946044921875
2024-05-01,32.695899963378906
2024-05-02,32.95103454589844
2024-05-03,32.81365203857422
2024-05-06,33.56922912597656
2024-05-07,33.52997589111328
2024-05-08,33.520164489746094
2024-05-09,34.697689056396484
2024-05-10,34.589752197265625
2024-05-13,34.295372009277344
2024-05-14,34.736942291259766
2024-05-15,35.23738479614258
2024-05-16,34.992069244384766
2024-05-17,36.179405212402344
2024-05-20,36.54248046875
2024-05-21,36.238285064697266
2024-05-22,34.786006927490234
2024-05-23,34.099117279052734
2024-05-24,34.59955978393555
2024-05-28,35.423828125
2024-05-29,34.5308723449707
2024-05-30,34.893943786621094
2024-05-31,34.63881301879883
2024-06-03,34.844879150390625
2024-06-04,33.539791107177734
2024-06-05,34.13836669921875
2024-06-06,35.33551025390625
2024-06-07,32.911781311035156
2024-06-10,33.392601013183594
2024-06-11,33.11784362792969
2024-06-12,33.363162994384766
2024-06-13,32.529083251953125
2024-06-14,32.78421401977539
2024-06-17,32.578147888183594
2024-06-18,33.068782806396484
2024-06-20,33.902862548828125
2024-06-21,33.353355407714844
2024-06-24,33.608482360839844
2024-06-25,33.20616149902344
2024-06-26,33.1865348815918
2024-06-27,33.5888557434082
2024-06-28,33.29447555541992
2024-07-01,33.255226135253906
2024-07-02,33.382789611816406
2024-07-03,34.61918640136719
2024-07-05,35.59064483642578
2024-07-08,35.423828125
2024-07-09,35.43363952636719
2024-07-10,36.35603713989258
2024-07-11,37.376556396484375
2024-07-12,37.455055236816406
2024-07-15,37.23918151855469
2024-07-16,38.54426574707031
2024-07-17,37.71999740600586
2024-07-18,37.160675048828125
2024-07-19,36.689666748046875
2024-07-22,36.7485466003418
2024-07-23,36.7485466003418
2024-07-24,36.53266143798828
2024-07-25,35.512142181396484
2024-07-26,35.79671096801758
2024-07-29,35.95371627807617
2024-07-30,36.257911682128906
2024-07-31,37.21955108642578
2024-08-01,36.57191467285156
2024-08-02,35.79671096801758
2024-08-05,34.67806625366211
2024-08-06,34.9626350402832
2024-08-07,34.05986404418945
2024-08-08,34.884132385253906
2024-08-09,35.168701171875
2024-08-12,36.20884704589844
2024-08-13,36.67985534667969
2024-08-14,36.414913177490234
2024-08-15,36.5915412902832
2024-08-16,37.769065856933594
2024-08-19,38.485389709472656
2024-08-20,38.76014709472656
2024-08-21,39.025089263916016
2024-08-22,38.05363082885742
2024-08-23,38.60314178466797
2024-08-26,38.495201110839844
2024-08-27,38.485389709472656
2024-08-28,37.641502380371094
2024-08-29,38.15176010131836
2024-08-30,37.89662551879883
2024-09-03,36.57191467285156
2024-09-04,36.218658447265625
2024-09-05,36.63079071044922
2024-09-06,35.63970947265625
2024-09-09,36.071468353271484
2024-09-10,36.522850036621094
2024-09-11,36.689666748046875
2024-09-12,38.47557830810547
2024-09-13,39.33909606933594
2024-09-16,39.14284133911133
2024-09-17,38.750335693359375
2024-09-18,38.32838821411133
2024-09-19,38.97602844238281
2024-09-20,39.75122833251953
2024-09-23,39.57460021972656
2024-09-24,40.63437271118164
2024-09-25,40.53624725341797
2024-09-26,40.86006164550781
2024-09-27,39.60403823852539
2024-09-30,39.074153900146484
2024-10-01,39.692352294921875
2024-10-02,39.61384963989258
2024-10-03,38.81902313232422
2024-10-04,38.809207916259766
2024-10-07,38.298946380615234
2024-10-08,38.259700775146484
2024-10-09,38.063446044921875
2024-10-10,39.12321472167969
2024-10-11,39.299842834472656
2024-10-14,39.40778350830078
2024-10-15,39.91804122924805
2024-10-16,40.232051849365234
2024-10-17,40.71287155151367
2024-10-18,42.34178161621094
2024-10-21,42.41046905517578
2024-10-22,43.2641716003418
2024-10-23,42.4497184753418
2024-10-24,41.340885162353516
2024-10-25,40.78156280517578
2024-10-28,40.58530807495117
2024-10-29,41.232948303222656
2024-10-30,40.73249816894531
2024-10-31,39.58441162109375
2024-11-01,39.10358810424805
2024-11-04,39.15265655517578
2024-11-05,39.35872268676758
2024-11-06,37.91625213623047
2024-11-07,38.82883834838867
2024-11-08,38.28913497924805
2024-11-11,36.042030334472656
2024-11-12,35.43363952636719
2024-11-13,34.893943786621094
2024-11-14,35.05094909667969
2024-11-15,34.844879150390625
2024-11-18,36.326595306396484
2024-11-19,37.17049026489258
2024-11-20,37.013484954833984
2024-11-21,37.42561721801758
2024-11-22,37.56299591064453
2024-11-25,36.44435119628906
2024-11-26,36.5915412902832
2024-11-27,36.7485466003418
2024-11-29,36.954612731933594
2024-12-02,36.140159606933594
2024-12-03,36.99386215209961
2024-12-04,36.89573287963867
2024-12-05,36.82704162597656
2024-12-06,36.130340576171875
2024-12-09,37.199928283691406
2024-12-10,37.26861572265625
2024-12-11,38.357826232910156
2024-12-12,36.954612731933594
2024-12-13,35.963531494140625
2024-12-16,35.73783493041992
2024-12-17,35.512142181396484
2024-12-18,33.883235931396484
2024-12-19,33.7458610534668
2024-12-20,34.079490661621094
2024-12-23,34.16189193725586
2024-12-24,34.16189193725586
2024-12-26,34.221458435058594
2024-12-27,34.012969970703125
2024-12-30,33.52650451660156
2024-12-31,33.665496826171875
2025-01-02,35.08518600463867
2025-01-03,34.74763870239258
2025-01-06,34.330665588378906
2025-01-07,34.79727554321289
2025-01-08,35.64114761352539
2025-01-10,35.71064376831055
2025-01-13,35.12489700317383
2025-01-14,36.05812072753906
2025-01-15,36.45523452758789
2025-01-16,36.355953216552734
2025-01-17,36.48501968383789
2025-01-21,37.33881759643555
2025-01-22,37.25939178466797
2025-01-23,37.229610443115234
2025-01-24,37.676368713378906
2025-01-27,37.080692291259766
2025-01-28,37.42816925048828
2025-01-29,37.62672805786133
2025-01-30,39.135765075683594
2025-01-31,38.67908477783203
2025-02-03,39.274757385253906
2025-02-04,39.74136734008789
2025-02-05,40.74408721923828
2025-02-06,40.833438873291016
2025-02-07,40.56538391113281
2025-02-10,41.65745162963867
2025-02-11,41.14120101928711
2025-02-12,41.826229095458984
2025-02-13,42.20348358154297
2025-02-14,40.78379821777344
2025-02-18,41.240482330322266
2025-02-19,41.240482330322266
2025-02-20,41.9354362487793
2025-02-21,40.50581741333008
2025-02-24,40.674591064453125
2025-02-25,40.088844299316406
2025-02-26,40.56538391113281
2025-02-27,39.17547607421875
2025-02-28,39.4336051940918
2025-03-03,39.423675537109375
2025-03-04,39.989566802978516
2025-03-05,41.39932632446289
2025-03-06,41.0617790222168
2025-03-07,41.339759826660156
2025-03-10,40.2179069519043
2025-03-11,41.5383186340332
2025-03-12,41.59788513183594
2025-03-13,42.8984375
2025-03-14,43.325340270996094
2025-03-17,44.248634338378906
2025-03-18,44.526611328125
2025-03-19,44.903873443603516
2025-03-20,44.834381103515625
2025-03-21,44.17913818359375
2025-03-24,43.93094253540039
2025-03-25,44.69538879394531
2025-03-26,44.3479118347168
2025-03-27,45.430049896240234
2025-03-28,45.241424560546875
2025-03-31,45.63854217529297
2025-04-01,45.469764709472656
2025-04-02,45.430049896240234
2025-04-03,45.390342712402344
2025-04-04,41.37947082519531
2025-04-07,41.15113067626953
2025-04-08,41.20077133178711
2025-04-09,44.66560745239258
2025-04-10,46.82988357543945
2025-04-11,49.341644287109375
2025-04-14,49.65933609008789
2025-04-15,50.16565704345703
2025-04-16,51.535709381103516
2025-04-17,50.5528450012207
2025-04-21,51.287513732910156
2025-04-22,49.867820739746094
2025-04-23,48.378639221191406
2025-04-24,49.40121078491211
2025-04-25,48.45806121826172
2025-04-28,49.07359313964844
2025-04-29,48.13043975830078
2025-04-30,48.6566162109375
2025-05-01,46.85967254638672
2025-05-02,46.740535736083984
2025-05-05,48.36871337890625
2025-05-06,50.42378616333008
2025-05-07,49.460777282714844
2025-05-08,48.527557373046875
2025-05-09,50.006813049316406
2025-05-12,46.283851623535156
2025-05-13,46.204429626464844
2025-05-14,45.22156524658203
2025-05-15,46.15479278564453
2025-05-16,45.99594497680664
2025-05-19,46.998661041259766
2025-05-20,48.45806121826172
2025-05-21,49.083518981933594
2025-05-22,48.82539367675781
2025-05-23,50.16565704345703
2025-05-27,49.41114044189453
2025-05-28,49.98695755004883
2025-05-29,49.91746139526367
2025-05-30,50.28479766845703
2025-06-02,53.38229751586914
2025-06-03,52.70720291137695
2025-06-04,52.82633590698242
2025-06-05,52.76676940917969
2025-06-06,51.247798919677734
2025-06-09,51.75412368774414
2025-06-10,51.05916976928711
2025-06-11,51.56549072265625
2025-06-12,53.14402770996094
2025-06-13,54.06732177734375
2025-06-16,53.163883209228516
2025-06-17,53.12417221069336
2025-06-18,52.61785125732422
2025-06-20,51.91297149658203
2025-06-23,52.72705841064453
2025-06-24,51.48606872558594
2025-06-25,51.54563522338867
2025-06-26,52.2405891418457
2025-06-27,50.36421585083008
2025-06-30,51.684627532958984
2025-07-01,51.664772033691406
2025-07-02,52.28030014038086
2025-07-03,52.528499603271484
2025-07-07,52.78662109375
2025-07-08,50.42378616333008
2025-07-09,51.128665924072266
2025-07-10,51.52578353881836
2025-07-11,52.042030334472656
2025-07-14,52.071815490722656
2025-07-15,51.247798919677734
2025-07-16,51.44635772705078
2025-07-17,50.870540618896484
2025-07-18,50.76133346557617
2025-07-21,52.6377067565918
2025-07-22,54.08717727661133
2025-07-23,53.4517936706543
2025-07-24,52.945472717285156
2025-07-25,53.570926666259766
2025-07-28,52.21080780029297
2025-07-29,52.86604690551758
2025-07-30,51.406646728515625
2025-07-31,51.26765441894531
2025-08-01,52.071815490722656
2025-08-04,54.543861389160156
2025-08-05,56.05290222167969
2025-08-06,56.9761962890625
2025-08-07,57.5222282409668
2025-08-08,57.6413688659668
2025-08-11,57.27403259277344
2025-08-12,57.790283203125
2025-08-13,57.65129470825195
2025-08-14,57.28396224975586
2025-08-15,57.859779357910156
2025-08-18,57.68107604980469
2025-08-19,56.191890716552734
2025-08-20,57.89949035644531
2025-08-21,58.86249923706055
2025-08-22,59.74607849121094
2025-08-25,59.82550048828125
2025-08-26,61.15583801269531
2025-08-27,61.036705017089844
2025-08-28,60.88779067993164
2025-08-29,62.71451950073242
2025-09-02,64.33277130126953
2025-09-03,64.7298812866211
2025-09-04,64.10442352294922
2025-09-05,65.86166381835938
2025-09-08,66.75517272949219
2025-09-09,66.36798858642578
2025-09-10,68.00608825683594
2025-09-11,69.25700378417969
2025-09-12,69.24707794189453
2025-09-15,69.97181701660156
2025-09-16,68.5223388671875
2025-09-17,68.1649398803711
2025-09-18,68.29399871826172
2025-09-19,71.8382568359375
2025-09-22,73.79405212402344
2025-09-23,73.69477844238281
2025-09-24,71.79854583740234
2025-09-25,72.60269927978516
2025-09-26,74.14153289794922
2025-09-29,75.17403411865234
2025-09-30,75.84912872314453
2025-10-01,76.57386016845703
2025-10-02,76.54407501220703
2025-10-03,76.52422332763672
2025-10-06,78.0431900024414
2025-10-07,76.4150161743164
2025-10-08,78.57929992675781
2025-10-09,75.06482696533203
2025-10-10,75.23359680175781
2025-10-13,78.79771423339844
2025-10-14,77.88434600830078
2025-10-15,80.882568359375
2025-10-16,83.83116149902344
2025-10-17,78.1623306274414
2025-10-20,79.78057861328125
2025-10-21,72.2651596069336
2025-10-22,72.42400360107422
2025-10-23,73.25794982910156
2025-10-24,72.27508544921875
2025-10-27,69.40592956542969
2025-10-28,70.50791931152344
2025-10-29,70.55755615234375
2025-10-30,72.3743667602539
2025-10-31,71.54042053222656
2025-11-03,70.78590393066406
2025-11-04,67.78767395019531
2025-11-05,70.16043853759766
2025-11-06,70.24979400634766
2025-11-07,72.02689361572266
2025-11-10,75.43215942382812
2025-11-11,76.15689086914062
2025-11-12,78.67858123779297
2025-11-13,76.49444580078125
2025-11-14,75.6108627319336
2025-11-17,74.40957641601562
2025-11-18,75.08467864990234
2025-11-19,75.83919525146484
2025-11-20,72.44386291503906
2025-11-21,73.11895751953125
2025-11-24,77.39788055419922
2025-11-25,77.2390365600586
2025-11-26,80.96199798583984
2025-11-28,82.6298828125
2025-12-01,82.22283935546875
2025-12-02,81.02156066894531
2025-12-03,80.47552490234375
2025-12-04,80.80314636230469
2025-12-05,80.44573974609375
2025-12-08,78.5892333984375
2025-12-09,81.34918212890625
2025-12-10,82.71923065185547
2025-12-11,85.6380386352539
2025-12-12,85.04236602783203
2025-12-15,84.23819732666016
2025-12-16,84.21834564208984
2025-12-17,85.21113586425781
2025-12-18,85.05228424072266
2025-12-19,87.1570053100586
2025-12-22,90.18000030517578
2025-12-23,90.2699966430664
2025-12-24,89.69999694824219
2025-12-26,91.29000091552734
2025-12-29,85.8499984741211
2025-12-30,86.83999633789062
2025-12-31,85.7699966430664
2026-01-02,85.7300033569336
2026-01-05,88.44999694824219
2026-01-06,92.13999938964844
2026-01-07,91.05999755859375
2026-01-08,91.54000091552734
2026-01-09,92.55999755859375
2026-01-12,95.72000122070312
2026-01-13,96.47000122070312
2026-01-14,96.86000061035156
2026-01-15,97.11000061035156
2026-01-16,97.23999786376953
2026-01-20,102.77999877929688
2026-01-21,101.29000091552734
2026-01-22,105.16999816894531
2026-01-23,107.0199966430664
2026-01-26,107.4800033569336
2026-01-27,109.29000091552734
2026-01-28,112.16000366210938
2026-01-29,107.9800033569336
2026-01-30,94.19999694824219
2026-02-02,94.19000244140625
2026-02-03,98.22000122070312
2026-02-04,98.69999694824219
2026-02-05,92.44000244140625
2026-02-06,97.38999938964844
2026-02-09,102.88999938964844
2026-02-10,103.01000213623047
2026-02-11,105.97000122070312
2026-02-12,98.27999877929688
2026-02-13,103.94000244140625
2026-02-17,100.25
2026-02-18,102.55999755859375
2026-02-19,104.23999786376953
2026-02-20,106.26000213623047
2026-02-23,110.29000091552734
2026-02-24,110.69999694824219
2026-02-25,111.16000366210938
2026-02-26,113.88999938964844
2026-02-27,115.83999633789062
2026-03-02,115.33999633789062
2026-03-03,105.23999786376953
2026-03-04,105.87999725341797
2026-03-05,101.81999969482422
2026-03-06,101.37999725341797
2026-03-09,102.44000244140625
2026-03-10,103.37000274658203
2026-03-11,101.36000061035156
2026-03-12,99.30000305175781
2026-03-13,93.26000213623047
2026-03-16,94.37999725341797
2026-03-17,93.95999908447266
2026-03-18,88.11000061035156
2026-03-19,82.9000015258789
2026-03-20,80.12000274658203
2026-03-23,83.37999725341797
2026-03-24,83.5
2026-03-25,86.31999969482422
2026-03-26,82.38999938964844
2026-03-27,85.79000091552734
2026-03-30,85.79000091552734
2026-03-31,91.7699966430664
2026-04-01,96.01000213623047
2026-04-02,94.58999633789062
2026-04-06,93.81999969482422
2026-04-07,94.97000122070312
2026-04-08,98.18000030517578
2026-04-09,98.3499984741211
2026-04-10,99.38999938964844
2026-04-13,98.77999877929688
2026-04-14,100.75
2026-04-15,97.7699966430664
2026-04-16,97.66000366210938
2026-04-17,100.33999633789062
2026-04-20,99.12999725341797
2026-04-21,92.98999786376953
2026-04-22,94.4800033569336
2026-04-23,92.19000244140625
2026-04-24,94.33999633789062
2026-04-27,92.58999633789062
2026-04-28,88.54000091552734
2026-04-29,86.22000122070312
2026-04-30,88.29000091552734
2026-05-01,87.11000061035156
2026-05-04,85.6500015258789
2026-05-05,85.80999755859375
2026-05-06,92.44000244140625
2026-05-07,91.72000122070312
2026-05-08,94.58999633789062
2026-05-11,97.5999984741211
2026-05-12,97.13999938964844
2026-05-13,96.2300033569336
2026-05-14,93.94999694824219
2026-05-15,87.3499984741211
2026-05-18,87.13999938964844
2026-05-19,83.77999877929688
2026-05-20,86.36000061035156
2026-05-21,85.98999786376953
2026-05-22,85.0199966430664
2026-05-26,88.5
2026-05-27,85.44000244140625
2026-05-28,87.18000030517578
2026-05-29,89.48999786376953
2026-06-01,86.68000030517578
2026-06-02,88.05000305175781
2026-06-03,85.0
2026-06-04,86.4000015258789
2026-06-05,78.83999633789062
2026-06-08,78.66999816894531
2026-06-09,77.58999633789062
2026-06-10,73.80999755859375
2026-06-11,77.72000122070312
2026-06-12,80.02999877929688
2026-06-15,85.2699966430664
2026-06-16,87.23999786376953
2026-06-17,84.36000061035156
2026-06-18,82.51000213623047
2026-06-22,81.44000244140625
2026-06-23,77.66000366210938
2026-06-24,74.58999633789062
2026-06-25,75.66999816894531
2026-06-26,77.0
2026-06-29,75.68000030517578
2026-06-30,75.44999694824219
2026-07-01,75.06999969482422
2026-07-02,78.43000030517578
2026-07-06,78.73999786376953
2026-07-07,75.76000213623047
2026-07-08,73.52999877929688
2026-07-09,75.77999877929688
2026-07-10,75.52999877929688
2026-07-13,73.37000274658203
2026-07-14,74.87999725341797
2026-07-15,74.0
2026-07-16,71.4000015258789
2026-07-17,71.31999969482422
2026-07-20,70.73999786376953
2026-07-21,74.19000244140625
2026-07-22,76.68000030517578
2026-07-23,75.0199966430664
2026-07-24,75.2300033569336
2026-07-27,75.7300033569336
2026-07-28,74.20999908447266
2026-07-29,73.56999969482422
2026-07-30,76.77999877929688
2026-07-31,74.0999984741211
2026-08-03,76.05000305175781
2026-08-04,77.91999816894531
2026-08-05,83.68000030517578
2026-08-06,83.91999816894531
2026-08-07,89.88999938964844
2026-08-10,90.48999786376953
2026-08-11,90.12000274658203
2026-08-12,90.95999908447266
2026-08-13,88.2699966430664
2026-08-14,89.97000122070312
2026-08-17,91.88999938964844
2026-08-18,88.94999694824219
2026-08-19,97.33000183105469
2026-08-20,99.8499984741211
2026-08-21,102.83000183105469
2026-08-24,103.54000091552734
2026-08-25,105.5199966430664
2026-08-26,102.41999816894531
2026-08-27,103.69000244140625
