Price,Close
Ticker,GDX
Date,
2006-05-22,37.22999954223633
2006-05-23,37.959999084472656
2006-05-24,36.52000045776367
2006-05-25,38.31999969482422
2006-05-26,38.54999923706055
2006-05-30,38.16999816894531
2006-05-31,38.849998474121094
2006-06-01,38.529998779296875
2006-06-02,39.130001068115234
2006-06-05,38.130001068115234
2006-06-06,37.0099983215332
2006-06-07,36.13999938964844
2006-06-08,35.27000045776367
2006-06-09,35.06999969482422
2006-06-12,33.779998779296875
2006-06-13,32.20000076293945
2006-06-14,33.029998779296875
2006-06-15,34.939998626708984
2006-06-16,34.56999969482422
2006-06-19,33.599998474121094
2006-06-20,34.34000015258789
2006-06-21,35.86000061035156
2006-06-22,35.63999938964844
2006-06-23,36.279998779296875
2006-06-26,36.630001068115234
2006-06-27,35.47999954223633
2006-06-28,35.310001373291016
2006-06-29,37.959999084472656
2006-06-30,38.70000076293945
2006-07-03,40.22999954223633
2006-07-05,39.369998931884766
2006-07-06,39.72999954223633
2006-07-07,39.029998779296875
2006-07-10,38.66999816894531
2006-07-11,39.7599983215332
2006-07-12,39.4900016784668
2006-07-13,38.33000183105469
2006-07-14,38.970001220703125
2006-07-17,37.400001525878906
2006-07-18,37.0
2006-07-19,38.439998626708984
2006-07-20,36.83000183105469
2006-07-21,35.810001373291016
2006-07-24,36.689998626708984
2006-07-25,37.689998626708984
2006-07-26,38.36000061035156
2006-07-27,37.5
2006-07-28,38.779998779296875
2006-07-31,38.7599983215332
2006-08-01,39.75
2006-08-02,40.65999984741211
2006-08-03,39.90999984741211
2006-08-04,39.59000015258789
2006-08-07,40.119998931884766
2006-08-08,39.720001220703125
2006-08-09,40.58000183105469
2006-08-10,39.75
2006-08-11,38.689998626708984
2006-08-14,38.040000915527344
2006-08-15,38.560001373291016
2006-08-16,39.189998626708984
2006-08-17,38.279998779296875
2006-08-18,38.380001068115234
2006-08-21,40.290000915527344
2006-08-22,40.5
2006-08-23,40.380001068115234
2006-08-24,39.75
2006-08-25,39.97999954223633
2006-08-28,39.09000015258789
2006-08-29,39.349998474121094
2006-08-30,39.5099983215332
2006-08-31,40.59000015258789
2006-09-01,40.88999938964844
2006-09-05,42.099998474121094
2006-09-06,41.70000076293945
2006-09-07,40.29999923706055
2006-09-08,39.2400016784668
2006-09-11,36.400001525878906
2006-09-12,36.06999969482422
2006-09-13,36.349998474121094
2006-09-14,34.95000076293945
2006-09-15,35.22999954223633
2006-09-18,36.150001525878906
2006-09-19,34.68000030517578
2006-09-20,34.36000061035156
2006-09-21,34.79999923706055
2006-09-22,34.849998474121094
2006-09-25,34.459999084472656
2006-09-26,35.630001068115234
2006-09-27,36.38999938964844
2006-09-28,35.959999084472656
2006-09-29,35.650001525878906
2006-10-02,35.72999954223633
2006-10-03,33.459999084472656
2006-10-04,33.77000045776367
2006-10-05,34.5099983215332
2006-10-06,34.369998931884766
2006-10-09,34.09000015258789
2006-10-10,34.43000030517578
2006-10-11,33.810001373291016
2006-10-12,34.70000076293945
2006-10-13,35.790000915527344
2006-10-16,36.060001373291016
2006-10-17,35.79999923706055
2006-10-18,35.18000030517578
2006-10-19,36.34000015258789
2006-10-20,35.7400016784668
2006-10-23,36.08000183105469
2006-10-24,36.33000183105469
2006-10-25,37.349998474121094
2006-10-26,37.27000045776367
2006-10-27,36.84000015258789
2006-10-30,37.0099983215332
2006-10-31,37.959999084472656
2006-11-01,38.040000915527344
2006-11-02,38.34000015258789
2006-11-03,38.79999923706055
2006-11-06,38.43000030517578
2006-11-07,38.54999923706055
2006-11-08,38.2599983215332
2006-11-09,39.900001525878906
2006-11-10,39.0099983215332
2006-11-13,38.91999816894531
2006-11-14,38.400001525878906
2006-11-15,38.880001068115234
2006-11-16,37.31999969482422
2006-11-17,37.349998474121094
2006-11-20,37.31999969482422
2006-11-21,38.689998626708984
2006-11-22,38.84000015258789
2006-11-24,39.900001525878906
2006-11-27,39.959999084472656
2006-11-28,40.400001525878906
2006-11-29,40.529998779296875
2006-11-30,41.97999954223633
2006-12-01,41.540000915527344
2006-12-04,42.09000015258789
2006-12-05,41.58000183105469
2006-12-06,40.90999984741211
2006-12-07,41.25
2006-12-08,40.5
2006-12-11,40.83000183105469
2006-12-12,40.36000061035156
2006-12-13,40.400001525878906
2006-12-14,40.54999923706055
2006-12-15,39.7599983215332
2006-12-18,39.31999969482422
2006-12-19,40.41999816894531
2006-12-20,39.68000030517578
2006-12-21,39.0
2006-12-22,38.689998626708984
2006-12-26,39.029998779296875
2006-12-27,39.790000915527344
2006-12-28,40.16999816894531
2006-12-29,39.90999984741211
2007-01-03,38.43000030517578
2007-01-04,37.720001220703125
2007-01-05,37.209999084472656
2007-01-08,37.29999923706055
2007-01-09,37.04999923706055
2007-01-10,36.61000061035156
2007-01-11,36.93000030517578
2007-01-12,37.900001525878906
2007-01-16,37.52000045776367
2007-01-17,37.70000076293945
2007-01-18,36.970001220703125
2007-01-19,37.529998779296875
2007-01-22,37.27000045776367
2007-01-23,39.099998474121094
2007-01-24,39.560001373291016
2007-01-25,39.11000061035156
2007-01-26,39.20000076293945
2007-01-29,38.54999923706055
2007-01-30,38.970001220703125
2007-01-31,39.599998474121094
2007-02-01,39.849998474121094
2007-02-02,39.31999969482422
2007-02-05,39.47999954223633
2007-02-06,39.72999954223633
2007-02-07,39.310001373291016
2007-02-08,40.2599983215332
2007-02-09,40.11000061035156
2007-02-12,39.61000061035156
2007-02-13,40.22999954223633
2007-02-14,40.88999938964844
2007-02-15,41.20000076293945
2007-02-16,40.939998626708984
2007-02-20,40.08000183105469
2007-02-21,41.56999969482422
2007-02-22,41.79999923706055
2007-02-23,41.83000183105469
2007-02-26,42.349998474121094
2007-02-27,39.349998474121094
2007-02-28,39.9900016784668
2007-03-01,39.150001525878906
2007-03-02,37.68000030517578
2007-03-05,36.91999816894531
2007-03-06,38.08000183105469
2007-03-07,38.09000015258789
2007-03-08,38.349998474121094
2007-03-09,38.029998779296875
2007-03-12,38.650001525878906
2007-03-13,37.150001525878906
2007-03-14,37.36000061035156
2007-03-15,38.2400016784668
2007-03-16,38.36000061035156
2007-03-19,38.849998474121094
2007-03-20,39.220001220703125
2007-03-21,40.11000061035156
2007-03-22,39.970001220703125
2007-03-23,39.83000183105469
2007-03-26,40.13999938964844
2007-03-27,39.45000076293945
2007-03-28,39.63999938964844
2007-03-29,39.45000076293945
2007-03-30,39.56999969482422
2007-04-02,40.150001525878906
2007-04-03,40.47999954223633
2007-04-04,41.189998626708984
2007-04-05,41.16999816894531
2007-04-09,41.04999923706055
2007-04-10,41.380001068115234
2007-04-11,41.099998474121094
2007-04-12,41.279998779296875
2007-04-13,42.349998474121094
2007-04-16,42.880001068115234
2007-04-17,42.290000915527344
2007-04-18,42.09000015258789
2007-04-19,41.06999969482422
2007-04-20,41.470001220703125
2007-04-23,41.09000015258789
2007-04-24,40.54999923706055
2007-04-25,41.0099983215332
2007-04-26,40.060001373291016
2007-04-27,40.34000015258789
2007-04-30,39.560001373291016
2007-05-01,39.29999923706055
2007-05-02,40.36000061035156
2007-05-03,40.709999084472656
2007-05-04,40.709999084472656
2007-05-07,40.97999954223633
2007-05-08,40.75
2007-05-09,40.599998474121094
2007-05-10,39.47999954223633
2007-05-11,39.75
2007-05-14,39.15999984741211
2007-05-15,39.06999969482422
2007-05-16,38.439998626708984
2007-05-17,38.2599983215332
2007-05-18,39.0099983215332
2007-05-21,39.470001220703125
2007-05-22,38.86000061035156
2007-05-23,39.31999969482422
2007-05-24,38.09000015258789
2007-05-25,38.2599983215332
2007-05-29,37.95000076293945
2007-05-30,37.9900016784668
2007-05-31,39.15999984741211
2007-06-01,40.060001373291016
2007-06-04,40.04999923706055
2007-06-05,39.72999954223633
2007-06-06,39.33000183105469
2007-06-07,38.0099983215332
2007-06-08,38.290000915527344
2007-06-11,38.22999954223633
2007-06-12,37.43000030517578
2007-06-13,37.9900016784668
2007-06-14,38.380001068115234
2007-06-15,39.09000015258789
2007-06-18,38.97999954223633
2007-06-19,39.470001220703125
2007-06-20,38.689998626708984
2007-06-21,39.150001525878906
2007-06-22,38.790000915527344
2007-06-25,37.849998474121094
2007-06-26,37.099998474121094
2007-06-27,37.400001525878906
2007-06-28,37.630001068115234
2007-06-29,37.88999938964844
2007-07-02,38.84000015258789
2007-07-03,38.72999954223633
2007-07-05,39.25
2007-07-06,40.529998779296875
2007-07-09,40.880001068115234
2007-07-10,40.65999984741211
2007-07-11,40.65999984741211
2007-07-12,41.279998779296875
2007-07-13,41.310001373291016
2007-07-16,41.060001373291016
2007-07-17,40.81999969482422
2007-07-18,42.47999954223633
2007-07-19,43.09000015258789
2007-07-20,43.040000915527344
2007-07-23,42.9900016784668
2007-07-24,42.400001525878906
2007-07-25,41.720001220703125
2007-07-26,40.29999923706055
2007-07-27,39.02000045776367
2007-07-30,40.099998474121094
2007-07-31,39.939998626708984
2007-08-01,39.47999954223633
2007-08-02,39.810001373291016
2007-08-03,39.47999954223633
2007-08-06,38.7400016784668
2007-08-07,38.58000183105469
2007-08-08,40.130001068115234
2007-08-09,39.45000076293945
2007-08-10,39.849998474121094
2007-08-13,39.130001068115234
2007-08-14,38.04999923706055
2007-08-15,36.45000076293945
2007-08-16,34.4900016784668
2007-08-17,35.220001220703125
2007-08-20,35.79999923706055
2007-08-21,35.75
2007-08-22,36.880001068115234
2007-08-23,36.349998474121094
2007-08-24,37.130001068115234
2007-08-27,36.630001068115234
2007-08-28,35.709999084472656
2007-08-29,36.959999084472656
2007-08-30,36.5099983215332
2007-08-31,37.650001525878906
2007-09-04,38.65999984741211
2007-09-05,38.47999954223633
2007-09-06,40.95000076293945
2007-09-07,41.16999816894531
2007-09-10,40.939998626708984
2007-09-11,42.04999923706055
2007-09-12,42.189998626708984
2007-09-13,42.209999084472656
2007-09-14,42.16999816894531
2007-09-17,42.150001525878906
2007-09-18,43.599998474121094
2007-09-19,44.029998779296875
2007-09-20,45.81999969482422
2007-09-21,45.47999954223633
2007-09-24,45.099998474121094
2007-09-25,44.59000015258789
2007-09-26,43.849998474121094
2007-09-27,44.33000183105469
2007-09-28,45.349998474121094
2007-10-01,45.81999969482422
2007-10-02,43.79999923706055
2007-10-03,43.58000183105469
2007-10-04,44.369998931884766
2007-10-05,45.59000015258789
2007-10-08,44.619998931884766
2007-10-09,45.790000915527344
2007-10-10,46.68000030517578
2007-10-11,46.79999923706055
2007-10-12,47.790000915527344
2007-10-15,48.02000045776367
2007-10-16,47.290000915527344
2007-10-17,46.459999084472656
2007-10-18,47.400001525878906
2007-10-19,46.79999923706055
2007-10-22,45.529998779296875
2007-10-23,46.619998931884766
2007-10-24,47.0
2007-10-25,47.45000076293945
2007-10-26,48.400001525878906
2007-10-29,49.84000015258789
2007-10-30,48.81999969482422
2007-10-31,50.599998474121094
2007-11-01,48.81999969482422
2007-11-02,50.709999084472656
2007-11-05,50.439998626708984
2007-11-06,52.25
2007-11-07,51.529998779296875
2007-11-08,51.400001525878906
2007-11-09,50.310001373291016
2007-11-12,46.689998626708984
2007-11-13,47.58000183105469
2007-11-14,48.70000076293945
2007-11-15,46.439998626708984
2007-11-16,46.95000076293945
2007-11-19,45.45000076293945
2007-11-20,47.93000030517578
2007-11-21,46.81999969482422
2007-11-23,48.849998474121094
2007-11-26,47.060001373291016
2007-11-27,46.61000061035156
2007-11-28,47.86000061035156
2007-11-29,47.02000045776367
2007-11-30,46.36000061035156
2007-12-03,46.81999969482422
2007-12-04,46.20000076293945
2007-12-05,45.91999816894531
2007-12-06,46.779998779296875
2007-12-07,46.400001525878906
2007-12-10,47.34000015258789
2007-12-11,45.93000030517578
2007-12-12,46.70000076293945
2007-12-13,45.04999923706055
2007-12-14,44.310001373291016
2007-12-17,42.54999923706055
2007-12-18,43.41999816894531
2007-12-19,43.04999923706055
2007-12-20,42.869998931884766
2007-12-21,45.0
2007-12-24,44.33000183105469
2007-12-26,45.68000030517578
2007-12-27,45.380001068115234
2007-12-28,46.630001068115234
2007-12-31,45.83000183105469
2008-01-02,49.2400016784668
2008-01-03,50.7400016784668
2008-01-04,49.900001525878906
2008-01-07,49.060001373291016
2008-01-08,50.79999923706055
2008-01-09,51.130001068115234
2008-01-10,52.02000045776367
2008-01-11,52.41999816894531
2008-01-14,53.31999969482422
2008-01-15,51.209999084472656
2008-01-16,48.83000183105469
2008-01-17,47.90999984741211
2008-01-18,48.34000015258789
2008-01-22,49.5
2008-01-23,48.189998626708984
2008-01-24,50.349998474121094
2008-01-25,50.41999816894531
2008-01-28,51.209999084472656
2008-01-29,50.70000076293945
2008-01-30,51.04999923706055
2008-01-31,50.349998474121094
2008-02-01,49.150001525878906
2008-02-04,48.150001525878906
2008-02-05,46.75
2008-02-06,46.900001525878906
2008-02-07,46.86000061035156
2008-02-08,48.540000915527344
2008-02-11,48.650001525878906
2008-02-12,46.88999938964844
2008-02-13,47.7599983215332
2008-02-14,47.4900016784668
2008-02-15,47.75
2008-02-19,49.599998474121094
2008-02-20,50.95000076293945
2008-02-21,50.790000915527344
2008-02-22,50.880001068115234
2008-02-25,50.939998626708984
2008-02-26,52.029998779296875
2008-02-27,53.15999984741211
2008-02-28,54.380001068115234
2008-02-29,53.119998931884766
2008-03-03,54.619998931884766
2008-03-04,52.75
2008-03-05,54.689998626708984
2008-03-06,54.779998779296875
2008-03-07,53.45000076293945
2008-03-10,51.41999816894531
2008-03-11,53.560001373291016
2008-03-12,53.650001525878906
2008-03-13,56.04999923706055
2008-03-14,56.41999816894531
2008-03-17,54.970001220703125
2008-03-18,52.38999938964844
2008-03-19,49.369998931884766
2008-03-20,47.779998779296875
2008-03-24,46.970001220703125
2008-03-25,49.040000915527344
2008-03-26,49.900001525878906
2008-03-27,49.36000061035156
2008-03-28,49.08000183105469
2008-03-31,47.70000076293945
2008-04-01,46.38999938964844
2008-04-02,48.380001068115234
2008-04-03,48.540000915527344
2008-04-04,48.90999984741211
2008-04-07,49.150001525878906
2008-04-08,48.43000030517578
2008-04-09,49.349998474121094
2008-04-10,49.029998779296875
2008-04-11,48.220001220703125
2008-04-14,48.0
2008-04-15,49.099998474121094
2008-04-16,51.43000030517578
2008-04-17,50.810001373291016
2008-04-18,49.29999923706055
2008-04-21,48.720001220703125
2008-04-22,48.130001068115234
2008-04-23,46.25
2008-04-24,44.310001373291016
2008-04-25,45.33000183105469
2008-04-28,44.310001373291016
2008-04-29,42.529998779296875
2008-04-30,43.599998474121094
2008-05-01,42.650001525878906
2008-05-02,43.18000030517578
2008-05-05,44.099998474121094
2008-05-06,45.189998626708984
2008-05-07,44.4900016784668
2008-05-08,46.08000183105469
2008-05-09,45.959999084472656
2008-05-12,45.97999954223633
2008-05-13,45.349998474121094
2008-05-14,44.68000030517578
2008-05-15,46.209999084472656
2008-05-16,47.31999969482422
2008-05-19,47.560001373291016
2008-05-20,48.720001220703125
2008-05-21,48.70000076293945
2008-05-22,48.18000030517578
2008-05-23,47.75
2008-05-27,46.439998626708984
2008-05-28,46.959999084472656
2008-05-29,45.25
2008-05-30,46.02000045776367
2008-06-02,46.40999984741211
2008-06-03,45.45000076293945
2008-06-04,44.68000030517578
2008-06-05,45.790000915527344
2008-06-06,46.689998626708984
2008-06-09,46.650001525878906
2008-06-10,44.209999084472656
2008-06-11,44.11000061035156
2008-06-12,43.18000030517578
2008-06-13,43.150001525878906
2008-06-16,43.650001525878906
2008-06-17,44.040000915527344
2008-06-18,44.279998779296875
2008-06-19,44.04999923706055
2008-06-20,43.84000015258789
2008-06-23,44.279998779296875
2008-06-24,44.060001373291016
2008-06-25,43.880001068115234
2008-06-26,46.41999816894531
2008-06-27,48.290000915527344
2008-06-30,48.59000015258789
2008-07-01,49.529998779296875
2008-07-02,48.13999938964844
2008-07-03,47.06999969482422
2008-07-07,46.25
2008-07-08,45.54999923706055
2008-07-09,45.36000061035156
2008-07-10,46.66999816894531
2008-07-11,48.709999084472656
2008-07-14,50.84000015258789
2008-07-15,49.599998474121094
2008-07-16,48.56999969482422
2008-07-17,47.54999923706055
2008-07-18,47.54999923706055
2008-07-21,48.689998626708984
2008-07-22,47.0
2008-07-23,44.56999969482422
2008-07-24,44.0099983215332
2008-07-25,44.2599983215332
2008-07-28,44.61000061035156
2008-07-29,43.66999816894531
2008-07-30,43.189998626708984
2008-07-31,43.47999954223633
2008-08-01,42.400001525878906
2008-08-04,40.849998474121094
2008-08-05,38.59000015258789
2008-08-06,39.209999084472656
2008-08-07,38.91999816894531
2008-08-08,36.29999923706055
2008-08-11,34.43000030517578
2008-08-12,35.369998931884766
2008-08-13,37.54999923706055
2008-08-14,35.869998931884766
2008-08-15,34.459999084472656
2008-08-18,35.11000061035156
2008-08-19,36.13999938964844
2008-08-20,36.18000030517578
2008-08-21,38.29999923706055
2008-08-22,37.4900016784668
2008-08-25,37.04999923706055
2008-08-26,37.02000045776367
2008-08-27,37.79999923706055
2008-08-28,37.91999816894531
2008-08-29,37.63999938964844
2008-09-02,35.25
2008-09-03,33.56999969482422
2008-09-04,32.18000030517578
2008-09-05,32.650001525878906
2008-09-08,30.940000534057617
2008-09-09,28.100000381469727
2008-09-10,29.079999923706055
2008-09-11,28.200000762939453
2008-09-12,31.25
2008-09-15,30.329999923706055
2008-09-16,30.549999237060547
2008-09-17,34.099998474121094
2008-09-18,34.20000076293945
2008-09-19,35.20000076293945
2008-09-22,38.09000015258789
2008-09-23,37.18000030517578
2008-09-24,37.38999938964844
2008-09-25,36.400001525878906
2008-09-26,35.83000183105469
2008-09-29,34.0
2008-09-30,33.790000915527344
2008-10-01,33.77000045776367
2008-10-02,28.950000762939453
2008-10-03,29.049999237060547
2008-10-06,27.899999618530273
2008-10-07,27.3799991607666
2008-10-08,31.260000228881836
2008-10-09,30.25
2008-10-10,26.34000015258789
2008-10-13,26.799999237060547
2008-10-14,27.389999389648438
2008-10-15,24.360000610351562
2008-10-16,22.200000762939453
2008-10-17,21.690000534057617
2008-10-20,24.190000534057617
2008-10-21,21.889999389648438
2008-10-22,18.489999771118164
2008-10-23,17.40999984741211
2008-10-24,17.799999237060547
2008-10-27,16.3700008392334
2008-10-28,18.690000534057617
2008-10-29,20.860000610351562
2008-10-30,21.700000762939453
2008-10-31,20.950000762939453
2008-11-03,21.010000228881836
2008-11-04,23.899999618530273
2008-11-05,23.5
2008-11-06,21.93000030517578
2008-11-07,21.75
2008-11-10,23.149999618530273
2008-11-11,21.639999389648438
2008-11-12,19.399999618530273
2008-11-13,21.65999984741211
2008-11-14,20.549999237060547
2008-11-17,19.65999984741211
2008-11-18,19.559999465942383
2008-11-19,18.610000610351562
2008-11-20,18.200000762939453
2008-11-21,23.030000686645508
2008-11-24,24.6299991607666
2008-11-25,25.690000534057617
2008-11-26,26.110000610351562
2008-11-28,26.56999969482422
2008-12-01,22.5
2008-12-02,24.690000534057617
2008-12-03,24.059999465942383
2008-12-04,23.420000076293945
2008-12-05,23.229999542236328
2008-12-08,25.260000228881836
2008-12-09,25.40999984741211
2008-12-10,28.1299991607666
2008-12-11,28.020000457763672
2008-12-12,28.670000076293945
2008-12-15,30.34000015258789
2008-12-16,32.34000015258789
2008-12-17,32.11000061035156
2008-12-18,29.84000015258789
2008-12-19,30.579999923706055
2008-12-22,29.829999923706055
2008-12-23,30.739999771118164
2008-12-24,30.59000015258789
2008-12-26,32.25
2008-12-29,33.029998779296875
2008-12-30,33.0
2008-12-31,33.880001068115234
2009-01-02,33.31999969482422
2009-01-05,31.739999771118164
2009-01-06,32.61000061035156
2009-01-07,30.049999237060547
2009-01-08,31.790000915527344
2009-01-09,31.309999465942383
2009-01-12,28.950000762939453
2009-01-13,29.520000457763672
2009-01-14,28.200000762939453
2009-01-15,29.1299991607666
2009-01-16,30.93000030517578
2009-01-20,30.8799991607666
2009-01-21,31.649999618530273
2009-01-22,31.459999084472656
2009-01-23,34.13999938964844
2009-01-26,33.970001220703125
2009-01-27,33.470001220703125
2009-01-28,32.72999954223633
2009-01-29,34.400001525878906
2009-01-30,34.22999954223633
2009-02-02,32.900001525878906
2009-02-03,33.36000061035156
2009-02-04,34.060001373291016
2009-02-05,34.70000076293945
2009-02-06,35.41999816894531
2009-02-09,34.369998931884766
2009-02-10,34.0
2009-02-11,36.33000183105469
2009-02-12,36.47999954223633
2009-02-13,35.68000030517578
2009-02-17,37.0
2009-02-18,37.369998931884766
2009-02-19,35.63999938964844
2009-02-20,37.029998779296875
2009-02-23,36.470001220703125
2009-02-24,33.5
2009-02-25,32.900001525878906
2009-02-26,33.5
2009-02-27,33.36000061035156
2009-03-02,31.09000015258789
2009-03-03,31.68000030517578
2009-03-04,31.399999618530273
2009-03-05,33.02000045776367
2009-03-06,32.880001068115234
2009-03-09,31.549999237060547
2009-03-10,29.670000076293945
2009-03-11,31.34000015258789
2009-03-12,32.68000030517578
2009-03-13,33.08000183105469
2009-03-16,32.560001373291016
2009-03-17,31.850000381469727
2009-03-18,35.06999969482422
2009-03-19,37.459999084472656
2009-03-20,37.54999923706055
2009-03-23,37.709999084472656
2009-03-24,36.86000061035156
2009-03-25,38.470001220703125
2009-03-26,38.56999969482422
2009-03-27,37.0
2009-03-30,36.400001525878906
2009-03-31,36.880001068115234
2009-04-01,38.599998474121094
2009-04-02,37.099998474121094
2009-04-03,34.869998931884766
2009-04-06,33.20000076293945
2009-04-07,33.43000030517578
2009-04-08,33.529998779296875
2009-04-09,33.040000915527344
2009-04-13,33.77000045776367
2009-04-14,33.689998626708984
2009-04-15,33.88999938964844
2009-04-16,32.279998779296875
2009-04-17,30.969999313354492
2009-04-20,32.189998626708984
2009-04-21,31.399999618530273
2009-04-22,31.600000381469727
2009-04-23,32.7400016784668
2009-04-24,34.650001525878906
2009-04-27,34.369998931884766
2009-04-28,33.11000061035156
2009-04-29,33.88999938964844
2009-04-30,32.90999984741211
2009-05-01,33.040000915527344
2009-05-04,35.029998779296875
2009-05-05,34.779998779296875
2009-05-06,36.86000061035156
2009-05-07,36.54999923706055
2009-05-08,37.459999084472656
2009-05-11,37.310001373291016
2009-05-12,38.959999084472656
2009-05-13,37.939998626708984
2009-05-14,38.04999923706055
2009-05-15,37.650001525878906
2009-05-18,37.4900016784668
2009-05-19,38.43000030517578
2009-05-20,40.470001220703125
2009-05-21,41.2400016784668
2009-05-22,42.04999923706055
2009-05-26,41.84000015258789
2009-05-27,41.220001220703125
2009-05-28,43.0099983215332
2009-05-29,44.15999984741211
2009-06-01,43.40999984741211
2009-06-02,44.54999923706055
2009-06-03,42.15999984741211
2009-06-04,43.5099983215332
2009-06-05,41.33000183105469
2009-06-08,41.29999923706055
2009-06-09,41.09000015258789
2009-06-10,40.79999923706055
2009-06-11,40.91999816894531
2009-06-12,39.540000915527344
2009-06-15,37.970001220703125
2009-06-16,38.369998931884766
2009-06-17,38.22999954223633
2009-06-18,37.20000076293945
2009-06-19,38.38999938964844
2009-06-22,35.7400016784668
2009-06-23,37.33000183105469
2009-06-24,38.4900016784668
2009-06-25,39.9900016784668
2009-06-26,39.20000076293945
2009-06-29,39.150001525878906
2009-06-30,37.810001373291016
2009-07-01,39.40999984741211
2009-07-02,38.310001373291016
2009-07-06,36.939998626708984
2009-07-07,36.5099983215332
2009-07-08,35.189998626708984
2009-07-09,35.310001373291016
2009-07-10,35.13999938964844
2009-07-13,35.93000030517578
2009-07-14,36.7599983215332
2009-07-15,38.290000915527344
2009-07-16,38.33000183105469
2009-07-17,38.63999938964844
2009-07-20,40.22999954223633
2009-07-21,39.7400016784668
2009-07-22,39.77000045776367
2009-07-23,39.959999084472656
2009-07-24,39.900001525878906
2009-07-27,39.849998474121094
2009-07-28,38.349998474121094
2009-07-29,37.18000030517578
2009-07-30,38.15999984741211
2009-07-31,39.77000045776367
2009-08-03,40.77000045776367
2009-08-04,41.08000183105469
2009-08-05,40.95000076293945
2009-08-06,40.849998474121094
2009-08-07,39.97999954223633
2009-08-10,39.099998474121094
2009-08-11,38.43000030517578
2009-08-12,38.790000915527344
2009-08-13,39.880001068115234
2009-08-14,39.209999084472656
2009-08-17,37.29999923706055
2009-08-18,37.869998931884766
2009-08-19,38.2400016784668
2009-08-20,38.61000061035156
2009-08-21,39.29999923706055
2009-08-24,38.88999938964844
2009-08-25,39.2400016784668
2009-08-26,38.81999969482422
2009-08-27,39.56999969482422
2009-08-28,40.18000030517578
2009-08-31,39.5099983215332
2009-09-01,38.790000915527344
2009-09-02,42.47999954223633
2009-09-03,44.650001525878906
2009-09-04,45.02000045776367
2009-09-08,45.11000061035156
2009-09-09,44.119998931884766
2009-09-10,45.540000915527344
2009-09-11,46.09000015258789
2009-09-14,45.38999938964844
2009-09-15,46.849998474121094
2009-09-16,48.0
2009-09-17,47.779998779296875
2009-09-18,45.91999816894531
2009-09-21,45.150001525878906
2009-09-22,46.2599983215332
2009-09-23,44.84000015258789
2009-09-24,43.7400016784668
2009-09-25,43.06999969482422
2009-09-28,43.040000915527344
2009-09-29,44.459999084472656
2009-09-30,45.290000915527344
2009-10-01,43.060001373291016
2009-10-02,42.7599983215332
2009-10-05,44.560001373291016
2009-10-06,47.599998474121094
2009-10-07,47.900001525878906
2009-10-08,48.689998626708984
2009-10-09,48.290000915527344
2009-10-12,48.279998779296875
2009-10-13,49.189998626708984
2009-10-14,49.130001068115234
2009-10-15,48.15999984741211
2009-10-16,48.380001068115234
2009-10-19,48.529998779296875
2009-10-20,47.5
2009-10-21,47.38999938964844
2009-10-22,46.9900016784668
2009-10-23,46.689998626708984
2009-10-26,44.689998626708984
2009-10-27,44.470001220703125
2009-10-28,41.869998931884766
2009-10-29,43.79999923706055
2009-10-30,42.369998931884766
2009-11-02,42.880001068115234
2009-11-03,46.18000030517578
2009-11-04,46.529998779296875
2009-11-05,46.720001220703125
2009-11-06,47.619998931884766
2009-11-09,49.279998779296875
2009-11-10,49.65999984741211
2009-11-11,49.900001525878906
2009-11-12,48.439998626708984
2009-11-13,49.779998779296875
2009-11-16,51.34000015258789
2009-11-17,51.529998779296875
2009-11-18,50.9900016784668
2009-11-19,51.099998474121094
2009-11-20,50.81999969482422
2009-11-23,51.68000030517578
2009-11-24,51.45000076293945
2009-11-25,52.83000183105469
2009-11-27,50.81999969482422
2009-11-30,51.11000061035156
2009-12-01,53.68000030517578
2009-12-02,54.779998779296875
2009-12-03,53.529998779296875
2009-12-04,50.689998626708984
2009-12-07,49.7599983215332
2009-12-08,47.75
2009-12-09,48.790000915527344
2009-12-10,48.7400016784668
2009-12-11,47.81999969482422
2009-12-14,48.470001220703125
2009-12-15,47.47999954223633
2009-12-16,48.209999084472656
2009-12-17,45.20000076293945
2009-12-18,46.290000915527344
2009-12-21,45.40999984741211
2009-12-22,45.5099983215332
2009-12-23,46.93000030517578
2009-12-24,46.959999084472656
2009-12-28,46.869998931884766
2009-12-29,46.43000030517578
2009-12-30,45.869998931884766
2009-12-31,46.209999084472656
2010-01-04,47.709999084472656
2010-01-05,48.16999816894531
2010-01-06,49.34000015258789
2010-01-07,49.099998474121094
2010-01-08,49.84000015258789
2010-01-11,50.16999816894531
2010-01-12,48.349998474121094
2010-01-13,48.86000061035156
2010-01-14,48.599998474121094
2010-01-15,47.41999816894531
2010-01-19,47.689998626708984
2010-01-20,45.72999954223633
2010-01-21,43.75
2010-01-22,43.790000915527344
2010-01-25,43.189998626708984
2010-01-26,43.130001068115234
2010-01-27,42.77000045776367
2010-01-28,42.16999816894531
2010-01-29,40.720001220703125
2010-02-01,42.939998626708984
2010-02-02,43.0
2010-02-03,42.56999969482422
2010-02-04,40.2400016784668
2010-02-05,42.40999984741211
2010-02-08,40.779998779296875
2010-02-09,42.56999969482422
2010-02-10,42.349998474121094
2010-02-11,43.9900016784668
2010-02-12,43.939998626708984
2010-02-16,44.90999984741211
2010-02-17,44.709999084472656
2010-02-18,45.060001373291016
2010-02-19,44.56999969482422
2010-02-22,44.09000015258789
2010-02-23,42.5
2010-02-24,42.25
2010-02-25,43.45000076293945
2010-02-26,43.88999938964844
2010-03-01,44.63999938964844
2010-03-02,45.5099983215332
2010-03-03,46.36000061035156
2010-03-04,45.58000183105469
2010-03-05,46.43000030517578
2010-03-08,45.95000076293945
2010-03-09,45.58000183105469
2010-03-10,44.959999084472656
2010-03-11,45.31999969482422
2010-03-12,44.9900016784668
2010-03-15,44.939998626708984
2010-03-16,46.119998931884766
2010-03-17,46.27000045776367
2010-03-18,45.970001220703125
2010-03-19,45.310001373291016
2010-03-22,45.13999938964844
2010-03-23,45.279998779296875
2010-03-24,43.5
2010-03-25,42.90999984741211
2010-03-26,43.709999084472656
2010-03-29,44.33000183105469
2010-03-30,43.86000061035156
2010-03-31,44.40999984741211
2010-04-01,46.400001525878906
2010-04-05,46.900001525878906
2010-04-06,46.810001373291016
2010-04-07,48.18000030517578
2010-04-08,48.189998626708984
2010-04-09,48.68000030517578
2010-04-12,48.13999938964844
2010-04-13,47.75
2010-04-14,48.09000015258789
2010-04-15,47.56999969482422
2010-04-16,46.650001525878906
2010-04-19,46.59000015258789
2010-04-20,46.459999084472656
2010-04-21,46.97999954223633
2010-04-22,47.36000061035156
2010-04-23,48.209999084472656
2010-04-26,48.130001068115234
2010-04-27,48.279998779296875
2010-04-28,49.70000076293945
2010-04-29,50.310001373291016
2010-04-30,50.5099983215332
2010-05-03,49.880001068115234
2010-05-04,49.65999984741211
2010-05-05,49.2400016784668
2010-05-06,49.939998626708984
2010-05-07,49.130001068115234
2010-05-10,50.13999938964844
2010-05-11,53.599998474121094
2010-05-12,53.43000030517578
2010-05-13,52.65999984741211
2010-05-14,53.150001525878906
2010-05-17,51.869998931884766
2010-05-18,51.4900016784668
2010-05-19,49.45000076293945
2010-05-20,47.04999923706055
2010-05-21,47.209999084472656
2010-05-24,47.63999938964844
2010-05-25,48.939998626708984
2010-05-26,48.9900016784668
2010-05-27,50.18000030517578
2010-05-28,49.86000061035156
2010-06-01,49.810001373291016
2010-06-02,50.66999816894531
2010-06-03,49.83000183105469
2010-06-04,48.810001373291016
2010-06-07,50.189998626708984
2010-06-08,50.720001220703125
2010-06-09,50.20000076293945
2010-06-10,50.65999984741211
2010-06-11,50.790000915527344
2010-06-14,49.900001525878906
2010-06-15,51.16999816894531
2010-06-16,51.65999984741211
2010-06-17,52.959999084472656
2010-06-18,54.060001373291016
2010-06-21,52.52000045776367
2010-06-22,52.13999938964844
2010-06-23,52.45000076293945
2010-06-24,52.18000030517578
2010-06-25,53.880001068115234
2010-06-28,53.400001525878906
2010-06-29,51.97999954223633
2010-06-30,51.959999084472656
2010-07-01,49.619998931884766
2010-07-02,49.58000183105469
2010-07-06,48.90999984741211
2010-07-07,49.9900016784668
2010-07-08,49.380001068115234
2010-07-09,50.47999954223633
2010-07-12,50.150001525878906
2010-07-13,50.38999938964844
2010-07-14,50.2599983215332
2010-07-15,50.16999816894531
2010-07-16,48.540000915527344
2010-07-19,47.529998779296875
2010-07-20,48.54999923706055
2010-07-21,48.18000030517578
2010-07-22,49.15999984741211
2010-07-23,49.209999084472656
2010-07-26,48.88999938964844
2010-07-27,47.09000015258789
2010-07-28,47.38999938964844
2010-07-29,47.68000030517578
2010-07-30,48.220001220703125
2010-08-02,48.04999923706055
2010-08-03,48.31999969482422
2010-08-04,49.619998931884766
2010-08-05,49.689998626708984
2010-08-06,50.16999816894531
2010-08-09,50.189998626708984
2010-08-10,50.369998931884766
2010-08-11,49.08000183105469
2010-08-12,50.310001373291016
2010-08-13,49.7400016784668
2010-08-16,50.709999084472656
2010-08-17,51.290000915527344
2010-08-18,52.130001068115234
2010-08-19,51.72999954223633
2010-08-20,51.279998779296875
2010-08-23,50.900001525878906
2010-08-24,50.29999923706055
2010-08-25,52.0
2010-08-26,52.72999954223633
2010-08-27,53.34000015258789
2010-08-30,53.119998931884766
2010-08-31,53.61000061035156
2010-09-01,52.849998474121094
2010-09-02,53.56999969482422
2010-09-03,53.689998626708984
2010-09-07,53.95000076293945
2010-09-08,53.66999816894531
2010-09-09,52.650001525878906
2010-09-10,53.040000915527344
2010-09-13,53.0
2010-09-14,54.880001068115234
2010-09-15,54.599998474121094
2010-09-16,55.36000061035156
2010-09-17,54.779998779296875
2010-09-20,55.34000015258789
2010-09-21,55.66999816894531
2010-09-22,56.369998931884766
2010-09-23,55.7599983215332
2010-09-24,55.66999816894531
2010-09-27,55.34000015258789
2010-09-28,56.65999984741211
2010-09-29,56.5099983215332
2010-09-30,55.93000030517578
2010-10-01,56.599998474121094
2010-10-04,55.54999923706055
2010-10-05,57.2599983215332
2010-10-06,58.119998931884766
2010-10-07,56.58000183105469
2010-10-08,57.29999923706055
2010-10-11,57.40999984741211
2010-10-12,57.16999816894531
2010-10-13,58.59000015258789
2010-10-14,58.189998626708984
2010-10-15,57.40999984741211
2010-10-18,57.13999938964844
2010-10-19,54.529998779296875
2010-10-20,55.459999084472656
2010-10-21,54.279998779296875
2010-10-22,54.88999938964844
2010-10-25,55.7400016784668
2010-10-26,55.790000915527344
2010-10-27,54.68000030517578
2010-10-28,56.36000061035156
2010-10-29,57.29999923706055
2010-11-01,57.22999954223633
2010-11-02,57.66999816894531
2010-11-03,57.22999954223633
2010-11-04,59.9900016784668
2010-11-05,60.09000015258789
2010-11-08,61.77000045776367
2010-11-09,59.66999816894531
2010-11-10,61.33000183105469
2010-11-11,61.779998779296875
2010-11-12,60.06999969482422
2010-11-15,59.470001220703125
2010-11-16,57.65999984741211
2010-11-17,58.040000915527344
2010-11-18,59.029998779296875
2010-11-19,59.279998779296875
2010-11-22,60.029998779296875
2010-11-23,59.619998931884766
2010-11-24,59.66999816894531
2010-11-26,58.61000061035156
2010-11-29,58.869998931884766
2010-11-30,59.5
2010-12-01,60.279998779296875
2010-12-02,61.18000030517578
2010-12-03,62.709999084472656
2010-12-06,63.79999923706055
2010-12-07,62.380001068115234
2010-12-08,61.20000076293945
2010-12-09,61.43000030517578
2010-12-10,61.65999984741211
2010-12-13,62.220001220703125
2010-12-14,62.130001068115234
2010-12-15,60.9900016784668
2010-12-16,60.16999816894531
2010-12-17,60.439998626708984
2010-12-20,60.56999969482422
2010-12-21,60.54999923706055
2010-12-22,59.84000015258789
2010-12-23,59.88999938964844
2010-12-27,59.540000915527344
2010-12-28,61.09000015258789
2010-12-29,61.310001373291016
2010-12-30,60.880001068115234
2010-12-31,61.470001220703125
2011-01-03,60.77000045776367
2011-01-04,59.02000045776367
2011-01-05,58.220001220703125
2011-01-06,56.7400016784668
2011-01-07,56.7400016784668
2011-01-10,56.88999938964844
2011-01-11,58.040000915527344
2011-01-12,57.900001525878906
2011-01-13,56.04999923706055
2011-01-14,54.880001068115234
2011-01-18,55.810001373291016
2011-01-19,55.470001220703125
2011-01-20,54.63999938964844
2011-01-21,53.939998626708984
2011-01-24,53.43000030517578
2011-01-25,53.119998931884766
2011-01-26,55.099998474121094
2011-01-27,53.72999954223633
2011-01-28,54.20000076293945
2011-01-31,53.91999816894531
2011-02-01,55.439998626708984
2011-02-02,55.029998779296875
2011-02-03,56.52000045776367
2011-02-04,56.11000061035156
2011-02-07,56.119998931884766
2011-02-08,57.349998474121094
2011-02-09,56.459999084472656
2011-02-10,55.93000030517578
2011-02-11,55.72999954223633
2011-02-14,56.459999084472656
2011-02-15,57.5099983215332
2011-02-16,57.7400016784668
2011-02-17,58.45000076293945
2011-02-18,58.97999954223633
2011-02-22,58.43000030517578
2011-02-23,59.61000061035156
2011-02-24,57.7400016784668
2011-02-25,58.95000076293945
2011-02-28,59.83000183105469
2011-03-01,60.79999923706055
2011-03-02,60.790000915527344
2011-03-03,59.869998931884766
2011-03-04,60.400001525878906
2011-03-07,59.95000076293945
2011-03-08,59.40999984741211
2011-03-09,58.939998626708984
2011-03-10,56.83000183105469
2011-03-11,57.81999969482422
2011-03-14,57.810001373291016
2011-03-15,56.47999954223633
2011-03-16,55.2400016784668
2011-03-17,55.720001220703125
2011-03-18,56.65999984741211
2011-03-21,58.02000045776367
2011-03-22,58.16999816894531
2011-03-23,60.279998779296875
2011-03-24,59.9900016784668
2011-03-25,59.52000045776367
2011-03-28,58.47999954223633
2011-03-29,58.540000915527344
2011-03-30,59.63999938964844
2011-03-31,60.099998474121094
2011-04-01,59.77000045776367
2011-04-04,59.75
2011-04-05,62.709999084472656
2011-04-06,62.77000045776367
2011-04-07,62.5099983215332
2011-04-08,63.95000076293945
2011-04-11,62.099998474121094
2011-04-12,61.11000061035156
2011-04-13,60.86000061035156
2011-04-14,61.63999938964844
2011-04-15,61.439998626708984
2011-04-18,60.83000183105469
2011-04-19,61.63999938964844
2011-04-20,62.099998474121094
2011-04-21,62.630001068115234
2011-04-25,61.2400016784668
2011-04-26,60.220001220703125
2011-04-27,61.61000061035156
2011-04-28,61.279998779296875
2011-04-29,62.20000076293945
2011-05-02,60.119998931884766
2011-05-03,58.220001220703125
2011-05-04,58.34000015258789
2011-05-05,56.11000061035156
2011-05-06,56.09000015258789
2011-05-09,57.209999084472656
2011-05-10,56.7599983215332
2011-05-11,54.90999984741211
2011-05-12,54.650001525878906
2011-05-13,54.209999084472656
2011-05-16,54.470001220703125
2011-05-17,55.0099983215332
2011-05-18,55.38999938964844
2011-05-19,55.599998474121094
2011-05-20,55.7599983215332
2011-05-23,55.34000015258789
2011-05-24,56.61000061035156
2011-05-25,57.08000183105469
2011-05-26,57.099998474121094
2011-05-27,57.91999816894531
2011-05-31,58.150001525878906
2011-06-01,57.06999969482422
2011-06-02,56.61000061035156
2011-06-03,56.4900016784668
2011-06-06,54.81999969482422
2011-06-07,54.66999816894531
2011-06-08,53.43000030517578
2011-06-09,54.369998931884766
2011-06-10,53.400001525878906
2011-06-13,52.52000045776367
2011-06-14,53.38999938964844
2011-06-15,53.060001373291016
2011-06-16,51.779998779296875
2011-06-17,51.970001220703125
2011-06-20,52.25
2011-06-21,54.0099983215332
2011-06-22,54.65999984741211
2011-06-23,54.0099983215332
2011-06-24,52.58000183105469
2011-06-27,52.52000045776367
2011-06-28,53.15999984741211
2011-06-29,54.369998931884766
2011-06-30,54.59000015258789
2011-07-01,53.7400016784668
2011-07-05,55.41999816894531
2011-07-06,56.130001068115234
2011-07-07,56.25
2011-07-08,56.290000915527344
2011-07-11,55.619998931884766
2011-07-12,57.369998931884766
2011-07-13,59.27000045776367
2011-07-14,58.779998779296875
2011-07-15,59.720001220703125
2011-07-18,60.58000183105469
2011-07-19,59.68000030517578
2011-07-20,60.349998474121094
2011-07-21,60.04999923706055
2011-07-22,60.7599983215332
2011-07-25,60.279998779296875
2011-07-26,60.290000915527344
2011-07-27,58.47999954223633
2011-07-28,58.130001068115234
2011-07-29,56.88999938964844
2011-08-01,57.36000061035156
2011-08-02,58.45000076293945
2011-08-03,59.20000076293945
2011-08-04,55.900001525878906
2011-08-05,55.41999816894531
2011-08-08,55.439998626708984
2011-08-09,57.70000076293945
2011-08-10,59.29999923706055
2011-08-11,59.849998474121094
2011-08-12,59.220001220703125
2011-08-15,60.900001525878906
2011-08-16,60.279998779296875
2011-08-17,60.7400016784668
2011-08-18,59.7599983215332
2011-08-19,61.2599983215332
2011-08-22,63.70000076293945
2011-08-23,61.4900016784668
2011-08-24,59.959999084472656
2011-08-25,61.06999969482422
2011-08-26,62.47999954223633
2011-08-29,61.95000076293945
2011-08-30,63.0
2011-08-31,62.79999923706055
2011-09-01,63.380001068115234
2011-09-02,64.91000366210938
2011-09-06,65.33999633789062
2011-09-07,65.43000030517578
2011-09-08,66.62999725341797
2011-09-09,65.80000305175781
2011-09-12,63.900001525878906
2011-09-13,64.38999938964844
2011-09-14,63.16999816894531
2011-09-15,62.79999923706055
2011-09-16,64.11000061035156
2011-09-19,63.47999954223633
2011-09-20,65.62999725341797
2011-09-21,64.27999877929688
2011-09-22,59.29999923706055
2011-09-23,56.40999984741211
2011-09-26,57.34000015258789
2011-09-27,57.06999969482422
2011-09-28,54.540000915527344
2011-09-29,55.029998779296875
2011-09-30,55.189998626708984
2011-10-03,54.45000076293945
2011-10-04,52.5
2011-10-05,54.88999938964844
2011-10-06,56.27000045776367
2011-10-07,54.880001068115234
2011-10-10,56.84000015258789
2011-10-11,56.90999984741211
2011-10-12,57.38999938964844
2011-10-13,56.279998779296875
2011-10-14,57.959999084472656
2011-10-17,56.59000015258789
2011-10-18,56.970001220703125
2011-10-19,53.54999923706055
2011-10-20,53.130001068115234
2011-10-21,53.97999954223633
2011-10-24,56.029998779296875
2011-10-25,57.45000076293945
2011-10-26,57.970001220703125
2011-10-27,59.11000061035156
2011-10-28,60.47999954223633
2011-10-31,58.83000183105469
2011-11-01,58.5099983215332
2011-11-02,59.959999084472656
2011-11-03,61.83000183105469
2011-11-04,61.29999923706055
2011-11-07,63.29999923706055
2011-11-08,62.5
2011-11-09,60.689998626708984
2011-11-10,60.16999816894531
2011-11-11,62.310001373291016
2011-11-14,61.16999816894531
2011-11-15,61.33000183105469
2011-11-16,60.310001373291016
2011-11-17,57.869998931884766
2011-11-18,57.060001373291016
2011-11-21,56.20000076293945
2011-11-22,57.040000915527344
2011-11-23,55.4900016784668
2011-11-25,54.790000915527344
2011-11-28,56.20000076293945
2011-11-29,56.459999084472656
2011-11-30,60.40999984741211
2011-12-01,60.29999923706055
2011-12-02,58.25
2011-12-05,57.86000061035156
2011-12-06,59.02000045776367
2011-12-07,58.959999084472656
2011-12-08,57.2599983215332
2011-12-09,57.83000183105469
2011-12-12,55.79999923706055
2011-12-13,54.040000915527344
2011-12-14,52.380001068115234
2011-12-15,51.68000030517578
2011-12-16,52.68000030517578
2011-12-19,51.16999816894531
2011-12-20,52.9900016784668
2011-12-21,52.959999084472656
2011-12-22,52.400001525878906
2011-12-23,52.790000915527344
2011-12-27,51.869998931884766
2011-12-28,50.060001373291016
2011-12-29,51.20000076293945
2011-12-30,51.43000030517578
2012-01-03,53.79999923706055
2012-01-04,53.7400016784668
2012-01-05,53.900001525878906
2012-01-06,53.349998474121094
2012-01-09,53.650001525878906
2012-01-10,54.470001220703125
2012-01-11,54.310001373291016
2012-01-12,54.720001220703125
2012-01-13,54.04999923706055
2012-01-17,53.18000030517578
2012-01-18,53.2400016784668
2012-01-19,52.150001525878906
2012-01-20,52.18000030517578
2012-01-23,53.0099983215332
2012-01-24,51.81999969482422
2012-01-25,55.22999954223633
2012-01-26,55.7599983215332
2012-01-27,57.13999938964844
2012-01-30,56.459999084472656
2012-01-31,56.459999084472656
2012-02-01,56.560001373291016
2012-02-02,57.470001220703125
2012-02-03,56.439998626708984
2012-02-06,56.18000030517578
2012-02-07,55.880001068115234
2012-02-08,55.540000915527344
2012-02-09,55.25
2012-02-10,54.4900016784668
2012-02-13,54.29999923706055
2012-02-14,53.77000045776367
2012-02-15,53.560001373291016
2012-02-16,54.95000076293945
2012-02-17,54.150001525878906
2012-02-21,55.81999969482422
2012-02-22,56.83000183105469
2012-02-23,57.2599983215332
2012-02-24,56.459999084472656
2012-02-27,56.060001373291016
2012-02-28,57.33000183105469
2012-02-29,55.400001525878906
2012-03-01,55.88999938964844
2012-03-02,54.790000915527344
2012-03-05,53.619998931884766
2012-03-06,52.470001220703125
2012-03-07,52.66999816894531
2012-03-08,53.31999969482422
2012-03-09,53.2400016784668
2012-03-12,52.369998931884766
2012-03-13,52.11000061035156
2012-03-14,50.119998931884766
2012-03-15,50.13999938964844
2012-03-16,49.93000030517578
2012-03-19,49.599998474121094
2012-03-20,49.86000061035156
2012-03-21,49.7599983215332
2012-03-22,48.75
2012-03-23,49.7599983215332
2012-03-26,50.630001068115234
2012-03-27,49.90999984741211
2012-03-28,48.93000030517578
2012-03-29,49.060001373291016
2012-03-30,49.540000915527344
2012-04-02,50.38999938964844
2012-04-03,48.75
2012-04-04,46.709999084472656
2012-04-05,46.20000076293945
2012-04-09,46.47999954223633
2012-04-10,47.040000915527344
2012-04-11,46.4900016784668
2012-04-12,48.150001525878906
2012-04-13,47.5
2012-04-16,46.63999938964844
2012-04-17,47.11000061035156
2012-04-18,46.630001068115234
2012-04-19,46.61000061035156
2012-04-20,46.119998931884766
2012-04-23,45.040000915527344
2012-04-24,45.13999938964844
2012-04-25,46.290000915527344
2012-04-26,46.25
2012-04-27,46.79999923706055
2012-04-30,46.38999938964844
2012-05-01,46.439998626708984
2012-05-02,45.65999984741211
2012-05-03,43.880001068115234
2012-05-04,44.04999923706055
2012-05-07,43.66999816894531
2012-05-08,42.16999816894531
2012-05-09,43.02000045776367
2012-05-10,43.09000015258789
2012-05-11,42.41999816894531
2012-05-14,40.970001220703125
2012-05-15,39.34000015258789
2012-05-16,39.560001373291016
2012-05-17,41.34000015258789
2012-05-18,41.619998931884766
2012-05-21,43.0099983215332
2012-05-22,42.540000915527344
2012-05-23,44.439998626708984
2012-05-24,44.630001068115234
2012-05-25,44.90999984741211
2012-05-29,44.09000015258789
2012-05-30,44.2400016784668
2012-05-31,43.779998779296875
2012-06-01,46.58000183105469
2012-06-04,47.33000183105469
2012-06-05,47.529998779296875
2012-06-06,47.619998931884766
2012-06-07,45.9900016784668
2012-06-08,46.33000183105469
2012-06-11,45.65999984741211
2012-06-12,46.7599983215332
2012-06-13,46.790000915527344
2012-06-14,46.93000030517578
2012-06-15,46.91999816894531
2012-06-18,47.72999954223633
2012-06-19,47.68000030517578
2012-06-20,47.27000045776367
2012-06-21,44.81999969482422
2012-06-22,44.58000183105469
2012-06-25,45.15999984741211
2012-06-26,44.45000076293945
2012-06-27,44.279998779296875
2012-06-28,43.310001373291016
2012-06-29,44.77000045776367
2012-07-02,44.7599983215332
2012-07-03,46.45000076293945
2012-07-05,45.77000045776367
2012-07-06,44.43000030517578
2012-07-09,44.25
2012-07-10,42.869998931884766
2012-07-11,41.970001220703125
2012-07-12,41.709999084472656
2012-07-13,42.310001373291016
2012-07-16,42.15999984741211
2012-07-17,41.70000076293945
2012-07-18,41.119998931884766
2012-07-19,41.59000015258789
2012-07-20,41.720001220703125
2012-07-23,40.70000076293945
2012-07-24,40.720001220703125
2012-07-25,41.959999084472656
2012-07-26,42.83000183105469
2012-07-27,43.130001068115234
2012-07-30,43.720001220703125
2012-07-31,42.83000183105469
2012-08-01,42.25
2012-08-02,42.040000915527344
2012-08-03,42.86000061035156
2012-08-06,43.72999954223633
2012-08-07,44.22999954223633
2012-08-08,43.9900016784668
2012-08-09,44.560001373291016
2012-08-10,44.849998474121094
2012-08-13,44.2400016784668
2012-08-14,43.93000030517578
2012-08-15,44.150001525878906
2012-08-16,45.650001525878906
2012-08-17,45.34000015258789
2012-08-20,45.619998931884766
2012-08-21,46.380001068115234
2012-08-22,47.5
2012-08-23,47.41999816894531
2012-08-24,47.56999969482422
2012-08-27,46.900001525878906
2012-08-28,46.849998474121094
2012-08-29,46.38999938964844
2012-08-30,46.02000045776367
2012-08-31,47.939998626708984
2012-09-04,47.77000045776367
2012-09-05,47.93000030517578
2012-09-06,49.130001068115234
2012-09-07,50.459999084472656
2012-09-10,49.47999954223633
2012-09-11,49.810001373291016
2012-09-12,50.0099983215332
2012-09-13,52.52000045776367
2012-09-14,53.86000061035156
2012-09-17,53.88999938964844
2012-09-18,54.31999969482422
2012-09-19,54.790000915527344
2012-09-20,54.36000061035156
2012-09-21,54.810001373291016
2012-09-24,52.959999084472656
2012-09-25,52.16999816894531
2012-09-26,52.400001525878906
2012-09-27,53.88999938964844
2012-09-28,53.689998626708984
2012-10-01,53.93000030517578
2012-10-02,53.59000015258789
2012-10-03,52.720001220703125
2012-10-04,54.25
2012-10-05,53.650001525878906
2012-10-08,53.22999954223633
2012-10-09,52.08000183105469
2012-10-10,52.47999954223633
2012-10-11,52.4900016784668
2012-10-12,51.65999984741211
2012-10-15,51.63999938964844
2012-10-16,52.66999816894531
2012-10-17,53.11000061035156
2012-10-18,51.52000045776367
2012-10-19,51.72999954223633
2012-10-22,52.43000030517578
2012-10-23,50.959999084472656
2012-10-24,50.060001373291016
2012-10-25,51.59000015258789
2012-10-26,51.2400016784668
2012-10-31,52.900001525878906
2012-11-01,52.0099983215332
2012-11-02,49.7599983215332
2012-11-05,49.38999938964844
2012-11-06,50.34000015258789
2012-11-07,51.06999969482422
2012-11-08,51.40999984741211
2012-11-09,50.66999816894531
2012-11-12,50.040000915527344
2012-11-13,49.47999954223633
2012-11-14,47.220001220703125
2012-11-15,45.970001220703125
2012-11-16,46.470001220703125
2012-11-19,47.77000045776367
2012-11-20,47.36000061035156
2012-11-21,48.08000183105469
2012-11-23,48.7400016784668
2012-11-26,48.75
2012-11-27,47.459999084472656
2012-11-28,47.900001525878906
2012-11-29,48.040000915527344
2012-11-30,47.54999923706055
2012-12-03,46.47999954223633
2012-12-04,46.650001525878906
2012-12-05,45.349998474121094
2012-12-06,45.54999923706055
2012-12-07,45.93000030517578
2012-12-10,46.52000045776367
2012-12-11,46.279998779296875
2012-12-12,47.630001068115234
2012-12-13,46.34000015258789
2012-12-14,46.47999954223633
2012-12-17,46.5099983215332
2012-12-18,45.75
2012-12-19,45.36000061035156
2012-12-20,45.06999969482422
2012-12-21,45.18000030517578
2012-12-24,44.849998474121094
2012-12-26,45.150001525878906
2012-12-27,45.439998626708984
2012-12-28,44.93000030517578
2012-12-31,46.38999938964844
2013-01-02,47.099998474121094
2013-01-03,45.13999938964844
2013-01-04,45.33000183105469
2013-01-07,44.47999954223633
2013-01-08,44.650001525878906
2013-01-09,44.36000061035156
2013-01-10,45.40999984741211
2013-01-11,45.400001525878906
2013-01-14,45.22999954223633
2013-01-15,45.59000015258789
2013-01-16,45.209999084472656
2013-01-17,45.0
2013-01-18,45.11000061035156
2013-01-22,45.81999969482422
2013-01-23,44.560001373291016
2013-01-24,43.22999954223633
2013-01-25,41.91999816894531
2013-01-28,41.47999954223633
2013-01-29,42.25
2013-01-30,41.959999084472656
2013-01-31,41.619998931884766
2013-02-01,42.220001220703125
2013-02-04,42.34000015258789
2013-02-05,42.2599983215332
2013-02-06,42.540000915527344
2013-02-07,42.599998474121094
2013-02-08,42.31999969482422
2013-02-11,41.470001220703125
2013-02-12,41.91999816894531
2013-02-13,41.20000076293945
2013-02-14,41.36000061035156
2013-02-15,39.88999938964844
2013-02-19,39.369998931884766
2013-02-20,37.45000076293945
2013-02-21,38.119998931884766
2013-02-22,37.93000030517578
2013-02-25,38.56999969482422
2013-02-26,39.04999923706055
2013-02-27,38.2599983215332
2013-02-28,37.400001525878906
2013-03-01,37.11000061035156
2013-03-04,35.90999984741211
2013-03-05,35.93000030517578
2013-03-06,37.439998626708984
2013-03-07,36.90999984741211
2013-03-08,37.11000061035156
2013-03-11,36.959999084472656
2013-03-12,37.880001068115234
2013-03-13,36.869998931884766
2013-03-14,37.25
2013-03-15,37.34000015258789
2013-03-18,37.47999954223633
2013-03-19,37.58000183105469
2013-03-20,37.45000076293945
2013-03-21,38.43000030517578
2013-03-22,38.15999984741211
2013-03-25,37.66999816894531
2013-03-26,37.380001068115234
2013-03-27,38.0
2013-03-28,37.849998474121094
2013-04-01,37.45000076293945
2013-04-02,35.880001068115234
2013-04-03,34.25
2013-04-04,35.220001220703125
2013-04-05,35.060001373291016
2013-04-08,34.650001525878906
2013-04-09,36.029998779296875
2013-04-10,34.650001525878906
2013-04-11,34.18000030517578
2013-04-12,32.220001220703125
2013-04-15,29.020000457763672
2013-04-16,28.81999969482422
2013-04-17,27.3799991607666
2013-04-18,28.219999313354492
2013-04-19,28.59000015258789
2013-04-22,28.969999313354492
2013-04-23,28.31999969482422
2013-04-24,30.229999542236328
2013-04-25,30.579999923706055
2013-04-26,29.459999084472656
2013-04-29,29.90999984741211
2013-04-30,30.360000610351562
2013-05-01,29.649999618530273
2013-05-02,29.6299991607666
2013-05-03,29.690000534057617
2013-05-06,29.729999542236328
2013-05-07,28.850000381469727
2013-05-08,30.440000534057617
2013-05-09,29.850000381469727
2013-05-10,29.809999465942383
2013-05-13,29.030000686645508
2013-05-14,28.709999084472656
2013-05-15,27.399999618530273
2013-05-16,27.479999542236328
2013-05-17,26.3799991607666
2013-05-20,28.020000457763672
2013-05-21,27.31999969482422
2013-05-22,27.670000076293945
2013-05-23,27.8700008392334
2013-05-24,27.5
2013-05-28,27.219999313354492
2013-05-29,28.5
2013-05-30,30.059999465942383
2013-05-31,29.5
2013-06-03,30.360000610351562
2013-06-04,29.84000015258789
2013-06-05,29.93000030517578
2013-06-06,30.299999237060547
2013-06-07,28.989999771118164
2013-06-10,29.09000015258789
2013-06-11,28.1299991607666
2013-06-12,28.350000381469727
2013-06-13,28.6299991607666
2013-06-14,28.1200008392334
2013-06-17,28.190000534057617
2013-06-18,27.3799991607666
2013-06-19,26.510000228881836
2013-06-20,24.549999237060547
2013-06-21,24.899999618530273
2013-06-24,23.75
2013-06-25,23.65999984741211
2013-06-26,22.219999313354492
2013-06-27,22.790000915527344
2013-06-28,24.489999771118164
2013-07-01,24.889999389648438
2013-07-02,23.75
2013-07-03,24.18000030517578
2013-07-05,23.420000076293945
2013-07-08,22.899999618530273
2013-07-09,23.219999313354492
2013-07-10,23.190000534057617
2013-07-11,24.969999313354492
2013-07-12,24.3700008392334
2013-07-15,24.290000915527344
2013-07-16,25.649999618530273
2013-07-17,24.8799991607666
2013-07-18,24.780000686645508
2013-07-19,25.860000610351562
2013-07-22,27.440000534057617
2013-07-23,28.350000381469727
2013-07-24,26.950000762939453
2013-07-25,27.209999084472656
2013-07-26,27.579999923706055
2013-07-29,27.229999542236328
2013-07-30,27.059999465942383
2013-07-31,26.989999771118164
2013-08-01,26.170000076293945
2013-08-02,25.59000015258789
2013-08-05,25.43000030517578
2013-08-06,24.030000686645508
2013-08-07,23.940000534057617
2013-08-08,26.0
2013-08-09,26.469999313354492
2013-08-12,28.010000228881836
2013-08-13,27.190000534057617
2013-08-14,28.700000762939453
2013-08-15,30.43000030517578
2013-08-16,29.790000915527344
2013-08-19,29.229999542236328
2013-08-20,30.329999923706055
2013-08-21,28.93000030517578
2013-08-22,29.3700008392334
2013-08-23,30.139999389648438
2013-08-26,30.40999984741211
2013-08-27,29.100000381469727
2013-08-28,28.299999237060547
2013-08-29,28.540000915527344
2013-08-30,28.1299991607666
2013-09-03,28.399999618530273
2013-09-04,28.579999923706055
2013-09-05,27.530000686645508
2013-09-06,28.010000228881836
2013-09-09,27.649999618530273
2013-09-10,26.56999969482422
2013-09-11,26.790000915527344
2013-09-12,25.290000915527344
2013-09-13,25.6299991607666
2013-09-16,25.389999389648438
2013-09-17,25.93000030517578
2013-09-18,28.25
2013-09-19,27.360000610351562
2013-09-20,25.760000228881836
2013-09-23,25.170000076293945
2013-09-24,25.079999923706055
2013-09-25,25.520000457763672
2013-09-26,25.110000610351562
2013-09-27,25.170000076293945
2013-09-30,25.020000457763672
2013-10-01,24.40999984741211
2013-10-02,24.489999771118164
2013-10-03,24.260000228881836
2013-10-04,24.190000534057617
2013-10-07,24.59000015258789
2013-10-08,23.81999969482422
2013-10-09,23.920000076293945
2013-10-10,23.559999465942383
2013-10-11,23.049999237060547
2013-10-14,23.110000610351562
2013-10-15,23.760000228881836
2013-10-16,23.280000686645508
2013-10-17,24.5
2013-10-18,24.3799991607666
2013-10-21,24.93000030517578
2013-10-22,26.020000457763672
2013-10-23,25.18000030517578
2013-10-24,26.1299991607666
2013-10-25,26.31999969482422
2013-10-28,26.540000915527344
2013-10-29,25.780000686645508
2013-10-30,26.229999542236328
2013-10-31,25.100000381469727
2013-11-01,24.079999923706055
2013-11-04,24.809999465942383
2013-11-05,24.489999771118164
2013-11-06,24.790000915527344
2013-11-07,24.139999389648438
2013-11-08,24.280000686645508
2013-11-11,24.299999237060547
2013-11-12,23.780000686645508
2013-11-13,23.90999984741211
2013-11-14,24.549999237060547
2013-11-15,24.1299991607666
2013-11-18,23.670000076293945
2013-11-19,23.690000534057617
2013-11-20,22.850000381469727
2013-11-21,22.530000686645508
2013-11-22,22.25
2013-11-25,22.200000762939453
2013-11-26,21.65999984741211
2013-11-27,21.809999465942383
2013-11-29,22.280000686645508
2013-12-02,20.899999618530273
2013-12-03,20.56999969482422
2013-12-04,21.219999313354492
2013-12-05,20.670000076293945
2013-12-06,20.65999984741211
2013-12-09,21.209999084472656
2013-12-10,22.030000686645508
2013-12-11,21.190000534057617
2013-12-12,21.010000228881836
2013-12-13,21.110000610351562
2013-12-16,21.3799991607666
2013-12-17,21.190000534057617
2013-12-18,20.860000610351562
2013-12-19,20.5
2013-12-20,20.530000686645508
2013-12-23,20.389999389648438
2013-12-24,21.030000686645508
2013-12-26,21.049999237060547
2013-12-27,21.25
2013-12-30,20.639999389648438
2013-12-31,21.1299991607666
2014-01-02,22.030000686645508
2014-01-03,21.829999923706055
2014-01-06,21.93000030517578
2014-01-07,21.969999313354492
2014-01-08,21.610000610351562
2014-01-09,21.270000457763672
2014-01-10,22.010000228881836
2014-01-13,22.649999618530273
2014-01-14,22.100000381469727
2014-01-15,22.389999389648438
2014-01-16,22.6200008392334
2014-01-17,23.329999923706055
2014-01-21,23.700000762939453
2014-01-22,23.09000015258789
2014-01-23,23.719999313354492
2014-01-24,23.670000076293945
2014-01-27,22.889999389648438
2014-01-28,23.399999618530273
2014-01-29,24.010000228881836
2014-01-30,23.489999771118164
2014-01-31,23.479999542236328
2014-02-03,23.299999237060547
2014-02-04,23.59000015258789
2014-02-05,23.209999084472656
2014-02-06,23.190000534057617
2014-02-07,23.90999984741211
2014-02-10,24.700000762939453
2014-02-11,25.649999618530273
2014-02-12,24.770000457763672
2014-02-13,25.8700008392334
2014-02-14,26.350000381469727
2014-02-18,26.459999084472656
2014-02-19,25.6299991607666
2014-02-20,26.670000076293945
2014-02-21,26.530000686645508
2014-02-24,26.700000762939453
2014-02-25,26.329999923706055
2014-02-26,26.049999237060547
2014-02-27,25.969999313354492
2014-02-28,25.8799991607666
2014-03-03,26.299999237060547
2014-03-04,26.100000381469727
2014-03-05,26.5
2014-03-06,26.790000915527344
2014-03-07,26.18000030517578
2014-03-10,25.969999313354492
2014-03-11,26.1299991607666
2014-03-12,26.920000076293945
2014-03-13,27.6299991607666
2014-03-14,27.729999542236328
2014-03-17,26.799999237060547
2014-03-18,26.43000030517578
2014-03-19,25.440000534057617
2014-03-20,25.469999313354492
2014-03-21,25.520000457763672
2014-03-24,24.329999923706055
2014-03-25,24.479999542236328
2014-03-26,23.489999771118164
2014-03-27,23.81999969482422
2014-03-28,24.100000381469727
2014-03-31,23.610000610351562
2014-04-01,23.690000534057617
2014-04-02,24.31999969482422
2014-04-03,24.06999969482422
2014-04-04,24.260000228881836
2014-04-07,24.260000228881836
2014-04-08,24.8799991607666
2014-04-09,25.06999969482422
2014-04-10,24.56999969482422
2014-04-11,24.219999313354492
2014-04-14,24.520000457763672
2014-04-15,24.020000457763672
2014-04-16,23.799999237060547
2014-04-17,23.56999969482422
2014-04-21,23.510000228881836
2014-04-22,23.790000915527344
2014-04-23,24.270000457763672
2014-04-24,23.940000534057617
2014-04-25,24.459999084472656
2014-04-28,23.989999771118164
2014-04-29,24.309999465942383
2014-04-30,24.110000610351562
2014-05-01,23.790000915527344
2014-05-02,24.31999969482422
2014-05-05,24.40999984741211
2014-05-06,24.280000686645508
2014-05-07,23.809999465942383
2014-05-08,23.770000457763672
2014-05-09,23.729999542236328
2014-05-12,23.93000030517578
2014-05-13,23.75
2014-05-14,24.010000228881836
2014-05-15,23.6200008392334
2014-05-16,23.420000076293945
2014-05-19,23.40999984741211
2014-05-20,23.389999389648438
2014-05-21,23.450000762939453
2014-05-22,23.389999389648438
2014-05-23,23.309999465942383
2014-05-27,22.40999984741211
2014-05-28,22.040000915527344
2014-05-29,22.239999771118164
2014-05-30,22.5
2014-06-02,22.290000915527344
2014-06-03,22.3700008392334
2014-06-04,22.280000686645508
2014-06-05,22.649999618530273
2014-06-06,22.639999389648438
2014-06-09,22.549999237060547
2014-06-10,23.030000686645508
2014-06-11,23.40999984741211
2014-06-12,24.030000686645508
2014-06-13,24.110000610351562
2014-06-16,23.979999542236328
2014-06-17,24.1200008392334
2014-06-18,24.760000228881836
2014-06-19,26.09000015258789
2014-06-20,25.81999969482422
2014-06-23,26.270000457763672
2014-06-24,25.469999313354492
2014-06-25,25.760000228881836
2014-06-26,25.950000762939453
2014-06-27,25.979999542236328
2014-06-30,26.450000762939453
2014-07-01,26.239999771118164
2014-07-02,26.479999542236328
2014-07-03,26.5
2014-07-07,26.040000915527344
2014-07-08,26.459999084472656
2014-07-09,27.149999618530273
2014-07-10,26.610000610351562
2014-07-11,27.31999969482422
2014-07-14,26.600000381469727
2014-07-15,25.780000686645508
2014-07-16,26.280000686645508
2014-07-17,26.989999771118164
2014-07-18,26.940000534057617
2014-07-21,26.899999618530273
2014-07-22,26.59000015258789
2014-07-23,26.489999771118164
2014-07-24,26.079999923706055
2014-07-25,26.81999969482422
2014-07-28,26.989999771118164
2014-07-29,26.760000228881836
2014-07-30,26.469999313354492
2014-07-31,25.90999984741211
2014-08-01,26.200000762939453
2014-08-04,25.950000762939453
2014-08-05,26.100000381469727
2014-08-06,26.690000534057617
2014-08-07,26.760000228881836
2014-08-08,26.780000686645508
2014-08-11,26.969999313354492
2014-08-12,27.43000030517578
2014-08-13,27.399999618530273
2014-08-14,27.1299991607666
2014-08-15,26.81999969482422
2014-08-18,26.989999771118164
2014-08-19,26.690000534057617
2014-08-20,26.65999984741211
2014-08-21,26.06999969482422
2014-08-22,26.100000381469727
2014-08-25,25.6200008392334
2014-08-26,26.190000534057617
2014-08-27,26.110000610351562
2014-08-28,26.459999084472656
2014-08-29,26.690000534057617
2014-09-02,25.809999465942383
2014-09-03,25.780000686645508
2014-09-04,24.8799991607666
2014-09-05,25.06999969482422
2014-09-08,24.190000534057617
2014-09-09,24.559999465942383
2014-09-10,24.100000381469727
2014-09-11,24.270000457763672
2014-09-12,23.8799991607666
2014-09-15,23.90999984741211
2014-09-16,24.0
2014-09-17,23.43000030517578
2014-09-18,23.1299991607666
2014-09-19,22.65999984741211
2014-09-22,22.18000030517578
2014-09-23,22.540000915527344
2014-09-24,22.209999084472656
2014-09-25,22.350000381469727
2014-09-26,21.979999542236328
2014-09-29,21.75
2014-09-30,21.360000610351562
2014-10-01,21.399999618530273
2014-10-02,21.6200008392334
2014-10-03,20.6299991607666
2014-10-06,21.15999984741211
2014-10-07,20.420000076293945
2014-10-08,21.940000534057617
2014-10-09,21.219999313354492
2014-10-10,20.770000457763672
2014-10-13,21.1200008392334
2014-10-14,21.3700008392334
2014-10-15,21.450000762939453
2014-10-16,21.360000610351562
2014-10-17,20.690000534057617
2014-10-20,21.200000762939453
2014-10-21,21.100000381469727
2014-10-22,20.440000534057617
2014-10-23,20.559999465942383
2014-10-24,20.469999313354492
2014-10-27,20.110000610351562
2014-10-28,20.530000686645508
2014-10-29,19.639999389648438
2014-10-30,18.200000762939453
2014-10-31,17.209999084472656
2014-11-03,17.90999984741211
2014-11-04,17.209999084472656
2014-11-05,16.59000015258789
2014-11-06,17.209999084472656
2014-11-07,18.639999389648438
2014-11-10,17.450000762939453
2014-11-11,18.219999313354492
2014-11-12,18.239999771118164
2014-11-13,17.940000534057617
2014-11-14,19.020000457763672
2014-11-17,19.389999389648438
2014-11-18,20.299999237060547
2014-11-19,19.190000534057617
2014-11-20,19.709999084472656
2014-11-21,19.8799991607666
2014-11-24,19.59000015258789
2014-11-25,20.389999389648438
2014-11-26,20.100000381469727
2014-11-28,18.360000610351562
2014-12-01,19.719999313354492
2014-12-02,19.200000762939453
2014-12-03,19.25
2014-12-04,19.200000762939453
2014-12-05,18.75
2014-12-08,18.889999389648438
2014-12-09,19.770000457763672
2014-12-10,19.209999084472656
2014-12-11,19.0
2014-12-12,18.649999618530273
2014-12-15,17.34000015258789
2014-12-16,17.100000381469727
2014-12-17,17.979999542236328
2014-12-18,18.760000228881836
2014-12-19,18.530000686645508
2014-12-22,17.459999084472656
2014-12-23,17.299999237060547
2014-12-24,17.770000457763672
2014-12-26,18.239999771118164
2014-12-29,17.81999969482422
2014-12-30,18.450000762939453
2014-12-31,18.3799991607666
2015-01-02,18.940000534057617
2015-01-05,19.440000534057617
2015-01-06,20.469999313354492
2015-01-07,20.09000015258789
2015-01-08,19.790000915527344
2015-01-09,20.709999084472656
2015-01-12,21.489999771118164
2015-01-13,20.549999237060547
2015-01-14,20.309999465942383
2015-01-15,21.479999542236328
2015-01-16,22.15999984741211
2015-01-20,22.940000534057617
2015-01-21,22.540000915527344
2015-01-22,22.420000076293945
2015-01-23,21.739999771118164
2015-01-26,22.149999618530273
2015-01-27,22.8799991607666
2015-01-28,21.969999313354492
2015-01-29,21.59000015258789
2015-01-30,22.290000915527344
2015-02-02,22.450000762939453
2015-02-03,21.8700008392334
2015-02-04,22.270000457763672
2015-02-05,22.579999923706055
2015-02-06,21.329999923706055
2015-02-09,21.690000534057617
2015-02-10,21.280000686645508
2015-02-11,20.860000610351562
2015-02-12,21.149999618530273
2015-02-13,21.260000228881836
2015-02-17,20.56999969482422
2015-02-18,21.040000915527344
2015-02-19,20.540000915527344
2015-02-20,20.450000762939453
2015-02-23,20.540000915527344
2015-02-24,20.420000076293945
2015-02-25,20.790000915527344
2015-02-26,20.959999084472656
2015-02-27,21.280000686645508
2015-03-02,20.760000228881836
2015-03-03,20.3799991607666
2015-03-04,20.040000915527344
2015-03-05,20.079999923706055
2015-03-06,18.579999923706055
2015-03-09,17.90999984741211
2015-03-10,17.670000076293945
2015-03-11,18.200000762939453
2015-03-12,18.06999969482422
2015-03-13,18.06999969482422
2015-03-16,18.110000610351562
2015-03-17,17.93000030517578
2015-03-18,18.84000015258789
2015-03-19,18.709999084472656
2015-03-20,19.329999923706055
2015-03-23,19.75
2015-03-24,19.639999389648438
2015-03-25,19.360000610351562
2015-03-26,19.06999969482422
2015-03-27,18.84000015258789
2015-03-30,18.469999313354492
2015-03-31,18.239999771118164
2015-04-01,19.209999084472656
2015-04-02,18.989999771118164
2015-04-06,19.700000762939453
2015-04-07,19.190000534057617
2015-04-08,19.09000015258789
2015-04-09,18.90999984741211
2015-04-10,19.450000762939453
2015-04-13,19.260000228881836
2015-04-14,19.40999984741211
2015-04-15,19.979999542236328
2015-04-16,19.739999771118164
2015-04-17,19.719999313354492
2015-04-20,19.829999923706055
2015-04-21,19.969999313354492
2015-04-22,19.309999465942383
2015-04-23,19.780000686645508
2015-04-24,19.360000610351562
2015-04-27,19.760000228881836
2015-04-28,20.530000686645508
2015-04-29,20.719999313354492
2015-04-30,20.110000610351562
2015-05-01,20.270000457763672
2015-05-04,20.40999984741211
2015-05-05,20.219999313354492
2015-05-06,19.709999084472656
2015-05-07,19.829999923706055
2015-05-08,19.969999313354492
2015-05-11,20.020000457763672
2015-05-12,20.290000915527344
2015-05-13,20.780000686645508
2015-05-14,20.81999969482422
2015-05-15,20.719999313354492
2015-05-18,20.75
2015-05-19,20.0
2015-05-20,20.079999923706055
2015-05-21,19.940000534057617
2015-05-22,19.829999923706055
2015-05-26,19.25
2015-05-27,19.440000534057617
2015-05-28,19.600000381469727
2015-05-29,19.579999923706055
2015-06-01,19.489999771118164
2015-06-02,19.780000686645508
2015-06-03,19.40999984741211
2015-06-04,19.06999969482422
2015-06-05,18.829999923706055
2015-06-08,19.020000457763672
2015-06-09,18.780000686645508
2015-06-10,18.959999084472656
2015-06-11,18.739999771118164
2015-06-12,18.549999237060547
2015-06-15,18.59000015258789
2015-06-16,18.329999923706055
2015-06-17,18.860000610351562
2015-06-18,19.100000381469727
2015-06-19,18.639999389648438
2015-06-22,18.329999923706055
2015-06-23,18.3799991607666
2015-06-24,18.360000610351562
2015-06-25,18.170000076293945
2015-06-26,18.09000015258789
2015-06-29,17.899999618530273
2015-06-30,17.760000228881836
2015-07-01,17.280000686645508
2015-07-02,17.6299991607666
2015-07-06,17.850000381469727
2015-07-07,16.979999542236328
2015-07-08,16.860000610351562
2015-07-09,16.93000030517578
2015-07-10,16.75
2015-07-13,16.799999237060547
2015-07-14,16.690000534057617
2015-07-15,16.309999465942383
2015-07-16,16.149999618530273
2015-07-17,15.420000076293945
2015-07-20,13.760000228881836
2015-07-21,14.119999885559082
2015-07-22,14.079999923706055
2015-07-23,13.619999885559082
2015-07-24,14.079999923706055
2015-07-27,13.569999694824219
2015-07-28,13.6899995803833
2015-07-29,13.970000267028809
2015-07-30,13.460000038146973
2015-07-31,13.75
2015-08-03,13.270000457763672
2015-08-04,13.289999961853027
2015-08-05,13.09000015258789
2015-08-06,13.369999885559082
2015-08-07,13.399999618530273
2015-08-10,14.289999961853027
2015-08-11,14.520000457763672
2015-08-12,15.520000457763672
2015-08-13,14.640000343322754
2015-08-14,14.489999771118164
2015-08-17,15.039999961853027
2015-08-18,14.770000457763672
2015-08-19,15.199999809265137
2015-08-20,15.819999694824219
2015-08-21,15.390000343322754
2015-08-24,14.130000114440918
2015-08-25,13.670000076293945
2015-08-26,13.039999961853027
2015-08-27,13.789999961853027
2015-08-28,14.25
2015-08-31,14.109999656677246
2015-09-01,13.670000076293945
2015-09-02,13.630000114440918
2015-09-03,13.380000114440918
2015-09-04,13.390000343322754
2015-09-08,13.550000190734863
2015-09-09,13.130000114440918
2015-09-10,13.119999885559082
2015-09-11,13.210000038146973
2015-09-14,13.069999694824219
2015-09-15,13.109999656677246
2015-09-16,13.890000343322754
2015-09-17,14.270000457763672
2015-09-18,14.479999542236328
2015-09-21,14.0
2015-09-22,13.359999656677246
2015-09-23,13.260000228881836
2015-09-24,14.220000267028809
2015-09-25,13.979999542236328
2015-09-28,13.319999694824219
2015-09-29,13.40999984741211
2015-09-30,13.739999771118164
2015-10-01,13.40999984741211
2015-10-02,14.489999771118164
2015-10-05,15.119999885559082
2015-10-06,15.680000305175781
2015-10-07,15.609999656677246
2015-10-08,15.40999984741211
2015-10-09,16.260000228881836
2015-10-12,15.779999732971191
2015-10-13,15.869999885559082
2015-10-14,16.899999618530273
2015-10-15,16.889999389648438
2015-10-16,16.389999389648438
2015-10-19,15.699999809265137
2015-10-20,16.329999923706055
2015-10-21,15.850000381469727
2015-10-22,16.1200008392334
2015-10-23,16.520000457763672
2015-10-26,16.010000228881836
2015-10-27,16.040000915527344
2015-10-28,15.890000343322754
2015-10-29,15.119999885559082
2015-10-30,14.960000038146973
2015-11-02,15.020000457763672
2015-11-03,14.9399995803833
2015-11-04,14.619999885559082
2015-11-05,14.079999923706055
2015-11-06,13.460000038146973
2015-11-09,13.829999923706055
2015-11-10,13.470000267028809
2015-11-11,13.649999618530273
2015-11-12,13.470000267028809
2015-11-13,13.619999885559082
2015-11-16,13.739999771118164
2015-11-17,13.079999923706055
2015-11-18,13.489999771118164
2015-11-19,13.970000267028809
2015-11-20,13.399999618530273
2015-11-23,13.329999923706055
2015-11-24,13.84000015258789
2015-11-25,13.710000038146973
2015-11-27,13.449999809265137
2015-11-30,13.760000228881836
2015-12-01,14.15999984741211
2015-12-02,13.789999961853027
2015-12-03,14.079999923706055
2015-12-04,14.829999923706055
2015-12-07,14.199999809265137
2015-12-08,14.079999923706055
2015-12-09,14.270000457763672
2015-12-10,14.210000038146973
2015-12-11,14.380000114440918
2015-12-14,13.5600004196167
2015-12-15,13.630000114440918
2015-12-16,14.170000076293945
2015-12-17,13.34000015258789
2015-12-18,13.640000343322754
2015-12-21,13.760000228881836
2015-12-22,13.680000305175781
2015-12-23,13.970000267028809
2015-12-24,14.270000457763672
2015-12-28,13.789999961853027
2015-12-29,13.949999809265137
2015-12-30,13.65999984741211
2015-12-31,13.720000267028809
2016-01-04,14.09000015258789
2016-01-05,14.020000457763672
2016-01-06,14.25
2016-01-07,14.880000114440918
2016-01-08,14.520000457763672
2016-01-11,13.920000076293945
2016-01-12,13.609999656677246
2016-01-13,13.609999656677246
2016-01-14,13.130000114440918
2016-01-15,13.09000015258789
2016-01-19,12.470000267028809
2016-01-20,12.850000381469727
2016-01-21,12.90999984741211
2016-01-22,13.029999732971191
2016-01-25,13.380000114440918
2016-01-26,13.970000267028809
2016-01-27,14.199999809265137
2016-01-28,13.859999656677246
2016-01-29,14.210000038146973
2016-02-01,14.649999618530273
2016-02-02,14.300000190734863
2016-02-03,15.350000381469727
2016-02-04,16.149999618530273
2016-02-05,17.049999237060547
2016-02-08,17.469999313354492
2016-02-09,16.75
2016-02-10,17.139999389648438
2016-02-11,18.3700008392334
2016-02-12,18.84000015258789
2016-02-16,17.209999084472656
2016-02-17,17.81999969482422
2016-02-18,18.899999618530273
2016-02-19,18.3799991607666
2016-02-22,18.530000686645508
2016-02-23,18.920000076293945
2016-02-24,19.110000610351562
2016-02-25,19.389999389648438
2016-02-26,18.690000534057617
2016-02-29,19.3799991607666
2016-03-01,18.56999969482422
2016-03-02,19.049999237060547
2016-03-03,19.81999969482422
2016-03-04,19.709999084472656
2016-03-07,20.399999618530273
2016-03-08,19.420000076293945
2016-03-09,19.510000228881836
2016-03-10,20.3799991607666
2016-03-11,19.979999542236328
2016-03-14,19.1200008392334
2016-03-15,19.530000686645508
2016-03-16,20.860000610351562
2016-03-17,20.43000030517578
2016-03-18,20.610000610351562
2016-03-21,20.56999969482422
2016-03-22,20.579999923706055
2016-03-23,19.030000686645508
2016-03-24,19.459999084472656
2016-03-28,19.420000076293945
2016-03-29,20.540000915527344
2016-03-30,20.229999542236328
2016-03-31,19.969999313354492
2016-04-01,20.1200008392334
2016-04-04,19.530000686645508
2016-04-05,20.1299991607666
2016-04-06,20.149999618530273
2016-04-07,20.780000686645508
2016-04-08,21.440000534057617
2016-04-11,22.700000762939453
2016-04-12,22.8799991607666
2016-04-13,22.25
2016-04-14,21.600000381469727
2016-04-15,22.200000762939453
2016-04-18,22.18000030517578
2016-04-19,23.260000228881836
2016-04-20,22.84000015258789
2016-04-21,23.25
2016-04-22,22.59000015258789
2016-04-25,22.459999084472656
2016-04-26,22.989999771118164
2016-04-27,23.239999771118164
2016-04-28,24.280000686645508
2016-04-29,25.829999923706055
2016-05-02,25.389999389648438
2016-05-03,24.65999984741211
2016-05-04,23.40999984741211
2016-05-05,24.18000030517578
2016-05-06,25.1299991607666
2016-05-09,23.520000457763672
2016-05-10,24.399999618530273
2016-05-11,25.049999237060547
2016-05-12,24.549999237060547
2016-05-13,24.790000915527344
2016-05-16,25.239999771118164
2016-05-17,25.579999923706055
2016-05-18,23.559999465942383
2016-05-19,23.959999084472656
2016-05-20,24.049999237060547
2016-05-23,23.780000686645508
2016-05-24,22.469999313354492
2016-05-25,23.030000686645508
2016-05-26,22.950000762939453
2016-05-27,22.280000686645508
2016-05-31,22.579999923706055
2016-06-01,22.719999313354492
2016-06-02,22.770000457763672
2016-06-03,25.329999923706055
2016-06-06,25.450000762939453
2016-06-07,25.110000610351562
2016-06-08,25.93000030517578
2016-06-09,26.329999923706055
2016-06-10,25.959999084472656
2016-06-13,25.90999984741211
2016-06-14,25.34000015258789
2016-06-15,26.31999969482422
2016-06-16,25.489999771118164
2016-06-17,25.790000915527344
2016-06-20,25.639999389648438
2016-06-21,24.93000030517578
2016-06-22,25.5
2016-06-23,25.219999313354492
2016-06-24,26.75
2016-06-27,27.059999465942383
2016-06-28,26.600000381469727
2016-06-29,27.149999618530273
2016-06-30,27.709999084472656
2016-07-01,29.049999237060547
2016-07-05,29.639999389648438
2016-07-06,30.56999969482422
2016-07-07,29.610000610351562
2016-07-08,30.540000915527344
2016-07-11,30.600000381469727
2016-07-12,29.399999618530273
2016-07-13,30.3700008392334
2016-07-14,30.209999084472656
2016-07-15,29.8700008392334
2016-07-18,29.979999542236328
2016-07-19,29.670000076293945
2016-07-20,27.989999771118164
2016-07-21,28.8700008392334
2016-07-22,28.780000686645508
2016-07-25,27.729999542236328
2016-07-26,28.5
2016-07-27,29.799999237060547
2016-07-28,29.75
2016-07-29,30.59000015258789
2016-08-01,30.93000030517578
2016-08-02,31.31999969482422
2016-08-03,30.940000534057617
2016-08-04,31.229999542236328
2016-08-05,30.229999542236328
2016-08-08,30.5
2016-08-09,30.760000228881836
2016-08-10,31.299999237060547
2016-08-11,31.040000915527344
2016-08-12,31.049999237060547
2016-08-15,30.860000610351562
2016-08-16,30.809999465942383
2016-08-17,30.3700008392334
2016-08-18,30.75
2016-08-19,29.959999084472656
2016-08-22,29.459999084472656
2016-08-23,29.020000457763672
2016-08-24,26.969999313354492
2016-08-25,27.309999465942383
2016-08-26,27.18000030517578
2016-08-29,27.239999771118164
2016-08-30,25.899999618530273
2016-08-31,25.489999771118164
2016-09-01,26.420000076293945
2016-09-02,27.350000381469727
2016-09-06,28.68000030517578
2016-09-07,28.520000457763672
2016-09-08,27.899999618530273
2016-09-09,26.40999984741211
2016-09-12,27.040000915527344
2016-09-13,26.059999465942383
2016-09-14,26.010000228881836
2016-09-15,26.18000030517578
2016-09-16,25.959999084472656
2016-09-19,26.09000015258789
2016-09-20,26.059999465942383
2016-09-21,27.899999618530273
2016-09-22,27.739999771118164
2016-09-23,27.020000457763672
2016-09-26,26.780000686645508
2016-09-27,26.280000686645508
2016-09-28,26.90999984741211
2016-09-29,26.690000534057617
2016-09-30,26.43000030517578
2016-10-03,25.959999084472656
2016-10-04,23.399999618530273
2016-10-05,23.579999923706055
2016-10-06,22.84000015258789
2016-10-07,23.0
2016-10-10,23.15999984741211
2016-10-11,22.579999923706055
2016-10-12,23.06999969482422
2016-10-13,23.489999771118164
2016-10-14,22.989999771118164
2016-10-17,23.34000015258789
2016-10-18,24.200000762939453
2016-10-19,24.8700008392334
2016-10-20,24.809999465942383
2016-10-21,24.6200008392334
2016-10-24,24.09000015258789
2016-10-25,24.649999618530273
2016-10-26,24.1299991607666
2016-10-27,23.729999542236328
2016-10-28,23.809999465942383
2016-10-31,24.520000457763672
2016-11-01,25.1299991607666
2016-11-02,24.760000228881836
2016-11-03,25.299999237060547
2016-11-04,25.06999969482422
2016-11-07,24.079999923706055
2016-11-08,23.959999084472656
2016-11-09,24.59000015258789
2016-11-10,22.75
2016-11-11,20.920000076293945
2016-11-14,21.1200008392334
2016-11-15,22.020000457763672
2016-11-16,21.84000015258789
2016-11-17,21.299999237060547
2016-11-18,21.049999237060547
2016-11-21,21.479999542236328
2016-11-22,21.559999465942383
2016-11-23,20.5
2016-11-25,20.610000610351562
2016-11-28,21.399999618530273
2016-11-29,21.229999542236328
2016-11-30,20.829999923706055
2016-12-01,20.65999984741211
2016-12-02,21.3700008392334
2016-12-05,21.329999923706055
2016-12-06,21.200000762939453
2016-12-07,21.440000534057617
2016-12-08,21.459999084472656
2016-12-09,20.670000076293945
2016-12-12,20.75
2016-12-13,21.040000915527344
2016-12-14,19.889999389648438
2016-12-15,18.989999771118164
2016-12-16,19.079999923706055
2016-12-19,19.079999923706055
2016-12-20,19.1299991607666
2016-12-21,19.09000015258789
2016-12-22,19.06999969482422
2016-12-23,19.34000015258789
2016-12-27,19.8700008392334
2016-12-28,20.239999771118164
2016-12-29,21.75
2016-12-30,20.920000076293945
2017-01-03,21.760000228881836
2017-01-04,21.920000076293945
2017-01-05,23.200000762939453
2017-01-06,22.389999389648438
2017-01-09,22.459999084472656
2017-01-10,22.6200008392334
2017-01-11,22.56999969482422
2017-01-12,22.6200008392334
2017-01-13,22.739999771118164
2017-01-17,23.360000610351562
2017-01-18,23.010000228881836
2017-01-19,22.8799991607666
2017-01-20,23.1200008392334
2017-01-23,23.809999465942383
2017-01-24,23.829999923706055
2017-01-25,23.469999313354492
2017-01-26,22.8700008392334
2017-01-27,23.219999313354492
2017-01-30,23.149999618530273
2017-01-31,23.93000030517578
2017-02-01,23.850000381469727
2017-02-02,24.3799991607666
2017-02-03,24.5
2017-02-06,25.399999618530273
2017-02-07,25.290000915527344
2017-02-08,25.56999969482422
2017-02-09,24.90999984741211
2017-02-10,25.290000915527344
2017-02-13,24.950000762939453
2017-02-14,24.920000076293945
2017-02-15,24.93000030517578
2017-02-16,25.200000762939453
2017-02-17,24.790000915527344
2017-02-21,24.6200008392334
2017-02-22,24.329999923706055
2017-02-23,24.3700008392334
2017-02-24,24.1299991607666
2017-02-27,22.84000015258789
2017-02-28,22.850000381469727
2017-03-01,22.979999542236328
2017-03-02,21.93000030517578
2017-03-03,22.200000762939453
2017-03-06,21.639999389648438
2017-03-07,21.510000228881836
2017-03-08,21.350000381469727
2017-03-09,21.139999389648438
2017-03-10,21.729999542236328
2017-03-13,22.0
2017-03-14,21.34000015258789
2017-03-15,22.979999542236328
2017-03-16,22.770000457763672
2017-03-17,22.670000076293945
2017-03-20,22.889999389648438
2017-03-21,23.260000228881836
2017-03-22,23.25
2017-03-23,23.030000686645508
2017-03-24,22.920000076293945
2017-03-27,23.43000030517578
2017-03-28,22.809999465942383
2017-03-29,22.90999984741211
2017-03-30,22.549999237060547
2017-03-31,22.809999465942383
2017-04-03,23.200000762939453
2017-04-04,23.450000762939453
2017-04-05,23.479999542236328
2017-04-06,23.510000228881836
2017-04-07,23.5
2017-04-10,23.649999618530273
2017-04-11,24.360000610351562
2017-04-12,24.56999969482422
2017-04-13,24.540000915527344
2017-04-17,24.469999313354492
2017-04-18,24.270000457763672
2017-04-19,23.389999389648438
2017-04-20,23.579999923706055
2017-04-21,23.610000610351562
2017-04-24,23.200000762939453
2017-04-25,22.219999313354492
2017-04-26,22.260000228881836
2017-04-27,21.809999465942383
2017-04-28,22.229999542236328
2017-05-01,21.690000534057617
2017-05-02,21.739999771118164
2017-05-03,21.510000228881836
2017-05-04,21.100000381469727
2017-05-05,21.549999237060547
2017-05-08,21.540000915527344
2017-05-09,21.520000457763672
2017-05-10,21.93000030517578
2017-05-11,22.3700008392334
2017-05-12,22.719999313354492
2017-05-15,22.799999237060547
2017-05-16,22.959999084472656
2017-05-17,23.3700008392334
2017-05-18,22.649999618530273
2017-05-19,22.860000610351562
2017-05-22,23.15999984741211
2017-05-23,22.639999389648438
2017-05-24,22.969999313354492
2017-05-25,22.709999084472656
2017-05-26,22.940000534057617
2017-05-30,22.59000015258789
2017-05-31,22.690000534057617
2017-06-01,22.600000381469727
2017-06-02,22.760000228881836
2017-06-05,22.739999771118164
2017-06-06,23.799999237060547
2017-06-07,23.649999618530273
2017-06-08,23.219999313354492
2017-06-09,22.829999923706055
2017-06-12,22.739999771118164
2017-06-13,22.969999313354492
2017-06-14,22.219999313354492
2017-06-15,22.100000381469727
2017-06-16,22.059999465942383
2017-06-19,21.93000030517578
2017-06-20,21.799999237060547
2017-06-21,22.110000610351562
2017-06-22,22.360000610351562
2017-06-23,22.739999771118164
2017-06-26,22.559999465942383
2017-06-27,22.260000228881836
2017-06-28,22.43000030517578
2017-06-29,21.950000762939453
2017-06-30,22.079999923706055
2017-07-03,21.479999542236328
2017-07-05,21.760000228881836
2017-07-06,21.489999771118164
2017-07-07,21.209999084472656
2017-07-10,21.510000228881836
2017-07-11,21.639999389648438
2017-07-12,21.739999771118164
2017-07-13,21.5
2017-07-14,21.799999237060547
2017-07-17,21.979999542236328
2017-07-18,22.139999389648438
2017-07-19,22.18000030517578
2017-07-20,22.31999969482422
2017-07-21,22.40999984741211
2017-07-24,22.049999237060547
2017-07-25,22.270000457763672
2017-07-26,22.84000015258789
2017-07-27,22.56999969482422
2017-07-28,22.90999984741211
2017-07-31,22.860000610351562
2017-08-01,22.829999923706055
2017-08-02,22.770000457763672
2017-08-03,22.700000762939453
2017-08-04,22.31999969482422
2017-08-07,22.200000762939453
2017-08-08,22.25
2017-08-09,22.600000381469727
2017-08-10,23.079999923706055
2017-08-11,23.149999618530273
2017-08-14,22.829999923706055
2017-08-15,22.559999465942383
2017-08-16,23.079999923706055
2017-08-17,23.030000686645508
2017-08-18,22.93000030517578
2017-08-21,23.309999465942383
2017-08-22,23.09000015258789
2017-08-23,23.260000228881836
2017-08-24,23.350000381469727
2017-08-25,23.40999984741211
2017-08-28,24.260000228881836
2017-08-29,24.420000076293945
2017-08-30,24.15999984741211
2017-08-31,24.719999313354492
2017-09-01,24.780000686645508
2017-09-05,25.309999465942383
2017-09-06,24.920000076293945
2017-09-07,25.489999771118164
2017-09-08,25.239999771118164
2017-09-11,24.559999465942383
2017-09-12,24.670000076293945
2017-09-13,24.219999313354492
2017-09-14,24.3700008392334
2017-09-15,24.1299991607666
2017-09-18,23.729999542236328
2017-09-19,23.850000381469727
2017-09-20,23.5
2017-09-21,23.209999084472656
2017-09-22,23.469999313354492
2017-09-25,23.829999923706055
2017-09-26,23.350000381469727
2017-09-27,22.989999771118164
2017-09-28,23.15999984741211
2017-09-29,22.959999084472656
2017-10-02,23.049999237060547
2017-10-03,23.280000686645508
2017-10-04,23.420000076293945
2017-10-05,23.219999313354492
2017-10-06,23.59000015258789
2017-10-09,23.739999771118164
2017-10-10,23.56999969482422
2017-10-11,23.799999237060547
2017-10-12,23.719999313354492
2017-10-13,23.84000015258789
2017-10-16,23.459999084472656
2017-10-17,23.420000076293945
2017-10-18,23.329999923706055
2017-10-19,23.440000534057617
2017-10-20,23.229999542236328
2017-10-23,23.139999389648438
2017-10-24,22.950000762939453
2017-10-25,22.829999923706055
2017-10-26,22.43000030517578
2017-10-27,22.56999969482422
2017-10-30,22.760000228881836
2017-10-31,22.479999542236328
2017-11-01,22.479999542236328
2017-11-02,22.579999923706055
2017-11-03,22.43000030517578
2017-11-06,22.90999984741211
2017-11-07,22.729999542236328
2017-11-08,22.889999389648438
2017-11-09,22.809999465942383
2017-11-10,22.520000457763672
2017-11-13,22.559999465942383
2017-11-14,22.59000015258789
2017-11-15,22.649999618530273
2017-11-16,22.600000381469727
2017-11-17,22.790000915527344
2017-11-20,22.540000915527344
2017-11-21,22.719999313354492
2017-11-22,22.920000076293945
2017-11-24,22.829999923706055
2017-11-27,23.049999237060547
2017-11-28,22.93000030517578
2017-11-29,22.5
2017-11-30,22.469999313354492
2017-12-01,22.489999771118164
2017-12-04,22.200000762939453
2017-12-05,21.969999313354492
2017-12-06,21.690000534057617
2017-12-07,21.579999923706055
2017-12-08,21.68000030517578
2017-12-11,21.510000228881836
2017-12-12,21.420000076293945
2017-12-13,22.15999984741211
2017-12-14,22.06999969482422
2017-12-15,21.989999771118164
2017-12-18,22.15999984741211
2017-12-19,22.1299991607666
2017-12-20,22.5
2017-12-21,22.6299991607666
2017-12-22,22.889999389648438
2017-12-26,23.200000762939453
2017-12-27,23.15999984741211
2017-12-28,23.200000762939453
2017-12-29,23.239999771118164
2018-01-02,23.81999969482422
2018-01-03,23.56999969482422
2018-01-04,23.719999313354492
2018-01-05,23.670000076293945
2018-01-08,23.420000076293945
2018-01-09,23.110000610351562
2018-01-10,23.25
2018-01-11,23.3799991607666
2018-01-12,24.010000228881836
2018-01-16,24.3700008392334
2018-01-17,23.940000534057617
2018-01-18,23.610000610351562
2018-01-19,23.649999618530273
2018-01-22,23.709999084472656
2018-01-23,24.100000381469727
2018-01-24,24.600000381469727
2018-01-25,24.1299991607666
2018-01-26,24.350000381469727
2018-01-29,23.68000030517578
2018-01-30,23.450000762939453
2018-01-31,23.75
2018-02-01,23.700000762939453
2018-02-02,22.90999984741211
2018-02-05,22.709999084472656
2018-02-06,22.110000610351562
2018-02-07,21.799999237060547
2018-02-08,21.68000030517578
2018-02-09,21.68000030517578
2018-02-12,21.969999313354492
2018-02-13,22.0
2018-02-14,23.010000228881836
2018-02-15,22.989999771118164
2018-02-16,22.510000228881836
2018-02-20,21.8700008392334
2018-02-21,21.790000915527344
2018-02-22,21.729999542236328
2018-02-23,21.969999313354492
2018-02-26,22.18000030517578
2018-02-27,21.489999771118164
2018-02-28,21.350000381469727
2018-03-01,21.56999969482422
2018-03-02,21.489999771118164
2018-03-05,21.649999618530273
2018-03-06,22.010000228881836
2018-03-07,21.56999969482422
2018-03-08,21.649999618530273
2018-03-09,21.56999969482422
2018-03-12,21.760000228881836
2018-03-13,21.670000076293945
2018-03-14,21.729999542236328
2018-03-15,21.450000762939453
2018-03-16,21.43000030517578
2018-03-19,21.510000228881836
2018-03-20,21.270000457763672
2018-03-21,21.860000610351562
2018-03-22,21.5
2018-03-23,22.1200008392334
2018-03-26,22.440000534057617
2018-03-27,21.989999771118164
2018-03-28,21.65999984741211
2018-03-29,21.979999542236328
2018-04-02,22.229999542236328
2018-04-03,21.90999984741211
2018-04-04,21.8700008392334
2018-04-05,21.969999313354492
2018-04-06,22.06999969482422
2018-04-09,21.979999542236328
2018-04-10,22.260000228881836
2018-04-11,22.75
2018-04-12,22.469999313354492
2018-04-13,22.889999389648438
2018-04-16,22.799999237060547
2018-04-17,22.93000030517578
2018-04-18,22.979999542236328
2018-04-19,23.059999465942383
2018-04-20,22.709999084472656
2018-04-23,22.40999984741211
2018-04-24,22.700000762939453
2018-04-25,22.5
2018-04-26,22.59000015258789
2018-04-27,22.729999542236328
2018-04-30,22.280000686645508
2018-05-01,22.309999465942383
2018-05-02,22.3799991607666
2018-05-03,22.649999618530273
2018-05-04,22.649999618530273
2018-05-07,22.649999618530273
2018-05-08,22.68000030517578
2018-05-09,22.6299991607666
2018-05-10,22.950000762939453
2018-05-11,22.8799991607666
2018-05-14,22.780000686645508
2018-05-15,22.260000228881836
2018-05-16,22.290000915527344
2018-05-17,22.190000534057617
2018-05-18,22.190000534057617
2018-05-21,22.329999923706055
2018-05-22,22.1299991607666
2018-05-23,22.34000015258789
2018-05-24,22.649999618530273
2018-05-25,22.309999465942383
2018-05-29,22.149999618530273
2018-05-30,22.440000534057617
2018-05-31,22.34000015258789
2018-06-01,22.309999465942383
2018-06-04,22.280000686645508
2018-06-05,22.440000534057617
2018-06-06,22.579999923706055
2018-06-07,22.450000762939453
2018-06-08,22.360000610351562
2018-06-11,22.549999237060547
2018-06-12,22.489999771118164
2018-06-13,22.479999542236328
2018-06-14,22.65999984741211
2018-06-15,22.229999542236328
2018-06-18,22.270000457763672
2018-06-19,22.049999237060547
2018-06-20,21.920000076293945
2018-06-21,21.90999984741211
2018-06-22,22.18000030517578
2018-06-25,22.010000228881836
2018-06-26,21.950000762939453
2018-06-27,21.809999465942383
2018-06-28,21.93000030517578
2018-06-29,22.309999465942383
2018-07-02,22.079999923706055
2018-07-03,22.469999313354492
2018-07-05,22.68000030517578
2018-07-06,22.610000610351562
2018-07-09,22.549999237060547
2018-07-10,22.600000381469727
2018-07-11,22.0
2018-07-12,22.139999389648438
2018-07-13,21.959999084472656
2018-07-16,21.8700008392334
2018-07-17,21.8799991607666
2018-07-18,21.860000610351562
2018-07-19,21.579999923706055
2018-07-20,21.780000686645508
2018-07-23,21.329999923706055
2018-07-24,21.6200008392334
2018-07-25,21.799999237060547
2018-07-26,21.389999389648438
2018-07-27,21.31999969482422
2018-07-30,21.270000457763672
2018-07-31,21.280000686645508
2018-08-01,21.110000610351562
2018-08-02,20.940000534057617
2018-08-03,21.15999984741211
2018-08-06,20.899999618530273
2018-08-07,20.65999984741211
2018-08-08,20.760000228881836
2018-08-09,20.709999084472656
2018-08-10,20.559999465942383
2018-08-13,19.979999542236328
2018-08-14,19.770000457763672
2018-08-15,18.600000381469727
2018-08-16,18.15999984741211
2018-08-17,18.719999313354492
2018-08-20,18.790000915527344
2018-08-21,18.920000076293945
2018-08-22,19.059999465942383
2018-08-23,18.459999084472656
2018-08-24,18.950000762939453
2018-08-27,19.280000686645508
2018-08-28,18.920000076293945
2018-08-29,18.989999771118164
2018-08-30,18.690000534057617
2018-08-31,18.549999237060547
2018-09-04,18.020000457763672
2018-09-05,17.8700008392334
2018-09-06,17.84000015258789
2018-09-07,17.8799991607666
2018-09-10,17.610000610351562
2018-09-11,17.56999969482422
2018-09-12,18.110000610351562
2018-09-13,18.09000015258789
2018-09-14,17.979999542236328
2018-09-17,18.31999969482422
2018-09-18,18.43000030517578
2018-09-19,18.75
2018-09-20,18.93000030517578
2018-09-21,18.780000686645508
2018-09-24,18.799999237060547
2018-09-25,18.850000381469727
2018-09-26,18.420000076293945
2018-09-27,18.34000015258789
2018-09-28,18.520000457763672
2018-10-01,18.549999237060547
2018-10-02,19.049999237060547
2018-10-03,18.790000915527344
2018-10-04,18.75
2018-10-05,18.649999618530273
2018-10-08,18.709999084472656
2018-10-09,18.389999389648438
2018-10-10,18.6299991607666
2018-10-11,19.8700008392334
2018-10-12,19.75
2018-10-15,20.059999465942383
2018-10-16,19.989999771118164
2018-10-17,19.90999984741211
2018-10-18,20.0
2018-10-19,20.010000228881836
2018-10-22,19.860000610351562
2018-10-23,20.100000381469727
2018-10-24,19.8700008392334
2018-10-25,19.0
2018-10-26,19.059999465942383
2018-10-29,19.010000228881836
2018-10-30,19.149999618530273
2018-10-31,18.93000030517578
2018-11-01,19.56999969482422
2018-11-02,19.6299991607666
2018-11-05,19.559999465942383
2018-11-06,19.399999618530273
2018-11-07,19.309999465942383
2018-11-08,19.3799991607666
2018-11-09,19.040000915527344
2018-11-12,18.610000610351562
2018-11-13,18.420000076293945
2018-11-14,18.829999923706055
2018-11-15,19.09000015258789
2018-11-16,19.3799991607666
2018-11-19,19.389999389648438
2018-11-20,19.299999237060547
2018-11-21,19.809999465942383
2018-11-23,19.360000610351562
2018-11-26,19.260000228881836
2018-11-27,18.8700008392334
2018-11-28,19.34000015258789
2018-11-29,19.170000076293945
2018-11-30,19.09000015258789
2018-12-03,19.440000534057617
2018-12-04,19.600000381469727
2018-12-06,19.709999084472656
2018-12-07,20.200000762939453
2018-12-10,20.1299991607666
2018-12-11,20.010000228881836
2018-12-12,20.440000534057617
2018-12-13,20.479999542236328
2018-12-14,20.1200008392334
2018-12-17,20.610000610351562
2018-12-18,21.09000015258789
2018-12-19,19.950000762939453
2018-12-20,20.670000076293945
2018-12-21,20.440000534057617
2018-12-24,21.09000015258789
2018-12-26,20.6200008392334
2018-12-27,20.969999313354492
2018-12-28,20.600000381469727
2018-12-31,21.09000015258789
2019-01-02,21.049999237060547
2019-01-03,21.479999542236328
2019-01-04,21.299999237060547
2019-01-07,21.040000915527344
2019-01-08,21.049999237060547
2019-01-09,21.31999969482422
2019-01-10,21.0
2019-01-11,21.079999923706055
2019-01-14,20.93000030517578
2019-01-15,20.610000610351562
2019-01-16,20.600000381469727
2019-01-17,20.65999984741211
2019-01-18,20.309999465942383
2019-01-22,20.450000762939453
2019-01-23,20.489999771118164
2019-01-24,20.5
2019-01-25,21.18000030517578
2019-01-28,21.450000762939453
2019-01-29,21.969999313354492
2019-01-30,22.18000030517578
2019-01-31,22.690000534057617
2019-02-01,22.56999969482422
2019-02-04,22.489999771118164
2019-02-05,22.610000610351562
2019-02-06,22.219999313354492
2019-02-07,22.030000686645508
2019-02-08,22.34000015258789
2019-02-11,22.079999923706055
2019-02-12,22.049999237060547
2019-02-13,21.920000076293945
2019-02-14,22.139999389648438
2019-02-15,22.43000030517578
2019-02-19,23.139999389648438
2019-02-20,23.360000610351562
2019-02-21,22.979999542236328
2019-02-22,23.059999465942383
2019-02-25,22.770000457763672
2019-02-26,22.729999542236328
2019-02-27,22.350000381469727
2019-02-28,22.239999771118164
2019-03-01,21.700000762939453
2019-03-04,21.850000381469727
2019-03-05,21.969999313354492
2019-03-06,21.520000457763672
2019-03-07,21.790000915527344
2019-03-08,22.3700008392334
2019-03-11,22.290000915527344
2019-03-12,22.68000030517578
2019-03-13,22.860000610351562
2019-03-14,22.25
2019-03-15,22.299999237060547
2019-03-18,22.049999237060547
2019-03-19,22.1299991607666
2019-03-20,22.6299991607666
2019-03-21,22.75
2019-03-22,22.780000686645508
2019-03-25,23.260000228881836
2019-03-26,23.350000381469727
2019-03-27,23.010000228881836
2019-03-28,22.40999984741211
2019-03-29,22.420000076293945
2019-04-01,21.959999084472656
2019-04-02,22.100000381469727
2019-04-03,22.06999969482422
2019-04-04,22.5
2019-04-05,22.43000030517578
2019-04-08,22.690000534057617
2019-04-09,22.81999969482422
2019-04-10,22.6200008392334
2019-04-11,22.25
2019-04-12,22.209999084472656
2019-04-15,22.219999313354492
2019-04-16,21.809999465942383
2019-04-17,21.65999984741211
2019-04-18,21.34000015258789
2019-04-22,20.979999542236328
2019-04-23,20.81999969482422
2019-04-24,21.020000457763672
2019-04-25,20.8700008392334
2019-04-26,21.299999237060547
2019-04-29,20.84000015258789
2019-04-30,20.889999389648438
2019-05-01,20.520000457763672
2019-05-02,20.170000076293945
2019-05-03,20.290000915527344
2019-05-06,20.299999237060547
2019-05-07,20.709999084472656
2019-05-08,20.479999542236328
2019-05-09,20.43000030517578
2019-05-10,20.280000686645508
2019-05-13,20.93000030517578
2019-05-14,20.84000015258789
2019-05-15,20.790000915527344
2019-05-16,20.559999465942383
2019-05-17,20.75
2019-05-20,20.68000030517578
2019-05-21,20.709999084472656
2019-05-22,20.360000610351562
2019-05-23,20.440000534057617
2019-05-24,20.56999969482422
2019-05-28,20.420000076293945
2019-05-29,20.420000076293945
2019-05-30,20.770000457763672
2019-05-31,21.59000015258789
2019-06-03,22.489999771118164
2019-06-04,22.59000015258789
2019-06-05,22.6299991607666
2019-06-06,22.8700008392334
2019-06-07,22.889999389648438
2019-06-10,22.459999084472656
2019-06-11,22.59000015258789
2019-06-12,22.959999084472656
2019-06-13,23.239999771118164
2019-06-14,23.329999923706055
2019-06-17,23.459999084472656
2019-06-18,23.670000076293945
2019-06-19,24.0
2019-06-20,25.049999237060547
2019-06-21,25.209999084472656
2019-06-24,26.170000076293945
2019-06-25,25.6299991607666
2019-06-26,25.520000457763672
2019-06-27,25.329999923706055
2019-06-28,25.559999465942383
2019-07-01,24.579999923706055
2019-07-02,25.549999237060547
2019-07-03,25.649999618530273
2019-07-05,25.389999389648438
2019-07-08,25.420000076293945
2019-07-09,25.649999618530273
2019-07-10,26.200000762939453
2019-07-11,25.940000534057617
2019-07-12,26.209999084472656
2019-07-15,26.18000030517578
2019-07-16,26.049999237060547
2019-07-17,27.09000015258789
2019-07-18,28.25
2019-07-19,27.979999542236328
2019-07-22,28.190000534057617
2019-07-23,27.8700008392334
2019-07-24,28.149999618530273
2019-07-25,27.43000030517578
2019-07-26,27.280000686645508
2019-07-29,27.770000457763672
2019-07-30,27.829999923706055
2019-07-31,26.5
2019-08-01,27.850000381469727
2019-08-02,27.770000457763672
2019-08-05,28.600000381469727
2019-08-06,28.670000076293945
2019-08-07,29.260000228881836
2019-08-08,29.770000457763672
2019-08-09,29.360000610351562
2019-08-12,29.0
2019-08-13,28.450000762939453
2019-08-14,28.40999984741211
2019-08-15,28.729999542236328
2019-08-16,28.280000686645508
2019-08-19,27.93000030517578
2019-08-20,28.850000381469727
2019-08-21,28.700000762939453
2019-08-22,28.489999771118164
2019-08-23,29.639999389648438
2019-08-26,29.639999389648438
2019-08-27,30.559999465942383
2019-08-28,30.40999984741211
2019-08-29,29.65999984741211
2019-08-30,29.860000610351562
2019-09-03,30.3700008392334
2019-09-04,30.950000762939453
2019-09-05,29.309999465942383
2019-09-06,28.479999542236328
2019-09-09,27.729999542236328
2019-09-10,27.510000228881836
2019-09-11,27.719999313354492
2019-09-12,27.270000457763672
2019-09-13,26.639999389648438
2019-09-16,27.290000915527344
2019-09-17,28.1200008392334
2019-09-18,27.6200008392334
2019-09-19,28.100000381469727
2019-09-20,28.690000534057617
2019-09-23,29.15999984741211
2019-09-24,29.489999771118164
2019-09-25,28.43000030517578
2019-09-26,28.110000610351562
2019-09-27,27.450000762939453
2019-09-30,26.709999084472656
2019-10-01,26.920000076293945
2019-10-02,27.40999984741211
2019-10-03,27.25
2019-10-04,27.8700008392334
2019-10-07,27.579999923706055
2019-10-08,28.360000610351562
2019-10-09,28.049999237060547
2019-10-10,28.049999237060547
2019-10-11,26.969999313354492
2019-10-14,27.06999969482422
2019-10-15,26.190000534057617
2019-10-16,26.709999084472656
2019-10-17,27.079999923706055
2019-10-18,27.1200008392334
2019-10-21,26.579999923706055
2019-10-22,26.540000915527344
2019-10-23,26.809999465942383
2019-10-24,27.520000457763672
2019-10-25,27.739999771118164
2019-10-28,27.059999465942383
2019-10-29,27.209999084472656
2019-10-30,27.450000762939453
2019-10-31,28.149999618530273
2019-11-01,28.010000228881836
2019-11-04,27.520000457763672
2019-11-05,26.969999313354492
2019-11-06,27.299999237060547
2019-11-07,26.489999771118164
2019-11-08,26.229999542236328
2019-11-11,26.239999771118164
2019-11-12,26.59000015258789
2019-11-13,26.75
2019-11-14,27.0
2019-11-15,26.739999771118164
2019-11-18,27.200000762939453
2019-11-19,27.229999542236328
2019-11-20,27.34000015258789
2019-11-21,26.81999969482422
2019-11-22,26.760000228881836
2019-11-25,26.200000762939453
2019-11-26,26.780000686645508
2019-11-27,26.65999984741211
2019-11-29,27.079999923706055
2019-12-02,27.170000076293945
2019-12-03,27.770000457763672
2019-12-04,27.479999542236328
2019-12-05,27.6200008392334
2019-12-06,26.969999313354492
2019-12-09,26.920000076293945
2019-12-10,27.1299991607666
2019-12-11,27.709999084472656
2019-12-12,27.65999984741211
2019-12-13,27.719999313354492
2019-12-16,27.389999389648438
2019-12-17,27.15999984741211
2019-12-18,27.450000762939453
2019-12-19,27.479999542236328
2019-12-20,27.1299991607666
2019-12-23,27.770000457763672
2019-12-24,28.65999984741211
2019-12-26,29.079999923706055
2019-12-27,28.8700008392334
2019-12-30,29.489999771118164
2019-12-31,29.280000686645508
2020-01-02,29.350000381469727
2020-01-03,29.170000076293945
2020-01-06,29.219999313354492
2020-01-07,29.5
2020-01-08,28.350000381469727
2020-01-09,28.040000915527344
2020-01-10,28.450000762939453
2020-01-13,27.770000457763672
2020-01-14,28.260000228881836
2020-01-15,28.790000915527344
2020-01-16,28.670000076293945
2020-01-17,28.420000076293945
2020-01-21,28.950000762939453
2020-01-22,28.84000015258789
2020-01-23,28.65999984741211
2020-01-24,29.219999313354492
2020-01-27,29.079999923706055
2020-01-28,28.309999465942383
2020-01-29,28.860000610351562
2020-01-30,28.729999542236328
2020-01-31,28.989999771118164
2020-02-03,28.559999465942383
2020-02-04,28.049999237060547
2020-02-05,28.049999237060547
2020-02-06,28.399999618530273
2020-02-07,27.93000030517578
2020-02-10,28.389999389648438
2020-02-11,28.43000030517578
2020-02-12,28.1200008392334
2020-02-13,28.31999969482422
2020-02-14,28.309999465942383
2020-02-18,29.229999542236328
2020-02-19,29.75
2020-02-20,29.75
2020-02-21,30.649999618530273
2020-02-24,31.049999237060547
2020-02-25,29.969999313354492
2020-02-26,29.8700008392334
2020-02-27,28.149999618530273
2020-02-28,26.219999313354492
2020-03-02,27.290000915527344
2020-03-03,28.68000030517578
2020-03-04,29.1299991607666
2020-03-05,29.81999969482422
2020-03-06,29.40999984741211
2020-03-09,27.309999465942383
2020-03-10,27.489999771118164
2020-03-11,25.170000076293945
2020-03-12,22.309999465942383
2020-03-13,19.0
2020-03-16,22.489999771118164
2020-03-17,25.5
2020-03-18,19.68000030517578
2020-03-19,21.270000457763672
2020-03-20,20.549999237060547
2020-03-23,21.93000030517578
2020-03-24,25.149999618530273
2020-03-25,26.309999465942383
2020-03-26,25.850000381469727
2020-03-27,24.3700008392334
2020-03-30,23.93000030517578
2020-03-31,23.040000915527344
2020-04-01,24.030000686645508
2020-04-02,25.040000915527344
2020-04-03,24.950000762939453
2020-04-06,26.34000015258789
2020-04-07,26.09000015258789
2020-04-08,26.200000762939453
2020-04-09,28.950000762939453
2020-04-13,30.780000686645508
2020-04-14,30.75
2020-04-15,30.149999618530273
2020-04-16,30.920000076293945
2020-04-17,29.940000534057617
2020-04-20,30.739999771118164
2020-04-21,30.559999465942383
2020-04-22,32.5099983215332
2020-04-23,33.41999816894531
2020-04-24,33.93000030517578
2020-04-27,33.790000915527344
2020-04-28,33.810001373291016
2020-04-29,34.029998779296875
2020-04-30,32.2599983215332
2020-05-01,33.290000915527344
2020-05-04,33.9900016784668
2020-05-05,34.790000915527344
2020-05-06,33.70000076293945
2020-05-07,35.029998779296875
2020-05-08,34.86000061035156
2020-05-11,33.88999938964844
2020-05-12,33.84000015258789
2020-05-13,34.08000183105469
2020-05-14,35.15999984741211
2020-05-15,36.56999969482422
2020-05-18,35.93000030517578
2020-05-19,37.209999084472656
2020-05-20,36.61000061035156
2020-05-21,35.65999984741211
2020-05-22,35.54999923706055
2020-05-26,34.08000183105469
2020-05-27,33.709999084472656
2020-05-28,34.0
2020-05-29,34.31999969482422
2020-06-01,35.380001068115234
2020-06-02,34.09000015258789
2020-06-03,32.83000183105469
2020-06-04,33.11000061035156
2020-06-05,32.459999084472656
2020-06-08,32.779998779296875
2020-06-09,33.060001373291016
2020-06-10,34.529998779296875
2020-06-11,32.83000183105469
2020-06-12,32.63999938964844
2020-06-15,33.5099983215332
2020-06-16,32.63999938964844
2020-06-17,32.849998474121094
2020-06-18,32.43000030517578
2020-06-19,33.54999923706055
2020-06-22,34.869998931884766
2020-06-23,35.369998931884766
2020-06-24,34.7400016784668
2020-06-25,34.959999084472656
2020-06-26,35.189998626708984
2020-06-29,35.560001373291016
2020-06-30,36.68000030517578
2020-07-01,36.560001373291016
2020-07-02,36.16999816894531
2020-07-06,36.84000015258789
2020-07-07,37.72999954223633
2020-07-08,38.959999084472656
2020-07-09,38.790000915527344
2020-07-10,38.400001525878906
2020-07-13,37.130001068115234
2020-07-14,38.59000015258789
2020-07-15,38.66999816894531
2020-07-16,38.08000183105469
2020-07-17,39.310001373291016
2020-07-20,40.380001068115234
2020-07-21,40.90999984741211
2020-07-22,41.75
2020-07-23,40.959999084472656
2020-07-24,41.83000183105469
2020-07-27,43.84000015258789
2020-07-28,43.560001373291016
2020-07-29,43.130001068115234
2020-07-30,41.630001068115234
2020-07-31,42.939998626708984
2020-08-03,42.540000915527344
2020-08-04,44.47999954223633
2020-08-05,44.529998779296875
2020-08-06,44.22999954223633
2020-08-07,42.7400016784668
2020-08-10,42.38999938964844
2020-08-11,39.04999923706055
2020-08-12,39.22999954223633
2020-08-13,40.630001068115234
2020-08-14,40.349998474121094
2020-08-17,42.959999084472656
2020-08-18,42.65999984741211
2020-08-19,41.0099983215332
2020-08-20,41.970001220703125
2020-08-21,40.88999938964844
2020-08-24,40.650001525878906
2020-08-25,40.58000183105469
2020-08-26,41.599998474121094
2020-08-27,40.65999984741211
2020-08-28,41.959999084472656
2020-08-31,42.27000045776367
2020-09-01,41.66999816894531
2020-09-02,41.7599983215332
2020-09-03,41.290000915527344
2020-09-04,40.86000061035156
2020-09-08,40.58000183105469
2020-09-09,42.34000015258789
2020-09-10,41.58000183105469
2020-09-11,41.15999984741211
2020-09-14,42.790000915527344
2020-09-15,42.790000915527344
2020-09-16,42.849998474121094
2020-09-17,42.099998474121094
2020-09-18,41.36000061035156
2020-09-21,39.84000015258789
2020-09-22,40.02000045776367
2020-09-23,37.630001068115234
2020-09-24,38.689998626708984
2020-09-25,38.41999816894531
2020-09-28,38.869998931884766
2020-09-29,39.369998931884766
2020-09-30,39.15999984741211
2020-10-01,39.56999969482422
2020-10-02,38.970001220703125
2020-10-05,39.56999969482422
2020-10-06,38.11000061035156
2020-10-07,38.349998474121094
2020-10-08,38.970001220703125
2020-10-09,40.779998779296875
2020-10-12,40.66999816894531
2020-10-13,40.25
2020-10-14,40.959999084472656
2020-10-15,40.29999923706055
2020-10-16,39.83000183105469
2020-10-19,39.15999984741211
2020-10-20,39.459999084472656
2020-10-21,39.91999816894531
2020-10-22,39.189998626708984
2020-10-23,38.81999969482422
2020-10-26,38.209999084472656
2020-10-27,38.83000183105469
2020-10-28,36.52000045776367
2020-10-29,36.95000076293945
2020-10-30,37.4900016784668
2020-11-02,38.630001068115234
2020-11-03,39.369998931884766
2020-11-04,38.470001220703125
2020-11-05,41.220001220703125
2020-11-06,41.41999816894531
2020-11-09,38.880001068115234
2020-11-10,37.560001373291016
2020-11-11,37.150001525878906
2020-11-12,37.4900016784668
2020-11-13,38.0099983215332
2020-11-16,37.7599983215332
2020-11-17,36.939998626708984
2020-11-18,35.81999969482422
2020-11-19,35.52000045776367
2020-11-20,35.900001525878906
2020-11-23,34.36000061035156
2020-11-24,33.41999816894531
2020-11-25,34.040000915527344
2020-11-27,34.22999954223633
2020-11-30,34.68000030517578
2020-12-01,35.959999084472656
2020-12-02,35.970001220703125
2020-12-03,35.5099983215332
2020-12-04,35.310001373291016
2020-12-07,36.5
2020-12-08,36.349998474121094
2020-12-09,35.400001525878906
2020-12-10,35.2400016784668
2020-12-11,35.08000183105469
2020-12-14,34.290000915527344
2020-12-15,35.369998931884766
2020-12-16,36.029998779296875
2020-12-17,37.290000915527344
2020-12-18,36.58000183105469
2020-12-21,36.349998474121094
2020-12-22,35.290000915527344
2020-12-23,35.91999816894531
2020-12-24,36.029998779296875
2020-12-28,35.689998626708984
2020-12-29,35.7400016784668
2020-12-30,36.560001373291016
2020-12-31,36.02000045776367
2021-01-04,38.5099983215332
2021-01-05,38.5
2021-01-06,38.459999084472656
2021-01-07,38.369998931884766
2021-01-08,36.52000045776367
2021-01-11,35.779998779296875
2021-01-12,36.040000915527344
2021-01-13,35.63999938964844
2021-01-14,35.61000061035156
2021-01-15,34.5099983215332
2021-01-19,34.869998931884766
2021-01-20,36.040000915527344
2021-01-21,35.709999084472656
2021-01-22,35.22999954223633
2021-01-25,35.189998626708984
2021-01-26,35.09000015258789
2021-01-27,33.7400016784668
2021-01-28,34.58000183105469
2021-01-29,34.5099983215332
2021-02-01,35.68000030517578
2021-02-02,34.619998931884766
2021-02-03,34.61000061035156
2021-02-04,33.84000015258789
2021-02-05,34.61000061035156
2021-02-08,35.220001220703125
2021-02-09,35.18000030517578
2021-02-10,35.279998779296875
2021-02-11,34.810001373291016
2021-02-12,34.779998779296875
2021-02-16,34.09000015258789
2021-02-17,33.220001220703125
2021-02-18,32.790000915527344
2021-02-19,32.7400016784668
2021-02-22,34.209999084472656
2021-02-23,33.439998626708984
2021-02-24,33.70000076293945
2021-02-25,32.33000183105469
2021-02-26,31.1299991607666
2021-03-01,30.899999618530273
2021-03-02,31.959999084472656
2021-03-03,31.350000381469727
2021-03-04,31.3700008392334
2021-03-05,31.780000686645508
2021-03-08,31.389999389648438
2021-03-09,32.29999923706055
2021-03-10,32.43000030517578
2021-03-11,33.04999923706055
2021-03-12,33.08000183105469
2021-03-15,33.619998931884766
2021-03-16,33.4900016784668
2021-03-17,34.209999084472656
2021-03-18,33.619998931884766
2021-03-19,33.88999938964844
2021-03-22,33.4900016784668
2021-03-23,32.63999938964844
2021-03-24,32.29999923706055
2021-03-25,32.2400016784668
2021-03-26,32.77000045776367
2021-03-29,32.86000061035156
2021-03-30,31.829999923706055
2021-03-31,32.5
2021-04-01,33.599998474121094
2021-04-05,33.709999084472656
2021-04-06,34.279998779296875
2021-04-07,33.93000030517578
2021-04-08,34.72999954223633
2021-04-09,34.72999954223633
2021-04-12,33.959999084472656
2021-04-13,34.560001373291016
2021-04-14,34.290000915527344
2021-04-15,35.709999084472656
2021-04-16,36.029998779296875
2021-04-19,35.790000915527344
2021-04-20,36.20000076293945
2021-04-21,36.83000183105469
2021-04-22,36.18000030517578
2021-04-23,36.060001373291016
2021-04-26,35.97999954223633
2021-04-27,35.29999923706055
2021-04-28,35.45000076293945
2021-04-29,34.77000045776367
2021-04-30,34.36000061035156
2021-05-03,35.68000030517578
2021-05-04,35.310001373291016
2021-05-05,35.61000061035156
2021-05-06,36.7599983215332
2021-05-07,37.41999816894531
2021-05-10,37.380001068115234
2021-05-11,37.63999938964844
2021-05-12,36.86000061035156
2021-05-13,36.93000030517578
2021-05-14,37.84000015258789
2021-05-17,39.68000030517578
2021-05-18,39.630001068115234
2021-05-19,39.040000915527344
2021-05-20,39.5099983215332
2021-05-21,39.290000915527344
2021-05-24,39.43000030517578
2021-05-25,39.52000045776367
2021-05-26,39.459999084472656
2021-05-27,39.209999084472656
2021-05-28,39.41999816894531
2021-06-01,39.4900016784668
2021-06-02,39.540000915527344
2021-06-03,38.16999816894531
2021-06-04,38.68000030517578
2021-06-07,38.650001525878906
2021-06-08,38.099998474121094
2021-06-09,38.0
2021-06-10,38.95000076293945
2021-06-11,38.279998779296875
2021-06-14,38.029998779296875
2021-06-15,37.59000015258789
2021-06-16,36.77000045776367
2021-06-17,34.93000030517578
2021-06-18,34.130001068115234
2021-06-21,34.77000045776367
2021-06-22,34.54999923706055
2021-06-23,34.33000183105469
2021-06-24,34.439998626708984
2021-06-25,34.36000061035156
2021-06-28,33.97999954223633
2021-06-29,33.63999938964844
2021-06-30,33.97999954223633
2021-07-01,33.959999084472656
2021-07-02,34.41999816894531
2021-07-06,34.52000045776367
2021-07-07,34.560001373291016
2021-07-08,33.68000030517578
2021-07-09,34.369998931884766
2021-07-12,33.88999938964844
2021-07-13,34.279998779296875
2021-07-14,34.7400016784668
2021-07-15,34.970001220703125
2021-07-16,33.91999816894531
2021-07-19,33.189998626708984
2021-07-20,33.29999923706055
2021-07-21,33.619998931884766
2021-07-22,33.40999984741211
2021-07-23,33.150001525878906
2021-07-26,33.5
2021-07-27,33.68000030517578
2021-07-28,34.189998626708984
2021-07-29,35.06999969482422
2021-07-30,34.91999816894531
2021-08-02,34.779998779296875
2021-08-03,35.09000015258789
2021-08-04,34.779998779296875
2021-08-05,34.2599983215332
2021-08-06,33.2400016784668
2021-08-09,32.43000030517578
2021-08-10,32.02000045776367
2021-08-11,32.65999984741211
2021-08-12,32.15999984741211
2021-08-13,32.81999969482422
2021-08-16,32.63999938964844
2021-08-17,32.25
2021-08-18,31.489999771118164
2021-08-19,30.959999084472656
2021-08-20,30.850000381469727
2021-08-23,32.119998931884766
2021-08-24,32.11000061035156
2021-08-25,31.68000030517578
2021-08-26,31.479999542236328
2021-08-27,32.61000061035156
2021-08-30,32.16999816894531
2021-08-31,32.599998474121094
2021-09-01,32.380001068115234
2021-09-02,32.5
2021-09-03,33.279998779296875
2021-09-07,32.349998474121094
2021-09-08,32.189998626708984
2021-09-09,31.959999084472656
2021-09-10,31.5
2021-09-13,32.11000061035156
2021-09-14,32.27000045776367
2021-09-15,32.2599983215332
2021-09-16,30.920000076293945
2021-09-17,30.579999923706055
2021-09-20,30.450000762939453
2021-09-21,30.469999313354492
2021-09-22,30.5
2021-09-23,29.889999389648438
2021-09-24,29.68000030517578
2021-09-27,29.68000030517578
2021-09-28,29.3700008392334
2021-09-29,28.90999984741211
2021-09-30,29.469999313354492
2021-10-01,29.329999923706055
2021-10-04,29.670000076293945
2021-10-05,29.780000686645508
2021-10-06,30.34000015258789
2021-10-07,30.399999618530273
2021-10-08,30.670000076293945
2021-10-11,30.579999923706055
2021-10-12,31.139999389648438
2021-10-13,32.150001525878906
2021-10-14,32.849998474121094
2021-10-15,32.52000045776367
2021-10-18,32.220001220703125
2021-10-19,32.5
2021-10-20,32.86000061035156
2021-10-21,32.72999954223633
2021-10-22,32.9900016784668
2021-10-25,33.45000076293945
2021-10-26,33.25
2021-10-27,33.099998474121094
2021-10-28,32.59000015258789
2021-10-29,31.709999084472656
2021-11-01,31.860000610351562
2021-11-02,31.530000686645508
2021-11-03,31.860000610351562
2021-11-04,31.75
2021-11-05,32.75
2021-11-08,32.900001525878906
2021-11-09,33.31999969482422
2021-11-10,33.90999984741211
2021-11-11,34.70000076293945
2021-11-12,34.77000045776367
2021-11-15,34.900001525878906
2021-11-16,34.290000915527344
2021-11-17,34.560001373291016
2021-11-18,34.2400016784668
2021-11-19,33.66999816894531
2021-11-22,33.0
2021-11-23,32.5
2021-11-24,32.41999816894531
2021-11-26,32.119998931884766
2021-11-29,32.130001068115234
2021-11-30,31.799999237060547
2021-12-01,30.829999923706055
2021-12-02,30.459999084472656
2021-12-03,30.690000534057617
2021-12-06,31.1200008392334
2021-12-07,31.34000015258789
2021-12-08,31.489999771118164
2021-12-09,30.68000030517578
2021-12-10,30.489999771118164
2021-12-13,30.510000228881836
2021-12-14,30.110000610351562
2021-12-15,29.700000762939453
2021-12-16,31.190000534057617
2021-12-17,31.1299991607666
2021-12-20,30.59000015258789
2021-12-21,30.81999969482422
2021-12-22,31.15999984741211
2021-12-23,31.299999237060547
2021-12-27,31.329999923706055
2021-12-28,31.09000015258789
2021-12-29,31.219999313354492
2021-12-30,31.780000686645508
2021-12-31,32.029998779296875
2022-01-03,31.25
2022-01-04,31.3799991607666
2022-01-05,30.850000381469727
2022-01-06,29.760000228881836
2022-01-07,30.010000228881836
2022-01-10,30.510000228881836
2022-01-11,31.139999389648438
2022-01-12,31.709999084472656
2022-01-13,31.239999771118164
2022-01-14,30.969999313354492
2022-01-18,30.600000381469727
2022-01-19,32.790000915527344
2022-01-20,32.33000183105469
2022-01-21,31.649999618530273
2022-01-24,31.450000762939453
2022-01-25,31.65999984741211
2022-01-26,30.6299991607666
2022-01-27,29.68000030517578
2022-01-28,29.299999237060547
2022-01-31,30.229999542236328
2022-02-01,30.530000686645508
2022-02-02,30.6299991607666
2022-02-03,30.25
2022-02-04,30.399999618530273
2022-02-07,31.299999237060547
2022-02-08,31.649999618530273
2022-02-09,31.59000015258789
2022-02-10,30.690000534057617
2022-02-11,32.43000030517578
2022-02-14,33.09000015258789
2022-02-15,32.4900016784668
2022-02-16,33.529998779296875
2022-02-17,34.779998779296875
2022-02-18,34.5
2022-02-22,34.11000061035156
2022-02-23,34.7400016784668
2022-02-24,34.06999969482422
2022-02-25,34.38999938964844
2022-02-28,34.380001068115234
2022-03-01,35.86000061035156
2022-03-02,35.72999954223633
2022-03-03,36.02000045776367
2022-03-04,37.400001525878906
2022-03-07,38.36000061035156
2022-03-08,38.56999969482422
2022-03-09,38.130001068115234
2022-03-10,38.90999984741211
2022-03-11,38.290000915527344
2022-03-14,36.72999954223633
2022-03-15,36.900001525878906
2022-03-16,37.0099983215332
2022-03-17,37.70000076293945
2022-03-18,37.220001220703125
2022-03-21,38.150001525878906
2022-03-22,37.7599983215332
2022-03-23,38.720001220703125
2022-03-24,38.560001373291016
2022-03-25,38.720001220703125
2022-03-28,37.70000076293945
2022-03-29,38.220001220703125
2022-03-30,38.650001525878906
2022-03-31,38.349998474121094
2022-04-01,39.4900016784668
2022-04-04,39.13999938964844
2022-04-05,38.279998779296875
2022-04-06,38.18000030517578
2022-04-07,38.72999954223633
2022-04-08,39.66999816894531
2022-04-11,39.45000076293945
2022-04-12,39.79999923706055
2022-04-13,40.689998626708984
2022-04-14,40.86000061035156
2022-04-18,40.869998931884766
2022-04-19,39.70000076293945
2022-04-20,40.130001068115234
2022-04-21,38.09000015258789
2022-04-22,36.939998626708984
2022-04-25,35.66999816894531
2022-04-26,34.900001525878906
2022-04-27,34.70000076293945
2022-04-28,35.40999984741211
2022-04-29,34.9900016784668
2022-05-02,34.54999923706055
2022-05-03,35.11000061035156
2022-05-04,35.779998779296875
2022-05-05,34.630001068115234
2022-05-06,34.2400016784668
2022-05-09,32.22999954223633
2022-05-10,31.690000534057617
2022-05-11,31.649999618530273
2022-05-12,30.18000030517578
2022-05-13,30.8799991607666
2022-05-16,31.18000030517578
2022-05-17,31.239999771118164
2022-05-18,30.450000762939453
2022-05-19,32.150001525878906
2022-05-20,32.060001373291016
2022-05-23,32.25
2022-05-24,32.7400016784668
2022-05-25,32.59000015258789
2022-05-26,32.38999938964844
2022-05-27,32.5099983215332
2022-05-31,31.729999542236328
2022-06-01,31.979999542236328
2022-06-02,33.349998474121094
2022-06-03,32.560001373291016
2022-06-06,32.220001220703125
2022-06-07,32.529998779296875
2022-06-08,32.310001373291016
2022-06-09,31.09000015258789
2022-06-10,32.56999969482422
2022-06-13,30.469999313354492
2022-06-14,29.700000762939453
2022-06-15,30.190000534057617
2022-06-16,30.760000228881836
2022-06-17,30.389999389648438
2022-06-21,30.5
2022-06-22,30.079999923706055
2022-06-23,28.90999984741211
2022-06-24,29.65999984741211
2022-06-27,29.469999313354492
2022-06-28,28.8700008392334
2022-06-29,28.440000534057617
2022-06-30,27.3799991607666
2022-07-01,28.15999984741211
2022-07-05,26.959999084472656
2022-07-06,26.790000915527344
2022-07-07,27.15999984741211
2022-07-08,27.059999465942383
2022-07-11,26.649999618530273
2022-07-12,26.260000228881836
2022-07-13,26.829999923706055
2022-07-14,25.709999084472656
2022-07-15,25.59000015258789
2022-07-18,25.709999084472656
2022-07-19,26.020000457763672
2022-07-20,25.260000228881836
2022-07-21,25.739999771118164
2022-07-22,25.40999984741211
2022-07-25,24.59000015258789
2022-07-26,25.100000381469727
2022-07-27,25.530000686645508
2022-07-28,26.0
2022-07-29,26.270000457763672
2022-08-01,26.209999084472656
2022-08-02,25.8799991607666
2022-08-03,25.540000915527344
2022-08-04,26.43000030517578
2022-08-05,26.280000686645508
2022-08-08,27.0
2022-08-09,26.940000534057617
2022-08-10,27.1299991607666
2022-08-11,26.6200008392334
2022-08-12,27.219999313354492
2022-08-15,26.6299991607666
2022-08-16,26.729999542236328
2022-08-17,25.780000686645508
2022-08-18,25.809999465942383
2022-08-19,25.25
2022-08-22,25.270000457763672
2022-08-23,25.700000762939453
2022-08-24,25.90999984741211
2022-08-25,26.1299991607666
2022-08-26,24.899999618530273
2022-08-29,24.610000610351562
2022-08-30,24.079999923706055
2022-08-31,23.799999237060547
2022-09-01,23.059999465942383
2022-09-02,23.790000915527344
2022-09-06,23.440000534057617
2022-09-07,24.31999969482422
2022-09-08,24.360000610351562
2022-09-09,25.100000381469727
2022-09-12,25.450000762939453
2022-09-13,24.420000076293945
2022-09-14,24.469999313354492
2022-09-15,23.739999771118164
2022-09-16,24.0
2022-09-19,24.420000076293945
2022-09-20,23.75
2022-09-21,23.829999923706055
2022-09-22,23.739999771118164
2022-09-23,22.440000534057617
2022-09-26,21.860000610351562
2022-09-27,22.0
2022-09-28,23.579999923706055
2022-09-29,23.690000534057617
2022-09-30,24.1200008392334
2022-10-03,25.040000915527344
2022-10-04,25.75
2022-10-05,25.3700008392334
2022-10-06,25.649999618530273
2022-10-07,24.389999389648438
2022-10-10,24.020000457763672
2022-10-11,23.809999465942383
2022-10-12,24.020000457763672
2022-10-13,23.739999771118164
2022-10-14,22.719999313354492
2022-10-17,23.450000762939453
2022-10-18,23.610000610351562
2022-10-19,22.889999389648438
2022-10-20,23.18000030517578
2022-10-21,24.34000015258789
2022-10-24,23.93000030517578
2022-10-25,24.40999984741211
2022-10-26,25.1299991607666
2022-10-27,24.81999969482422
2022-10-28,24.719999313354492
2022-10-31,24.15999984741211
2022-11-01,24.700000762939453
2022-11-02,23.25
2022-11-03,22.68000030517578
2022-11-04,24.950000762939453
2022-11-07,25.149999618530273
2022-11-08,26.65999984741211
2022-11-09,26.239999771118164
2022-11-10,28.209999084472656
2022-11-11,28.299999237060547
2022-11-14,28.1200008392334
2022-11-15,27.850000381469727
2022-11-16,27.530000686645508
2022-11-17,27.1200008392334
2022-11-18,27.3700008392334
2022-11-21,27.18000030517578
2022-11-22,28.260000228881836
2022-11-23,28.709999084472656
2022-11-25,28.440000534057617
2022-11-28,27.299999237060547
2022-11-29,28.149999618530273
2022-11-30,29.049999237060547
2022-12-01,30.040000915527344
2022-12-02,29.920000076293945
2022-12-05,28.84000015258789
2022-12-06,28.850000381469727
2022-12-07,29.40999984741211
2022-12-08,29.40999984741211
2022-12-09,29.06999969482422
2022-12-12,28.940000534057617
2022-12-13,29.780000686645508
2022-12-14,29.6299991607666
2022-12-15,28.31999969482422
2022-12-16,28.600000381469727
2022-12-19,27.65999984741211
2022-12-20,28.739999771118164
2022-12-21,29.079999923706055
2022-12-22,28.760000228881836
2022-12-23,28.8700008392334
2022-12-27,29.600000381469727
2022-12-28,28.68000030517578
2022-12-29,28.81999969482422
2022-12-30,28.65999984741211
2023-01-03,29.65999984741211
2023-01-04,30.920000076293945
2023-01-05,30.649999618530273
2023-01-06,31.559999465942383
2023-01-09,31.260000228881836
2023-01-10,31.84000015258789
2023-01-11,31.56999969482422
2023-01-12,32.18000030517578
2023-01-13,32.650001525878906
2023-01-17,31.520000457763672
2023-01-18,31.209999084472656
2023-01-19,32.02000045776367
2023-01-20,32.41999816894531
2023-01-23,32.400001525878906
2023-01-24,32.72999954223633
2023-01-25,33.27000045776367
2023-01-26,32.7599983215332
2023-01-27,32.310001373291016
2023-01-30,31.829999923706055
2023-01-31,32.02000045776367
2023-02-01,32.7400016784668
2023-02-02,31.719999313354492
2023-02-03,30.31999969482422
2023-02-06,30.209999084472656
2023-02-07,30.6299991607666
2023-02-08,30.3700008392334
2023-02-09,29.760000228881836
2023-02-10,29.6200008392334
2023-02-13,29.579999923706055
2023-02-14,29.639999389648438
2023-02-15,28.790000915527344
2023-02-16,28.670000076293945
2023-02-17,28.40999984741211
2023-02-21,28.110000610351562
2023-02-22,27.450000762939453
2023-02-23,27.309999465942383
2023-02-24,26.989999771118164
2023-02-27,27.200000762939453
2023-02-28,27.510000228881836
2023-03-01,28.110000610351562
2023-03-02,28.170000076293945
2023-03-03,28.6299991607666
2023-03-06,28.079999923706055
2023-03-07,26.889999389648438
2023-03-08,26.809999465942383
2023-03-09,26.68000030517578
2023-03-10,27.200000762939453
2023-03-13,29.100000381469727
2023-03-14,29.329999923706055
2023-03-15,29.329999923706055
2023-03-16,29.15999984741211
2023-03-17,30.579999923706055
2023-03-20,31.110000610351562
2023-03-21,30.0
2023-03-22,30.559999465942383
2023-03-23,31.309999465942383
2023-03-24,31.549999237060547
2023-03-27,31.520000457763672
2023-03-28,32.310001373291016
2023-03-29,32.040000915527344
2023-03-30,32.52000045776367
2023-03-31,32.349998474121094
2023-04-03,33.08000183105469
2023-04-04,34.189998626708984
2023-04-05,34.34000015258789
2023-04-06,34.43000030517578
2023-04-10,33.9900016784668
2023-04-11,34.58000183105469
2023-04-12,34.91999816894531
2023-04-13,35.869998931884766
2023-04-14,35.09000015258789
2023-04-17,34.29999923706055
2023-04-18,34.54999923706055
2023-04-19,34.08000183105469
2023-04-20,34.060001373291016
2023-04-21,33.61000061035156
2023-04-24,33.709999084472656
2023-04-25,33.77000045776367
2023-04-26,33.33000183105469
2023-04-27,33.849998474121094
2023-04-28,33.58000183105469
2023-05-01,33.40999984741211
2023-05-02,34.7400016784668
2023-05-03,34.86000061035156
2023-05-04,35.689998626708984
2023-05-05,35.400001525878906
2023-05-08,35.36000061035156
2023-05-09,35.25
2023-05-10,35.0
2023-05-11,33.52000045776367
2023-05-12,33.599998474121094
2023-05-15,33.90999984741211
2023-05-16,33.0099983215332
2023-05-17,32.72999954223633
2023-05-18,31.8799991607666
2023-05-19,32.15999984741211
2023-05-22,31.8700008392334
2023-05-23,31.649999618530273
2023-05-24,30.920000076293945
2023-05-25,30.260000228881836
2023-05-26,30.40999984741211
2023-05-30,30.200000762939453
2023-05-31,30.90999984741211
2023-06-01,32.0099983215332
2023-06-02,31.40999984741211
2023-06-05,31.559999465942383
2023-06-06,31.6299991607666
2023-06-07,31.049999237060547
2023-06-08,31.540000915527344
2023-06-09,31.079999923706055
2023-06-12,31.239999771118164
2023-06-13,30.889999389648438
2023-06-14,30.8700008392334
2023-06-15,31.0
2023-06-16,31.389999389648438
2023-06-20,30.139999389648438
2023-06-21,30.059999465942383
2023-06-22,29.850000381469727
2023-06-23,29.790000915527344
2023-06-26,30.06999969482422
2023-06-27,29.649999618530273
2023-06-28,29.219999313354492
2023-06-29,29.6200008392334
2023-06-30,30.110000610351562
2023-07-03,30.690000534057617
2023-07-05,29.829999923706055
2023-07-06,29.06999969482422
2023-07-07,29.450000762939453
2023-07-10,30.040000915527344
2023-07-11,30.239999771118164
2023-07-12,31.81999969482422
2023-07-13,32.189998626708984
2023-07-14,31.959999084472656
2023-07-17,31.969999313354492
2023-07-18,32.630001068115234
2023-07-19,32.36000061035156
2023-07-20,31.389999389648438
2023-07-21,31.489999771118164
2023-07-24,31.290000915527344
2023-07-25,31.780000686645508
2023-07-26,31.649999618530273
2023-07-27,30.350000381469727
2023-07-28,30.719999313354492
2023-07-31,31.40999984741211
2023-08-01,30.229999542236328
2023-08-02,29.280000686645508
2023-08-03,29.280000686645508
2023-08-04,29.559999465942383
2023-08-07,29.329999923706055
2023-08-08,29.079999923706055
2023-08-09,29.1299991607666
2023-08-10,29.170000076293945
2023-08-11,29.459999084472656
2023-08-14,28.950000762939453
2023-08-15,28.209999084472656
2023-08-16,27.829999923706055
2023-08-17,27.610000610351562
2023-08-18,27.450000762939453
2023-08-21,27.709999084472656
2023-08-22,27.950000762939453
2023-08-23,28.739999771118164
2023-08-24,28.68000030517578
2023-08-25,28.399999618530273
2023-08-28,29.0
2023-08-29,29.530000686645508
2023-08-30,29.520000457763672
2023-08-31,29.260000228881836
2023-09-01,29.09000015258789
2023-09-05,28.489999771118164
2023-09-06,28.469999313354492
2023-09-07,28.280000686645508
2023-09-08,28.34000015258789
2023-09-11,28.770000457763672
2023-09-12,28.790000915527344
2023-09-13,28.719999313354492
2023-09-14,29.110000610351562
2023-09-15,29.719999313354492
2023-09-18,29.75
2023-09-19,29.399999618530273
2023-09-20,29.709999084472656
2023-09-21,28.90999984741211
2023-09-22,28.8700008392334
2023-09-25,28.510000228881836
2023-09-26,27.739999771118164
2023-09-27,26.90999984741211
2023-09-28,27.049999237060547
2023-09-29,26.90999984741211
2023-10-02,25.989999771118164
2023-10-03,26.06999969482422
2023-10-04,25.90999984741211
2023-10-05,26.31999969482422
2023-10-06,26.889999389648438
2023-10-09,27.540000915527344
2023-10-10,27.809999465942383
2023-10-11,28.31999969482422
2023-10-12,27.739999771118164
2023-10-13,28.950000762939453
2023-10-16,29.0
2023-10-17,29.530000686645508
2023-10-18,29.450000762939453
2023-10-19,29.510000228881836
2023-10-20,29.479999542236328
2023-10-23,29.239999771118164
2023-10-24,29.260000228881836
2023-10-25,28.780000686645508
2023-10-26,28.520000457763672
2023-10-27,29.200000762939453
2023-10-30,28.770000457763672
2023-10-31,28.010000228881836
2023-11-01,28.110000610351562
2023-11-02,28.260000228881836
2023-11-03,29.469999313354492
2023-11-06,29.149999618530273
2023-11-07,28.59000015258789
2023-11-08,27.690000534057617
2023-11-09,27.59000015258789
2023-11-10,27.25
2023-11-13,27.040000915527344
2023-11-14,28.329999923706055
2023-11-15,28.190000534057617
2023-11-16,28.610000610351562
2023-11-17,28.43000030517578
2023-11-20,28.510000228881836
2023-11-21,29.209999084472656
2023-11-22,29.25
2023-11-24,29.31999969482422
2023-11-27,29.790000915527344
2023-11-28,31.219999313354492
2023-11-29,31.200000762939453
2023-11-30,31.31999969482422
2023-12-01,31.809999465942383
2023-12-04,31.020000457763672
2023-12-05,30.479999542236328
2023-12-06,30.420000076293945
2023-12-07,30.31999969482422
2023-12-08,29.68000030517578
2023-12-11,29.549999237060547
2023-12-12,28.860000610351562
2023-12-13,30.700000762939453
2023-12-14,31.309999465942383
2023-12-15,30.950000762939453
2023-12-18,30.729999542236328
2023-12-19,31.549999237060547
2023-12-20,30.780000686645508
2023-12-21,31.350000381469727
2023-12-22,31.559999465942383
2023-12-26,31.670000076293945
2023-12-27,31.979999542236328
2023-12-28,31.170000076293945
2023-12-29,31.010000228881836
2024-01-02,30.559999465942383
2024-01-03,29.760000228881836
2024-01-04,29.770000457763672
2024-01-05,29.770000457763672
2024-01-08,29.700000762939453
2024-01-09,29.170000076293945
2024-01-10,29.110000610351562
2024-01-11,28.889999389648438
2024-01-12,29.700000762939453
2024-01-16,28.389999389648438
2024-01-17,27.510000228881836
2024-01-18,27.59000015258789
2024-01-19,27.690000534057617
2024-01-22,27.600000381469727
2024-01-23,28.229999542236328
2024-01-24,27.700000762939453
2024-01-25,28.25
2024-01-26,28.06999969482422
2024-01-29,28.360000610351562
2024-01-30,28.149999618530273
2024-01-31,27.940000534057617
2024-02-01,29.030000686645508
2024-02-02,28.020000457763672
2024-02-05,27.360000610351562
2024-02-06,27.719999313354492
2024-02-07,27.459999084472656
2024-02-08,27.299999237060547
2024-02-09,26.969999313354492
2024-02-12,27.290000915527344
2024-02-13,25.889999389648438
2024-02-14,26.010000228881836
2024-02-15,26.770000457763672
2024-02-16,26.860000610351562
2024-02-20,26.989999771118164
2024-02-21,26.81999969482422
2024-02-22,26.15999984741211
2024-02-23,26.65999984741211
2024-02-26,26.25
2024-02-27,26.030000686645508
2024-02-28,25.780000686645508
2024-02-29,26.360000610351562
2024-03-01,27.329999923706055
2024-03-04,28.510000228881836
2024-03-05,28.65999984741211
2024-03-06,29.15999984741211
2024-03-07,29.610000610351562
2024-03-08,29.639999389648438
2024-03-11,30.1299991607666
2024-03-12,29.579999923706055
2024-03-13,30.290000915527344
2024-03-14,29.889999389648438
2024-03-15,29.889999389648438
2024-03-18,29.739999771118164
2024-03-19,29.059999465942383
2024-03-20,30.260000228881836
2024-03-21,29.959999084472656
2024-03-22,29.600000381469727
2024-03-25,29.829999923706055
2024-03-26,29.850000381469727
2024-03-27,30.959999084472656
2024-03-28,31.6200008392334
2024-04-01,32.029998779296875
2024-04-02,32.439998626708984
2024-04-03,33.13999938964844
2024-04-04,32.779998779296875
2024-04-05,33.84000015258789
2024-04-08,33.599998474121094
2024-04-09,34.18000030517578
2024-04-10,33.68000030517578
2024-04-11,34.45000076293945
2024-04-12,33.7599983215332
2024-04-15,33.529998779296875
2024-04-16,33.029998779296875
2024-04-17,33.54999923706055
2024-04-18,33.75
2024-04-19,34.06999969482422
2024-04-22,32.529998779296875
2024-04-23,33.04999923706055
2024-04-24,33.119998931884766
2024-04-25,34.33000183105469
2024-04-26,34.58000183105469
2024-04-29,34.77000045776367
2024-04-30,33.130001068115234
2024-05-01,33.31999969482422
2024-05-02,33.58000183105469
2024-05-03,33.439998626708984
2024-05-06,34.209999084472656
2024-05-07,34.16999816894531
2024-05-08,34.15999984741211
2024-05-09,35.36000061035156
2024-05-10,35.25
2024-05-13,34.95000076293945
2024-05-14,35.400001525878906
2024-05-15,35.90999984741211
2024-05-16,35.65999984741211
2024-05-17,36.869998931884766
2024-05-20,37.2400016784668
2024-05-21,36.93000030517578
2024-05-22,35.45000076293945
2024-05-23,34.75
2024-05-24,35.2599983215332
2024-05-28,36.099998474121094
2024-05-29,35.189998626708984
2024-05-30,35.560001373291016
2024-05-31,35.29999923706055
2024-06-03,35.5099983215332
2024-06-04,34.18000030517578
2024-06-05,34.790000915527344
2024-06-06,36.0099983215332
2024-06-07,33.540000915527344
2024-06-10,34.029998779296875
2024-06-11,33.75
2024-06-12,34.0
2024-06-13,33.150001525878906
2024-06-14,33.40999984741211
2024-06-17,33.20000076293945
2024-06-18,33.70000076293945
2024-06-20,34.54999923706055
2024-06-21,33.9900016784668
2024-06-24,34.25
2024-06-25,33.84000015258789
2024-06-26,33.81999969482422
2024-06-27,34.22999954223633
2024-06-28,33.93000030517578
2024-07-01,33.88999938964844
2024-07-02,34.02000045776367
2024-07-03,35.279998779296875
2024-07-05,36.27000045776367
2024-07-08,36.099998474121094
2024-07-09,36.11000061035156
2024-07-10,37.04999923706055
2024-07-11,38.09000015258789
2024-07-12,38.16999816894531
2024-07-15,37.95000076293945
2024-07-16,39.279998779296875
2024-07-17,38.439998626708984
2024-07-18,37.869998931884766
2024-07-19,37.38999938964844
2024-07-22,37.45000076293945
2024-07-23,37.45000076293945
2024-07-24,37.22999954223633
2024-07-25,36.189998626708984
2024-07-26,36.47999954223633
2024-07-29,36.63999938964844
2024-07-30,36.95000076293945
2024-07-31,37.93000030517578
2024-08-01,37.27000045776367
2024-08-02,36.47999954223633
2024-08-05,35.34000015258789
2024-08-06,35.630001068115234
2024-08-07,34.709999084472656
2024-08-08,35.54999923706055
2024-08-09,35.84000015258789
2024-08-12,36.900001525878906
2024-08-13,37.380001068115234
2024-08-14,37.11000061035156
2024-08-15,37.290000915527344
2024-08-16,38.4900016784668
2024-08-19,39.220001220703125
2024-08-20,39.5
2024-08-21,39.77000045776367
2024-08-22,38.779998779296875
2024-08-23,39.34000015258789
2024-08-26,39.22999954223633
2024-08-27,39.220001220703125
2024-08-28,38.36000061035156
2024-08-29,38.880001068115234
2024-08-30,38.619998931884766
2024-09-03,37.27000045776367
2024-09-04,36.90999984741211
2024-09-05,37.33000183105469
2024-09-06,36.31999969482422
2024-09-09,36.7599983215332
2024-09-10,37.220001220703125
2024-09-11,37.38999938964844
2024-09-12,39.209999084472656
2024-09-13,40.09000015258789
2024-09-16,39.88999938964844
2024-09-17,39.4900016784668
2024-09-18,39.060001373291016
2024-09-19,39.720001220703125
2024-09-20,40.5099983215332
2024-09-23,40.33000183105469
2024-09-24,41.40999984741211
2024-09-25,41.310001373291016
2024-09-26,41.63999938964844
2024-09-27,40.36000061035156
2024-09-30,39.81999969482422
2024-10-01,40.45000076293945
2024-10-02,40.369998931884766
2024-10-03,39.560001373291016
2024-10-04,39.54999923706055
2024-10-07,39.029998779296875
2024-10-08,38.9900016784668
2024-10-09,38.790000915527344
2024-10-10,39.869998931884766
2024-10-11,40.04999923706055
2024-10-14,40.15999984741211
2024-10-15,40.68000030517578
2024-10-16,41.0
2024-10-17,41.4900016784668
2024-10-18,43.150001525878906
2024-10-21,43.220001220703125
2024-10-22,44.09000015258789
2024-10-23,43.2599983215332
2024-10-24,42.130001068115234
2024-10-25,41.560001373291016
2024-10-28,41.36000061035156
2024-10-29,42.02000045776367
2024-10-30,41.5099983215332
2024-10-31,40.34000015258789
2024-11-01,39.849998474121094
2024-11-04,39.900001525878906
2024-11-05,40.11000061035156
2024-11-06,38.63999938964844
2024-11-07,39.56999969482422
2024-11-08,39.02000045776367
2024-11-11,36.72999954223633
2024-11-12,36.11000061035156
2024-11-13,35.560001373291016
2024-11-14,35.720001220703125
2024-11-15,35.5099983215332
2024-11-18,37.02000045776367
2024-11-19,37.880001068115234
2024-11-20,37.720001220703125
2024-11-21,38.13999938964844
2024-11-22,38.279998779296875
2024-11-25,37.13999938964844
2024-11-26,37.290000915527344
2024-11-27,37.45000076293945
2024-11-29,37.65999984741211
2024-12-02,36.83000183105469
2024-12-03,37.70000076293945
2024-12-04,37.599998474121094
2024-12-05,37.529998779296875
2024-12-06,36.81999969482422
2024-12-09,37.90999984741211
2024-12-10,37.97999954223633
2024-12-11,39.09000015258789
2024-12-12,37.65999984741211
2024-12-13,36.650001525878906
2024-12-16,36.41999816894531
2024-12-17,36.189998626708984
2024-12-18,34.529998779296875
2024-12-19,34.38999938964844
2024-12-20,34.72999954223633
2024-12-23,34.40999984741211
2024-12-24,34.40999984741211
2024-12-26,34.470001220703125
2024-12-27,34.2599983215332
2024-12-30,33.77000045776367
2024-12-31,33.90999984741211
2025-01-02,35.34000015258789
2025-01-03,35.0
2025-01-06,34.58000183105469
2025-01-07,35.04999923706055
2025-01-08,35.900001525878906
2025-01-10,35.970001220703125
2025-01-13,35.380001068115234
2025-01-14,36.31999969482422
2025-01-15,36.720001220703125
2025-01-16,36.619998931884766
2025-01-17,36.75
2025-01-21,37.61000061035156
2025-01-22,37.529998779296875
2025-01-23,37.5
2025-01-24,37.95000076293945
2025-01-27,37.349998474121094
2025-01-28,37.70000076293945
2025-01-29,37.900001525878906
2025-01-30,39.41999816894531
2025-01-31,38.959999084472656
2025-02-03,39.560001373291016
2025-02-04,40.029998779296875
2025-02-05,41.040000915527344
2025-02-06,41.130001068115234
2025-02-07,40.86000061035156
2025-02-10,41.959999084472656
2025-02-11,41.439998626708984
2025-02-12,42.130001068115234
2025-02-13,42.5099983215332
2025-02-14,41.08000183105469
2025-02-18,41.540000915527344
2025-02-19,41.540000915527344
2025-02-20,42.2400016784668
2025-02-21,40.79999923706055
2025-02-24,40.970001220703125
2025-02-25,40.380001068115234
2025-02-26,40.86000061035156
2025-02-27,39.459999084472656
2025-02-28,39.720001220703125
2025-03-03,39.709999084472656
2025-03-04,40.279998779296875
2025-03-05,41.70000076293945
2025-03-06,41.36000061035156
2025-03-07,41.63999938964844
2025-03-10,40.5099983215332
2025-03-11,41.84000015258789
2025-03-12,41.900001525878906
2025-03-13,43.209999084472656
2025-03-14,43.63999938964844
2025-03-17,44.56999969482422
2025-03-18,44.849998474121094
2025-03-19,45.22999954223633
2025-03-20,45.15999984741211
2025-03-21,44.5
2025-03-24,44.25
2025-03-25,45.02000045776367
2025-03-26,44.66999816894531
2025-03-27,45.7599983215332
2025-03-28,45.56999969482422
2025-03-31,45.970001220703125
2025-04-01,45.79999923706055
2025-04-02,45.7599983215332
2025-04-03,45.720001220703125
2025-04-04,41.68000030517578
2025-04-07,41.45000076293945
2025-04-08,41.5
2025-04-09,44.9900016784668
2025-04-10,47.16999816894531
2025-04-11,49.70000076293945
2025-04-14,50.02000045776367
2025-04-15,50.529998779296875
2025-04-16,51.90999984741211
2025-04-17,50.91999816894531
2025-04-21,51.65999984741211
2025-04-22,50.22999954223633
2025-04-23,48.72999954223633
2025-04-24,49.7599983215332
2025-04-25,48.810001373291016
2025-04-28,49.43000030517578
2025-04-29,48.47999954223633
2025-04-30,49.0099983215332
2025-05-01,47.20000076293945
2025-05-02,47.08000183105469
2025-05-05,48.720001220703125
2025-05-06,50.790000915527344
2025-05-07,49.81999969482422
2025-05-08,48.880001068115234
2025-05-09,50.369998931884766
2025-05-12,46.619998931884766
2025-05-13,46.540000915527344
2025-05-14,45.54999923706055
2025-05-15,46.4900016784668
2025-05-16,46.33000183105469
2025-05-19,47.34000015258789
2025-05-20,48.810001373291016
2025-05-21,49.439998626708984
2025-05-22,49.18000030517578
2025-05-23,50.529998779296875
2025-05-27,49.77000045776367
2025-05-28,50.349998474121094
2025-05-29,50.279998779296875
2025-05-30,50.650001525878906
2025-06-02,53.77000045776367
2025-06-03,53.09000015258789
2025-06-04,53.209999084472656
2025-06-05,53.150001525878906
2025-06-06,51.619998931884766
2025-06-09,52.130001068115234
2025-06-10,51.43000030517578
2025-06-11,51.939998626708984
2025-06-12,53.529998779296875
2025-06-13,54.459999084472656
2025-06-16,53.54999923706055
2025-06-17,53.5099983215332
2025-06-18,53.0
2025-06-20,52.290000915527344
2025-06-23,53.11000061035156
2025-06-24,51.86000061035156
2025-06-25,51.91999816894531
2025-06-26,52.619998931884766
2025-06-27,50.72999954223633
2025-06-30,52.060001373291016
2025-07-01,52.040000915527344
2025-07-02,52.65999984741211
2025-07-03,52.90999984741211
2025-07-07,53.16999816894531
2025-07-08,50.790000915527344
2025-07-09,51.5
2025-07-10,51.900001525878906
2025-07-11,52.41999816894531
2025-07-14,52.45000076293945
2025-07-15,51.619998931884766
2025-07-16,51.81999969482422
2025-07-17,51.2400016784668
2025-07-18,51.130001068115234
2025-07-21,53.02000045776367
2025-07-22,54.47999954223633
2025-07-23,53.84000015258789
2025-07-24,53.33000183105469
2025-07-25,53.959999084472656
2025-07-28,52.59000015258789
2025-07-29,53.25
2025-07-30,51.779998779296875
2025-07-31,51.63999938964844
2025-08-01,52.45000076293945
2025-08-04,54.939998626708984
2025-08-05,56.459999084472656
2025-08-06,57.38999938964844
2025-08-07,57.939998626708984
2025-08-08,58.060001373291016
2025-08-11,57.689998626708984
2025-08-12,58.209999084472656
2025-08-13,58.06999969482422
2025-08-14,57.70000076293945
2025-08-15,58.279998779296875
2025-08-18,58.099998474121094
2025-08-19,56.599998474121094
2025-08-20,58.31999969482422
2025-08-21,59.290000915527344
2025-08-22,60.18000030517578
2025-08-25,60.2599983215332
2025-08-26,61.599998474121094
2025-08-27,61.47999954223633
2025-08-28,61.33000183105469
2025-08-29,63.16999816894531
2025-09-02,64.80000305175781
2025-09-03,65.19999694824219
2025-09-04,64.56999969482422
2025-09-05,66.33999633789062
2025-09-08,67.23999786376953
2025-09-09,66.8499984741211
2025-09-10,68.5
2025-09-11,69.76000213623047
2025-09-12,69.75
2025-09-15,70.4800033569336
2025-09-16,69.0199966430664
2025-09-17,68.66000366210938
2025-09-18,68.79000091552734
2025-09-19,72.36000061035156
2025-09-22,74.33000183105469
2025-09-23,74.2300033569336
2025-09-24,72.31999969482422
2025-09-25,73.12999725341797
2025-09-26,74.68000030517578
2025-09-29,75.72000122070312
2025-09-30,76.4000015258789
2025-10-01,77.12999725341797
2025-10-02,77.0999984741211
2025-10-03,77.08000183105469
2025-10-06,78.61000061035156
2025-10-07,76.97000122070312
2025-10-08,79.1500015258789
2025-10-09,75.61000061035156
2025-10-10,75.77999877929688
2025-10-13,79.37000274658203
2025-10-14,78.44999694824219
2025-10-15,81.47000122070312
2025-10-16,84.44000244140625
2025-10-17,78.7300033569336
2025-10-20,80.36000061035156
2025-10-21,72.79000091552734
2025-10-22,72.94999694824219
2025-10-23,73.79000091552734
2025-10-24,72.80000305175781
2025-10-27,69.91000366210938
2025-10-28,71.0199966430664
2025-10-29,71.06999969482422
2025-10-30,72.9000015258789
2025-10-31,72.05999755859375
2025-11-03,71.30000305175781
2025-11-04,68.27999877929688
2025-11-05,70.66999816894531
2025-11-06,70.76000213623047
2025-11-07,72.55000305175781
2025-11-10,75.9800033569336
2025-11-11,76.70999908447266
2025-11-12,79.25
2025-11-13,77.05000305175781
2025-11-14,76.16000366210938
2025-11-17,74.94999694824219
2025-11-18,75.62999725341797
2025-11-19,76.38999938964844
2025-11-20,72.97000122070312
2025-11-21,73.6500015258789
2025-11-24,77.95999908447266
2025-11-25,77.80000305175781
2025-11-26,81.55000305175781
2025-11-28,83.2300033569336
2025-12-01,82.81999969482422
2025-12-02,81.61000061035156
2025-12-03,81.05999755859375
2025-12-04,81.38999938964844
2025-12-05,81.02999877929688
2025-12-08,79.16000366210938
2025-12-09,81.94000244140625
2025-12-10,83.31999969482422
2025-12-11,86.26000213623047
2025-12-12,85.66000366210938
2025-12-15,84.8499984741211
2025-12-16,84.83000183105469
2025-12-17,85.83000183105469
2025-12-18,85.66999816894531
2025-12-19,87.79000091552734
2025-12-22,90.18000030517578
2025-12-23,90.2699966430664
2025-12-24,89.69999694824219
2025-12-26,91.29000091552734
2025-12-29,85.8499984741211
2025-12-30,86.83999633789062
2025-12-31,85.7699966430664
2026-01-02,85.7300033569336
2026-01-05,88.44999694824219
2026-01-06,92.13999938964844
2026-01-07,91.05999755859375
2026-01-08,91.54000091552734
2026-01-09,92.55999755859375
2026-01-12,95.72000122070312
2026-01-13,96.47000122070312
2026-01-14,96.86000061035156
2026-01-15,97.11000061035156
2026-01-16,97.23999786376953
2026-01-20,102.77999877929688
2026-01-21,101.29000091552734
2026-01-22,105.16999816894531
2026-01-23,107.0199966430664
2026-01-26,107.4800033569336
2026-01-27,109.29000091552734
2026-01-28,112.16000366210938
2026-01-29,107.9800033569336
2026-01-30,94.19999694824219
2026-02-02,94.19000244140625
2026-02-03,98.22000122070312
2026-02-04,98.69999694824219
2026-02-05,92.44000244140625
2026-02-06,97.38999938964844
2026-02-09,102.88999938964844
2026-02-10,103.01000213623047
2026-02-11,105.97000122070312
2026-02-12,98.27999877929688
2026-02-13,103.94000244140625
2026-02-17,100.25
2026-02-18,102.55999755859375
2026-02-19,104.23999786376953
2026-02-20,106.26000213623047
2026-02-23,110.29000091552734
2026-02-24,110.69999694824219
2026-02-25,111.16000366210938
2026-02-26,113.88999938964844
2026-02-27,115.83999633789062
2026-03-02,115.33999633789062
2026-03-03,105.23999786376953
2026-03-04,105.87999725341797
2026-03-05,101.81999969482422
2026-03-06,101.37999725341797
2026-03-09,102.44000244140625
2026-03-10,103.37000274658203
2026-03-11,101.36000061035156
2026-03-12,99.30000305175781
2026-03-13,93.26000213623047
2026-03-16,94.37999725341797
2026-03-17,93.95999908447266
2026-03-18,88.11000061035156
2026-03-19,82.9000015258789
2026-03-20,80.12000274658203
2026-03-23,83.37999725341797
2026-03-24,83.5
2026-03-25,86.31999969482422
2026-03-26,82.38999938964844
2026-03-27,85.79000091552734
2026-03-30,85.79000091552734
2026-03-31,91.7699966430664
2026-04-01,96.01000213623047
2026-04-02,94.58999633789062
2026-04-06,93.81999969482422
2026-04-07,94.97000122070312
2026-04-08,98.18000030517578
2026-04-09,98.3499984741211
2026-04-10,99.38999938964844
2026-04-13,98.77999877929688
2026-04-14,100.75
2026-04-15,97.7699966430664
2026-04-16,97.66000366210938
2026-04-17,100.33999633789062
2026-04-20,99.12999725341797
2026-04-21,92.98999786376953
2026-04-22,94.4800033569336
2026-04-23,92.19000244140625
2026-04-24,94.33999633789062
2026-04-27,92.58999633789062
2026-04-28,88.54000091552734
2026-04-29,86.22000122070312
2026-04-30,88.29000091552734
2026-05-01,87.11000061035156
2026-05-04,85.6500015258789
2026-05-05,85.80999755859375
2026-05-06,92.44000244140625
2026-05-07,91.72000122070312
2026-05-08,94.58999633789062
2026-05-11,97.5999984741211
2026-05-12,97.13999938964844
2026-05-13,96.2300033569336
2026-05-14,93.94999694824219
2026-05-15,87.3499984741211
2026-05-18,87.13999938964844
2026-05-19,83.77999877929688
2026-05-20,86.36000061035156
2026-05-21,85.98999786376953
2026-05-22,85.0199966430664
2026-05-26,88.5
2026-05-27,85.44000244140625
2026-05-28,87.18000030517578
2026-05-29,89.48999786376953
2026-06-01,86.68000030517578
2026-06-02,88.05000305175781
2026-06-03,85.0
2026-06-04,86.4000015258789
2026-06-05,78.83999633789062
2026-06-08,78.66999816894531
2026-06-09,77.58999633789062
2026-06-10,73.80999755859375
2026-06-11,77.72000122070312
2026-06-12,80.02999877929688
2026-06-15,85.2699966430664
2026-06-16,87.23999786376953
2026-06-17,84.36000061035156
2026-06-18,82.51000213623047
2026-06-22,81.44000244140625
2026-06-23,77.66000366210938
2026-06-24,74.58999633789062
2026-06-25,75.66999816894531
2026-06-26,77.0
2026-06-29,75.68000030517578
2026-06-30,75.44999694824219
2026-07-01,75.06999969482422
2026-07-02,78.43000030517578
2026-07-06,78.73999786376953
2026-07-07,75.76000213623047
2026-07-08,73.52999877929688
2026-07-09,75.77999877929688
2026-07-10,75.52999877929688
2026-07-13,73.37000274658203
2026-07-14,74.87999725341797
2026-07-15,74.0
2026-07-16,71.4000015258789
2026-07-17,71.31999969482422
2026-07-20,70.73999786376953
2026-07-21,74.19000244140625
2026-07-22,76.68000030517578
2026-07-23,75.0199966430664
2026-07-24,75.2300033569336
2026-07-27,75.7300033569336
2026-07-28,74.20999908447266
2026-07-29,73.56999969482422
2026-07-30,76.77999877929688
2026-07-31,74.0999984741211
2026-08-03,76.05000305175781
2026-08-04,77.91999816894531
2026-08-05,83.68000030517578
2026-08-06,83.91999816894531
2026-08-07,89.88999938964844
2026-08-10,90.48999786376953
2026-08-11,90.12000274658203
2026-08-12,90.95999908447266
2026-08-13,88.2699966430664
2026-08-14,89.97000122070312
2026-08-17,91.88999938964844
2026-08-18,88.94999694824219
2026-08-19,97.33000183105469
2026-08-20,99.8499984741211
2026-08-21,102.83000183105469
2026-08-24,103.54000091552734
2026-08-25,105.5199966430664
2026-08-26,102.41999816894531
2026-08-27,103.69000244140625
