Price,Close
Ticker,KO
Date,
1962-01-02,0.63
1962-01-03,0.62
1962-01-04,0.63
1962-01-05,0.61
1962-01-08,0.6
1962-01-09,0.62
1962-01-10,0.62
1962-01-11,0.63
1962-01-12,0.62
1962-01-15,0.61
1962-01-16,0.6
1962-01-17,0.58
1962-01-18,0.57
1962-01-19,0.59
1962-01-22,0.6
1962-01-23,0.58
1962-01-24,0.58
1962-01-25,0.57
1962-01-26,0.57
1962-01-29,0.57
1962-01-30,0.56
1962-01-31,0.59
1962-02-01,0.59
1962-02-02,0.6
1962-02-05,0.6
1962-02-06,0.59
1962-02-07,0.59
1962-02-08,0.59
1962-02-09,0.6
1962-02-12,0.59
1962-02-13,0.59
1962-02-14,0.58
1962-02-15,0.58
1962-02-16,0.58
1962-02-19,0.59
1962-02-20,0.58
1962-02-21,0.58
1962-02-23,0.57
1962-02-26,0.58
1962-02-27,0.59
1962-02-28,0.58
1962-03-01,0.57
1962-03-02,0.58
1962-03-05,0.57
1962-03-06,0.58
1962-03-07,0.58
1962-03-08,0.58
1962-03-09,0.57
1962-03-12,0.58
1962-03-13,0.59
1962-03-14,0.59
1962-03-15,0.59
1962-03-16,0.59
1962-03-19,0.59
1962-03-20,0.6
1962-03-21,0.61
1962-03-22,0.62
1962-03-23,0.63
1962-03-26,0.62
1962-03-27,0.61
1962-03-28,0.61
1962-03-29,0.61
1962-03-30,0.6
1962-04-02,0.61
1962-04-03,0.59
1962-04-04,0.6
1962-04-05,0.6
1962-04-06,0.61
1962-04-09,0.61
1962-04-10,0.61
1962-04-11,0.59
1962-04-12,0.58
1962-04-13,0.6
1962-04-16,0.6
1962-04-17,0.61
1962-04-18,0.61
1962-04-19,0.61
1962-04-23,0.61
1962-04-24,0.61
1962-04-25,0.61
1962-04-26,0.6
1962-04-27,0.61
1962-04-30,0.58
1962-05-01,0.59
1962-05-02,0.6
1962-05-03,0.61
1962-05-04,0.6
1962-05-07,0.6
1962-05-08,0.59
1962-05-09,0.58
1962-05-10,0.57
1962-05-11,0.55
1962-05-14,0.54
1962-05-15,0.57
1962-05-16,0.57
1962-05-17,0.57
1962-05-18,0.57
1962-05-21,0.57
1962-05-22,0.55
1962-05-23,0.54
1962-05-24,0.53
1962-05-25,0.53
1962-05-28,0.5
1962-05-29,0.51
1962-05-31,0.53
1962-06-01,0.52
1962-06-04,0.48
1962-06-05,0.5
1962-06-06,0.51
1962-06-07,0.51
1962-06-08,0.52
1962-06-11,0.52
1962-06-12,0.5
1962-06-13,0.49
1962-06-14,0.49
1962-06-15,0.51
1962-06-18,0.51
1962-06-19,0.5
1962-06-20,0.49
1962-06-21,0.48
1962-06-22,0.48
1962-06-25,0.47
1962-06-26,0.47
1962-06-27,0.47
1962-06-28,0.49
1962-06-29,0.49
1962-07-02,0.5
1962-07-03,0.5
1962-07-05,0.51
1962-07-06,0.5
1962-07-09,0.51
1962-07-10,0.51
1962-07-11,0.51
1962-07-12,0.52
1962-07-13,0.52
1962-07-16,0.52
1962-07-17,0.51
1962-07-18,0.51
1962-07-19,0.51
1962-07-20,0.52
1962-07-23,0.52
1962-07-24,0.51
1962-07-25,0.52
1962-07-26,0.53
1962-07-27,0.53
1962-07-30,0.54
1962-07-31,0.55
1962-08-01,0.54
1962-08-02,0.55
1962-08-03,0.55
1962-08-06,0.54
1962-08-07,0.54
1962-08-08,0.53
1962-08-09,0.53
1962-08-10,0.53
1962-08-13,0.53
1962-08-14,0.54
1962-08-15,0.55
1962-08-16,0.54
1962-08-17,0.54
1962-08-20,0.55
1962-08-21,0.55
1962-08-22,0.55
1962-08-23,0.55
1962-08-24,0.55
1962-08-27,0.55
1962-08-28,0.54
1962-08-29,0.54
1962-08-30,0.54
1962-08-31,0.54
1962-09-04,0.54
1962-09-05,0.54
1962-09-06,0.53
1962-09-07,0.54
1962-09-10,0.54
1962-09-11,0.54
1962-09-12,0.54
1962-09-13,0.54
1962-09-14,0.54
1962-09-17,0.54
1962-09-18,0.53
1962-09-19,0.53
1962-09-20,0.52
1962-09-21,0.51
1962-09-24,0.51
1962-09-25,0.51
1962-09-26,0.5
1962-09-27,0.5
1962-09-28,0.5
1962-10-01,0.5
1962-10-02,0.5
1962-10-03,0.51
1962-10-04,0.51
1962-10-05,0.52
1962-10-08,0.52
1962-10-09,0.53
1962-10-10,0.52
1962-10-11,0.52
1962-10-12,0.52
1962-10-15,0.52
1962-10-16,0.52
1962-10-17,0.52
1962-10-18,0.51
1962-10-19,0.5
1962-10-22,0.49
1962-10-23,0.48
1962-10-24,0.49
1962-10-25,0.49
1962-10-26,0.49
1962-10-29,0.5
1962-10-30,0.5
1962-10-31,0.51
1962-11-01,0.51
1962-11-02,0.52
1962-11-05,0.52
1962-11-07,0.52
1962-11-08,0.52
1962-11-09,0.52
1962-11-12,0.52
1962-11-13,0.52
1962-11-14,0.52
1962-11-15,0.52
1962-11-16,0.52
1962-11-19,0.51
1962-11-20,0.51
1962-11-21,0.51
1962-11-23,0.52
1962-11-26,0.53
1962-11-27,0.53
1962-11-28,0.53
1962-11-29,0.54
1962-11-30,0.56
1962-12-03,0.55
1962-12-04,0.56
1962-12-05,0.56
1962-12-06,0.55
1962-12-07,0.56
1962-12-10,0.54
1962-12-11,0.54
1962-12-12,0.55
1962-12-13,0.55
1962-12-14,0.57
1962-12-17,0.57
1962-12-18,0.56
1962-12-19,0.56
1962-12-20,0.56
1962-12-21,0.55
1962-12-24,0.55
1962-12-26,0.55
1962-12-27,0.55
1962-12-28,0.55
1962-12-31,0.55
1963-01-02,0.55
1963-01-03,0.55
1963-01-04,0.57
1963-01-07,0.56
1963-01-08,0.57
1963-01-09,0.56
1963-01-10,0.56
1963-01-11,0.58
1963-01-14,0.58
1963-01-15,0.58
1963-01-16,0.57
1963-01-17,0.57
1963-01-18,0.57
1963-01-21,0.58
1963-01-22,0.58
1963-01-23,0.57
1963-01-24,0.58
1963-01-25,0.58
1963-01-28,0.58
1963-01-29,0.58
1963-01-30,0.58
1963-01-31,0.58
1963-02-01,0.59
1963-02-04,0.59
1963-02-05,0.59
1963-02-06,0.6
1963-02-07,0.59
1963-02-08,0.59
1963-02-11,0.6
1963-02-12,0.6
1963-02-13,0.6
1963-02-14,0.6
1963-02-15,0.6
1963-02-18,0.61
1963-02-19,0.61
1963-02-20,0.61
1963-02-21,0.61
1963-02-25,0.6
1963-02-26,0.6
1963-02-27,0.6
1963-02-28,0.58
1963-03-01,0.59
1963-03-04,0.6
1963-03-05,0.6
1963-03-06,0.6
1963-03-07,0.6
1963-03-08,0.6
1963-03-11,0.61
1963-03-12,0.61
1963-03-13,0.6
1963-03-14,0.6
1963-03-15,0.61
1963-03-18,0.6
1963-03-19,0.6
1963-03-20,0.61
1963-03-21,0.61
1963-03-22,0.63
1963-03-25,0.61
1963-03-26,0.6
1963-03-27,0.61
1963-03-28,0.61
1963-03-29,0.61
1963-04-01,0.62
1963-04-02,0.61
1963-04-03,0.61
1963-04-04,0.62
1963-04-05,0.61
1963-04-08,0.61
1963-04-09,0.61
1963-04-10,0.61
1963-04-11,0.62
1963-04-15,0.62
1963-04-16,0.62
1963-04-17,0.61
1963-04-18,0.62
1963-04-19,0.62
1963-04-22,0.62
1963-04-23,0.62
1963-04-24,0.62
1963-04-25,0.61
1963-04-26,0.6
1963-04-29,0.6
1963-04-30,0.6
1963-05-01,0.61
1963-05-02,0.61
1963-05-03,0.61
1963-05-06,0.62
1963-05-07,0.62
1963-05-08,0.62
1963-05-09,0.62
1963-05-10,0.62
1963-05-13,0.62
1963-05-14,0.62
1963-05-15,0.62
1963-05-16,0.62
1963-05-17,0.62
1963-05-20,0.61
1963-05-21,0.62
1963-05-22,0.61
1963-05-23,0.6
1963-05-24,0.6
1963-05-27,0.6
1963-05-28,0.61
1963-05-29,0.6
1963-05-31,0.61
1963-06-03,0.6
1963-06-04,0.61
1963-06-05,0.61
1963-06-06,0.62
1963-06-07,0.62
1963-06-10,0.62
1963-06-11,0.61
1963-06-12,0.62
1963-06-13,0.63
1963-06-14,0.62
1963-06-17,0.61
1963-06-18,0.61
1963-06-19,0.62
1963-06-20,0.61
1963-06-21,0.61
1963-06-24,0.61
1963-06-25,0.61
1963-06-26,0.61
1963-06-27,0.62
1963-06-28,0.61
1963-07-01,0.63
1963-07-02,0.61
1963-07-03,0.61
1963-07-05,0.62
1963-07-08,0.62
1963-07-09,0.62
1963-07-10,0.62
1963-07-11,0.62
1963-07-12,0.62
1963-07-15,0.62
1963-07-16,0.61
1963-07-17,0.62
1963-07-18,0.62
1963-07-19,0.62
1963-07-22,0.62
1963-07-23,0.62
1963-07-24,0.62
1963-07-25,0.61
1963-07-26,0.62
1963-07-29,0.62
1963-07-30,0.62
1963-07-31,0.63
1963-08-01,0.63
1963-08-02,0.63
1963-08-05,0.63
1963-08-06,0.64
1963-08-07,0.65
1963-08-08,0.65
1963-08-09,0.66
1963-08-12,0.66
1963-08-13,0.66
1963-08-14,0.65
1963-08-15,0.66
1963-08-16,0.66
1963-08-19,0.66
1963-08-20,0.67
1963-08-21,0.67
1963-08-22,0.67
1963-08-23,0.67
1963-08-26,0.67
1963-08-27,0.67
1963-08-28,0.67
1963-08-29,0.68
1963-08-30,0.67
1963-09-03,0.67
1963-09-04,0.67
1963-09-05,0.67
1963-09-06,0.67
1963-09-09,0.67
1963-09-10,0.67
1963-09-11,0.67
1963-09-12,0.67
1963-09-13,0.67
1963-09-16,0.67
1963-09-17,0.68
1963-09-18,0.68
1963-09-19,0.69
1963-09-20,0.69
1963-09-23,0.69
1963-09-24,0.69
1963-09-25,0.68
1963-09-26,0.68
1963-09-27,0.68
1963-09-30,0.68
1963-10-01,0.69
1963-10-02,0.69
1963-10-03,0.69
1963-10-04,0.69
1963-10-07,0.68
1963-10-08,0.68
1963-10-09,0.68
1963-10-10,0.68
1963-10-11,0.68
1963-10-14,0.68
1963-10-15,0.68
1963-10-16,0.69
1963-10-17,0.69
1963-10-18,0.69
1963-10-21,0.69
1963-10-22,0.69
1963-10-23,0.68
1963-10-24,0.69
1963-10-25,0.69
1963-10-28,0.7
1963-10-29,0.7
1963-10-30,0.69
1963-10-31,0.68
1963-11-01,0.69
1963-11-04,0.68
1963-11-06,0.68
1963-11-07,0.69
1963-11-08,0.69
1963-11-11,0.69
1963-11-12,0.69
1963-11-13,0.7
1963-11-14,0.7
1963-11-15,0.7
1963-11-18,0.7
1963-11-19,0.7
1963-11-20,0.69
1963-11-21,0.69
1963-11-22,0.68
1963-11-26,0.69
1963-11-27,0.69
1963-11-29,0.7
1963-12-02,0.7
1963-12-03,0.71
1963-12-04,0.7
1963-12-05,0.71
1963-12-06,0.71
1963-12-09,0.7
1963-12-10,0.71
1963-12-11,0.71
1963-12-12,0.71
1963-12-13,0.71
1963-12-16,0.71
1963-12-17,0.72
1963-12-18,0.73
1963-12-19,0.76
1963-12-20,0.74
1963-12-23,0.74
1963-12-24,0.74
1963-12-26,0.76
1963-12-27,0.76
1963-12-30,0.76
1963-12-31,0.77
1964-01-02,0.76
1964-01-03,0.75
1964-01-06,0.75
1964-01-07,0.75
1964-01-08,0.76
1964-01-09,0.76
1964-01-10,0.76
1964-01-13,0.77
1964-01-14,0.77
1964-01-15,0.77
1964-01-16,0.76
1964-01-17,0.76
1964-01-20,0.75
1964-01-21,0.75
1964-01-22,0.75
1964-01-23,0.76
1964-01-24,0.75
1964-01-27,0.76
1964-01-28,0.77
1964-01-29,0.76
1964-01-30,0.77
1964-01-31,0.78
1964-02-03,0.79
1964-02-04,0.79
1964-02-05,0.79
1964-02-06,0.79
1964-02-07,0.79
1964-02-10,0.79
1964-02-11,0.78
1964-02-12,0.78
1964-02-13,0.78
1964-02-14,0.79
1964-02-17,0.79
1964-02-18,0.8
1964-02-19,0.8
1964-02-20,0.79
1964-02-24,0.79
1964-02-25,0.79
1964-02-26,0.78
1964-02-27,0.79
1964-02-28,0.79
1964-03-02,0.79
1964-03-03,0.8
1964-03-04,0.8
1964-03-05,0.8
1964-03-06,0.8
1964-03-09,0.84
1964-03-10,0.84
1964-03-11,0.86
1964-03-12,0.89
1964-03-13,0.86
1964-03-16,0.84
1964-03-17,0.83
1964-03-18,0.83
1964-03-19,0.82
1964-03-20,0.82
1964-03-23,0.82
1964-03-24,0.82
1964-03-25,0.82
1964-03-26,0.82
1964-03-30,0.83
1964-03-31,0.84
1964-04-01,0.85
1964-04-02,0.86
1964-04-03,0.86
1964-04-06,0.86
1964-04-07,0.84
1964-04-08,0.85
1964-04-09,0.85
1964-04-10,0.85
1964-04-13,0.85
1964-04-14,0.85
1964-04-15,0.85
1964-04-16,0.86
1964-04-17,0.85
1964-04-20,0.86
1964-04-21,0.86
1964-04-22,0.85
1964-04-23,0.85
1964-04-24,0.85
1964-04-27,0.85
1964-04-28,0.85
1964-04-29,0.85
1964-04-30,0.85
1964-05-01,0.85
1964-05-04,0.85
1964-05-05,0.84
1964-05-06,0.84
1964-05-07,0.85
1964-05-08,0.85
1964-05-11,0.86
1964-05-12,0.87
1964-05-13,0.88
1964-05-14,0.87
1964-05-15,0.87
1964-05-18,0.88
1964-05-19,0.88
1964-05-20,0.87
1964-05-21,0.87
1964-05-22,0.87
1964-05-25,0.86
1964-05-26,0.86
1964-05-27,0.86
1964-05-28,0.85
1964-06-01,0.85
1964-06-02,0.84
1964-06-03,0.84
1964-06-04,0.84
1964-06-05,0.84
1964-06-08,0.84
1964-06-09,0.84
1964-06-10,0.85
1964-06-11,0.86
1964-06-12,0.86
1964-06-15,0.87
1964-06-16,0.88
1964-06-17,0.88
1964-06-18,0.88
1964-06-19,0.87
1964-06-22,0.88
1964-06-23,0.87
1964-06-24,0.88
1964-06-25,0.87
1964-06-26,0.87
1964-06-29,0.88
1964-06-30,0.88
1964-07-01,0.89
1964-07-02,0.89
1964-07-06,0.9
1964-07-07,0.92
1964-07-08,0.92
1964-07-09,0.91
1964-07-10,0.91
1964-07-13,0.92
1964-07-14,0.91
1964-07-15,0.92
1964-07-16,0.91
1964-07-17,0.92
1964-07-20,0.91
1964-07-21,0.91
1964-07-22,0.91
1964-07-23,0.91
1964-07-24,0.91
1964-07-27,0.92
1964-07-28,0.92
1964-07-29,0.92
1964-07-30,0.93
1964-07-31,0.93
1964-08-03,0.92
1964-08-04,0.91
1964-08-05,0.91
1964-08-06,0.89
1964-08-07,0.9
1964-08-10,0.91
1964-08-11,0.91
1964-08-12,0.93
1964-08-13,0.92
1964-08-14,0.91
1964-08-17,0.92
1964-08-18,0.93
1964-08-19,0.94
1964-08-20,0.93
1964-08-21,0.93
1964-08-24,0.93
1964-08-25,0.93
1964-08-26,0.93
1964-08-27,0.93
1964-08-28,0.93
1964-08-31,0.92
1964-09-01,0.92
1964-09-02,0.91
1964-09-03,0.92
1964-09-04,0.92
1964-09-08,0.92
1964-09-09,0.92
1964-09-10,0.91
1964-09-11,0.91
1964-09-14,0.91
1964-09-15,0.9
1964-09-16,0.91
1964-09-17,0.91
1964-09-18,0.91
1964-09-21,0.9
1964-09-22,0.9
1964-09-23,0.9
1964-09-24,0.91
1964-09-25,0.91
1964-09-28,0.92
1964-09-29,0.91
1964-09-30,0.91
1964-10-01,0.91
1964-10-02,0.91
1964-10-05,0.91
1964-10-06,0.91
1964-10-07,0.9
1964-10-08,0.9
1964-10-09,0.9
1964-10-12,0.89
1964-10-13,0.89
1964-10-14,0.89
1964-10-15,0.88
1964-10-16,0.89
1964-10-19,0.89
1964-10-20,0.89
1964-10-21,0.88
1964-10-22,0.88
1964-10-23,0.88
1964-10-26,0.89
1964-10-27,0.89
1964-10-28,0.89
1964-10-29,0.88
1964-10-30,0.88
1964-11-02,0.89
1964-11-04,0.89
1964-11-05,0.89
1964-11-06,0.89
1964-11-09,0.89
1964-11-10,0.89
1964-11-11,0.89
1964-11-12,0.92
1964-11-13,0.95
1964-11-16,0.92
1964-11-17,0.93
1964-11-18,0.94
1964-11-19,0.93
1964-11-20,0.93
1964-11-23,0.91
1964-11-24,0.92
1964-11-25,0.92
1964-11-27,0.91
1964-11-30,0.91
1964-12-01,0.92
1964-12-02,0.93
1964-12-03,0.93
1964-12-04,0.93
1964-12-07,0.94
1964-12-08,0.94
1964-12-09,0.94
1964-12-10,0.94
1964-12-11,0.94
1964-12-14,0.94
1964-12-15,0.95
1964-12-16,0.95
1964-12-17,0.94
1964-12-18,0.95
1964-12-21,0.95
1964-12-22,0.95
1964-12-23,0.95
1964-12-24,0.95
1964-12-28,0.94
1964-12-29,0.94
1964-12-30,0.95
1964-12-31,0.96
1965-01-04,0.95
1965-01-05,0.95
1965-01-06,0.94
1965-01-07,0.95
1965-01-08,0.95
1965-01-11,0.94
1965-01-12,0.95
1965-01-13,0.95
1965-01-14,0.95
1965-01-15,0.97
1965-01-18,0.97
1965-01-19,0.98
1965-01-20,0.98
1965-01-21,0.98
1965-01-22,1.0
1965-01-25,1.01
1965-01-26,1.02
1965-01-27,1.03
1965-01-28,1.04
1965-01-29,1.05
1965-02-01,1.04
1965-02-02,1.03
1965-02-03,1.02
1965-02-04,1.02
1965-02-05,1.01
1965-02-08,1.0
1965-02-09,1.01
1965-02-10,1.01
1965-02-11,1.0
1965-02-12,1.0
1965-02-15,1.01
1965-02-16,1.01
1965-02-17,1.01
1965-02-18,1.01
1965-02-19,0.51
1965-02-23,0.51
1965-02-24,0.52
1965-02-25,0.53
1965-02-26,0.54
1965-03-01,0.54
1965-03-02,0.54
1965-03-03,0.53
1965-03-04,0.53
1965-03-05,0.52
1965-03-08,0.52
1965-03-09,0.52
1965-03-10,0.52
1965-03-11,0.51
1965-03-12,0.52
1965-03-15,0.52
1965-03-16,0.52
1965-03-17,0.51
1965-03-18,0.51
1965-03-19,0.51
1965-03-22,0.51
1965-03-23,0.51
1965-03-24,0.51
1965-03-25,0.51
1965-03-26,0.51
1965-03-29,0.5
1965-03-30,0.5
1965-03-31,0.5
1965-04-01,0.5
1965-04-02,0.5
1965-04-05,0.5
1965-04-06,0.5
1965-04-07,0.51
1965-04-08,0.52
1965-04-09,0.54
1965-04-12,0.53
1965-04-13,0.53
1965-04-14,0.54
1965-04-15,0.54
1965-04-19,0.54
1965-04-20,0.54
1965-04-21,0.54
1965-04-22,0.54
1965-04-23,0.54
1965-04-26,0.54
1965-04-27,0.54
1965-04-28,0.54
1965-04-29,0.54
1965-04-30,0.54
1965-05-03,0.55
1965-05-04,0.55
1965-05-05,0.56
1965-05-06,0.57
1965-05-07,0.57
1965-05-10,0.58
1965-05-11,0.57
1965-05-12,0.57
1965-05-13,0.57
1965-05-14,0.58
1965-05-17,0.58
1965-05-18,0.58
1965-05-19,0.58
1965-05-20,0.57
1965-05-21,0.56
1965-05-24,0.55
1965-05-25,0.56
1965-05-26,0.56
1965-05-27,0.55
1965-05-28,0.54
1965-06-01,0.54
1965-06-02,0.53
1965-06-03,0.54
1965-06-04,0.54
1965-06-07,0.54
1965-06-08,0.53
1965-06-09,0.53
1965-06-10,0.53
1965-06-11,0.53
1965-06-14,0.54
1965-06-15,0.54
1965-06-16,0.54
1965-06-17,0.56
1965-06-18,0.55
1965-06-21,0.54
1965-06-22,0.54
1965-06-23,0.54
1965-06-24,0.52
1965-06-25,0.51
1965-06-28,0.51
1965-06-29,0.52
1965-06-30,0.53
1965-07-01,0.52
1965-07-02,0.53
1965-07-06,0.52
1965-07-07,0.53
1965-07-08,0.53
1965-07-09,0.53
1965-07-12,0.53
1965-07-13,0.52
1965-07-14,0.53
1965-07-15,0.53
1965-07-16,0.52
1965-07-19,0.52
1965-07-20,0.51
1965-07-21,0.51
1965-07-22,0.51
1965-07-23,0.51
1965-07-26,0.52
1965-07-27,0.53
1965-07-28,0.52
1965-07-29,0.53
1965-07-30,0.53
1965-08-02,0.53
1965-08-03,0.53
1965-08-04,0.53
1965-08-05,0.53
1965-08-06,0.52
1965-08-09,0.52
1965-08-10,0.52
1965-08-11,0.52
1965-08-12,0.52
1965-08-13,0.53
1965-08-16,0.54
1965-08-17,0.54
1965-08-18,0.55
1965-08-19,0.55
1965-08-20,0.54
1965-08-23,0.53
1965-08-24,0.53
1965-08-25,0.53
1965-08-26,0.53
1965-08-27,0.54
1965-08-30,0.54
1965-08-31,0.54
1965-09-01,0.53
1965-09-02,0.52
1965-09-03,0.53
1965-09-07,0.54
1965-09-08,0.53
1965-09-09,0.53
1965-09-10,0.53
1965-09-13,0.54
1965-09-14,0.53
1965-09-15,0.53
1965-09-16,0.54
1965-09-17,0.54
1965-09-20,0.55
1965-09-21,0.54
1965-09-22,0.55
1965-09-23,0.54
1965-09-24,0.54
1965-09-27,0.55
1965-09-28,0.55
1965-09-29,0.54
1965-09-30,0.54
1965-10-01,0.53
1965-10-04,0.54
1965-10-05,0.54
1965-10-06,0.54
1965-10-07,0.54
1965-10-08,0.55
1965-10-11,0.54
1965-10-12,0.54
1965-10-13,0.53
1965-10-14,0.54
1965-10-15,0.54
1965-10-18,0.54
1965-10-19,0.54
1965-10-20,0.53
1965-10-21,0.54
1965-10-22,0.53
1965-10-25,0.53
1965-10-26,0.54
1965-10-27,0.53
1965-10-28,0.53
1965-10-29,0.53
1965-11-01,0.53
1965-11-03,0.53
1965-11-04,0.54
1965-11-05,0.55
1965-11-08,0.55
1965-11-09,0.55
1965-11-10,0.55
1965-11-11,0.55
1965-11-12,0.56
1965-11-15,0.57
1965-11-16,0.56
1965-11-17,0.56
1965-11-18,0.55
1965-11-19,0.56
1965-11-22,0.55
1965-11-23,0.56
1965-11-24,0.56
1965-11-26,0.57
1965-11-29,0.56
1965-11-30,0.56
1965-12-01,0.56
1965-12-02,0.56
1965-12-03,0.56
1965-12-06,0.56
1965-12-07,0.56
1965-12-08,0.56
1965-12-09,0.56
1965-12-10,0.57
1965-12-13,0.57
1965-12-14,0.58
1965-12-15,0.58
1965-12-16,0.58
1965-12-17,0.59
1965-12-20,0.59
1965-12-21,0.6
1965-12-22,0.6
1965-12-23,0.61
1965-12-27,0.63
1965-12-28,0.61
1965-12-29,0.61
1965-12-30,0.6
1965-12-31,0.6
1966-01-03,0.6
1966-01-04,0.6
1966-01-05,0.6
1966-01-06,0.6
1966-01-07,0.6
1966-01-10,0.6
1966-01-11,0.6
1966-01-12,0.59
1966-01-13,0.59
1966-01-14,0.59
1966-01-17,0.59
1966-01-18,0.6
1966-01-19,0.6
1966-01-20,0.61
1966-01-21,0.62
1966-01-24,0.6
1966-01-25,0.61
1966-01-26,0.6
1966-01-27,0.6
1966-01-28,0.61
1966-01-31,0.6
1966-02-01,0.61
1966-02-02,0.61
1966-02-03,0.6
1966-02-04,0.6
1966-02-07,0.6
1966-02-08,0.59
1966-02-09,0.59
1966-02-10,0.59
1966-02-11,0.59
1966-02-14,0.59
1966-02-15,0.59
1966-02-16,0.59
1966-02-17,0.58
1966-02-18,0.57
1966-02-21,0.57
1966-02-23,0.57
1966-02-24,0.57
1966-02-25,0.56
1966-02-28,0.55
1966-03-01,0.54
1966-03-02,0.53
1966-03-03,0.54
1966-03-04,0.54
1966-03-07,0.53
1966-03-08,0.55
1966-03-09,0.55
1966-03-10,0.54
1966-03-11,0.54
1966-03-14,0.54
1966-03-15,0.54
1966-03-16,0.54
1966-03-17,0.55
1966-03-18,0.55
1966-03-21,0.56
1966-03-22,0.56
1966-03-23,0.57
1966-03-24,0.57
1966-03-25,0.56
1966-03-28,0.56
1966-03-29,0.57
1966-03-30,0.58
1966-03-31,0.59
1966-04-01,0.59
1966-04-04,0.58
1966-04-05,0.58
1966-04-06,0.59
1966-04-07,0.58
1966-04-11,0.57
1966-04-12,0.56
1966-04-13,0.57
1966-04-14,0.57
1966-04-15,0.58
1966-04-18,0.58
1966-04-19,0.57
1966-04-20,0.56
1966-04-21,0.56
1966-04-22,0.57
1966-04-25,0.57
1966-04-26,0.56
1966-04-27,0.56
1966-04-28,0.56
1966-04-29,0.55
1966-05-02,0.55
1966-05-03,0.55
1966-05-04,0.54
1966-05-05,0.54
1966-05-06,0.55
1966-05-09,0.54
1966-05-10,0.55
1966-05-11,0.55
1966-05-12,0.54
1966-05-13,0.54
1966-05-16,0.54
1966-05-17,0.54
1966-05-18,0.54
1966-05-19,0.54
1966-05-20,0.54
1966-05-23,0.54
1966-05-24,0.55
1966-05-25,0.54
1966-05-26,0.55
1966-05-27,0.55
1966-05-31,0.55
1966-06-01,0.55
1966-06-02,0.55
1966-06-03,0.55
1966-06-06,0.55
1966-06-07,0.54
1966-06-08,0.54
1966-06-09,0.55
1966-06-10,0.55
1966-06-13,0.55
1966-06-14,0.55
1966-06-15,0.53
1966-06-16,0.53
1966-06-17,0.53
1966-06-20,0.54
1966-06-21,0.54
1966-06-22,0.53
1966-06-23,0.54
1966-06-24,0.53
1966-06-27,0.53
1966-06-28,0.52
1966-06-29,0.52
1966-06-30,0.53
1966-07-01,0.53
1966-07-05,0.53
1966-07-06,0.53
1966-07-07,0.53
1966-07-08,0.54
1966-07-11,0.55
1966-07-12,0.55
1966-07-13,0.55
1966-07-14,0.55
1966-07-15,0.55
1966-07-18,0.55
1966-07-19,0.55
1966-07-20,0.55
1966-07-21,0.55
1966-07-22,0.55
1966-07-25,0.54
1966-07-26,0.55
1966-07-27,0.55
1966-07-28,0.54
1966-07-29,0.54
1966-08-01,0.54
1966-08-02,0.55
1966-08-03,0.55
1966-08-04,0.55
1966-08-05,0.55
1966-08-08,0.55
1966-08-09,0.55
1966-08-10,0.56
1966-08-11,0.56
1966-08-12,0.56
1966-08-15,0.56
1966-08-16,0.55
1966-08-17,0.54
1966-08-18,0.54
1966-08-19,0.54
1966-08-22,0.53
1966-08-23,0.53
1966-08-24,0.53
1966-08-25,0.53
1966-08-26,0.52
1966-08-29,0.51
1966-08-30,0.51
1966-08-31,0.53
1966-09-01,0.52
1966-09-02,0.53
1966-09-06,0.52
1966-09-07,0.51
1966-09-08,0.51
1966-09-09,0.52
1966-09-12,0.55
1966-09-13,0.54
1966-09-14,0.54
1966-09-15,0.55
1966-09-16,0.54
1966-09-19,0.54
1966-09-20,0.54
1966-09-21,0.53
1966-09-22,0.53
1966-09-23,0.53
1966-09-26,0.53
1966-09-27,0.53
1966-09-28,0.52
1966-09-29,0.52
1966-09-30,0.53
1966-10-03,0.53
1966-10-04,0.54
1966-10-05,0.53
1966-10-06,0.52
1966-10-07,0.52
1966-10-10,0.52
1966-10-11,0.51
1966-10-12,0.53
1966-10-13,0.53
1966-10-14,0.54
1966-10-17,0.54
1966-10-18,0.57
1966-10-19,0.57
1966-10-20,0.57
1966-10-21,0.57
1966-10-24,0.59
1966-10-25,0.59
1966-10-26,0.58
1966-10-27,0.58
1966-10-28,0.58
1966-10-31,0.58
1966-11-01,0.59
1966-11-02,0.59
1966-11-03,0.59
1966-11-04,0.59
1966-11-07,0.59
1966-11-09,0.59
1966-11-10,0.6
1966-11-11,0.6
1966-11-14,0.6
1966-11-15,0.6
1966-11-16,0.61
1966-11-17,0.6
1966-11-18,0.61
1966-11-21,0.59
1966-11-22,0.59
1966-11-23,0.61
1966-11-25,0.61
1966-11-28,0.61
1966-11-29,0.61
1966-11-30,0.61
1966-12-01,0.61
1966-12-02,0.61
1966-12-05,0.61
1966-12-06,0.61
1966-12-07,0.61
1966-12-08,0.62
1966-12-09,0.62
1966-12-12,0.64
1966-12-13,0.64
1966-12-14,0.64
1966-12-15,0.64
1966-12-16,0.63
1966-12-19,0.64
1966-12-20,0.64
1966-12-21,0.65
1966-12-22,0.65
1966-12-23,0.65
1966-12-27,0.64
1966-12-28,0.65
1966-12-29,0.64
1966-12-30,0.64
1967-01-03,0.64
1967-01-04,0.62
1967-01-05,0.63
1967-01-06,0.64
1967-01-09,0.64
1967-01-10,0.65
1967-01-11,0.68
1967-01-12,0.68
1967-01-13,0.67
1967-01-16,0.66
1967-01-17,0.66
1967-01-18,0.67
1967-01-19,0.67
1967-01-20,0.67
1967-01-23,0.67
1967-01-24,0.67
1967-01-25,0.67
1967-01-26,0.67
1967-01-27,0.67
1967-01-30,0.68
1967-01-31,0.68
1967-02-01,0.67
1967-02-02,0.67
1967-02-03,0.66
1967-02-06,0.66
1967-02-07,0.66
1967-02-08,0.68
1967-02-09,0.68
1967-02-10,0.68
1967-02-13,0.68
1967-02-14,0.68
1967-02-15,0.68
1967-02-16,0.68
1967-02-17,0.69
1967-02-20,0.69
1967-02-21,0.7
1967-02-23,0.72
1967-02-24,0.72
1967-02-27,0.71
1967-02-28,0.72
1967-03-01,0.73
1967-03-02,0.73
1967-03-03,0.7
1967-03-06,0.71
1967-03-07,0.7
1967-03-08,0.69
1967-03-09,0.69
1967-03-10,0.69
1967-03-13,0.69
1967-03-14,0.68
1967-03-15,0.68
1967-03-16,0.7
1967-03-17,0.7
1967-03-20,0.7
1967-03-21,0.71
1967-03-22,0.72
1967-03-23,0.71
1967-03-27,0.71
1967-03-28,0.7
1967-03-29,0.7
1967-03-30,0.73
1967-03-31,0.74
1967-04-03,0.74
1967-04-04,0.75
1967-04-05,0.77
1967-04-06,0.78
1967-04-07,0.78
1967-04-10,0.76
1967-04-11,0.77
1967-04-12,0.77
1967-04-13,0.76
1967-04-14,0.79
1967-04-17,0.8
1967-04-18,0.8
1967-04-19,0.79
1967-04-20,0.8
1967-04-21,0.79
1967-04-24,0.82
1967-04-25,0.82
1967-04-26,0.81
1967-04-27,0.81
1967-04-28,0.81
1967-05-01,0.84
1967-05-02,0.83
1967-05-03,0.85
1967-05-04,0.86
1967-05-05,0.85
1967-05-08,0.85
1967-05-09,0.84
1967-05-10,0.83
1967-05-11,0.83
1967-05-12,0.83
1967-05-15,0.83
1967-05-16,0.82
1967-05-17,0.81
1967-05-18,0.8
1967-05-19,0.8
1967-05-22,0.8
1967-05-23,0.81
1967-05-24,0.81
1967-05-25,0.81
1967-05-26,0.82
1967-05-29,0.83
1967-05-31,0.81
1967-06-01,0.82
1967-06-02,0.83
1967-06-05,0.83
1967-06-06,0.85
1967-06-07,0.85
1967-06-08,0.86
1967-06-09,0.86
1967-06-12,0.85
1967-06-13,0.86
1967-06-14,0.86
1967-06-15,0.85
1967-06-16,0.87
1967-06-19,0.86
1967-06-20,0.86
1967-06-21,0.86
1967-06-22,0.88
1967-06-23,0.89
1967-06-26,0.89
1967-06-27,0.87
1967-06-28,0.9
1967-06-29,0.89
1967-06-30,0.89
1967-07-03,0.89
1967-07-05,0.9
1967-07-06,0.9
1967-07-07,0.9
1967-07-10,0.89
1967-07-11,0.89
1967-07-12,0.89
1967-07-13,0.89
1967-07-14,0.88
1967-07-17,0.87
1967-07-18,0.88
1967-07-19,0.87
1967-07-20,0.87
1967-07-21,0.88
1967-07-24,0.88
1967-07-25,0.88
1967-07-26,0.9
1967-07-27,0.9
1967-07-28,0.91
1967-07-31,0.92
1967-08-01,0.9
1967-08-02,0.91
1967-08-03,0.91
1967-08-04,0.92
1967-08-07,0.92
1967-08-08,0.92
1967-08-09,0.91
1967-08-10,0.91
1967-08-11,0.91
1967-08-14,0.91
1967-08-15,0.9
1967-08-16,0.9
1967-08-17,0.9
1967-08-18,0.89
1967-08-21,0.88
1967-08-22,0.87
1967-08-23,0.87
1967-08-24,0.83
1967-08-25,0.82
1967-08-28,0.83
1967-08-29,0.85
1967-08-30,0.86
1967-08-31,0.86
1967-09-01,0.86
1967-09-05,0.86
1967-09-06,0.85
1967-09-07,0.86
1967-09-08,0.85
1967-09-11,0.86
1967-09-12,0.86
1967-09-13,0.86
1967-09-14,0.86
1967-09-15,0.85
1967-09-18,0.85
1967-09-19,0.84
1967-09-20,0.86
1967-09-21,0.87
1967-09-22,0.88
1967-09-25,0.9
1967-09-26,0.91
1967-09-27,0.91
1967-09-28,0.9
1967-09-29,0.89
1967-10-02,0.89
1967-10-03,0.89
1967-10-04,0.88
1967-10-05,0.88
1967-10-06,0.89
1967-10-09,0.89
1967-10-10,0.89
1967-10-11,0.9
1967-10-12,0.89
1967-10-13,0.88
1967-10-16,0.88
1967-10-17,0.87
1967-10-18,0.86
1967-10-19,0.86
1967-10-20,0.86
1967-10-23,0.85
1967-10-24,0.86
1967-10-25,0.86
1967-10-26,0.87
1967-10-27,0.87
1967-10-30,0.9
1967-10-31,0.89
1967-11-01,0.89
1967-11-02,0.9
1967-11-03,0.89
1967-11-06,0.88
1967-11-08,0.89
1967-11-09,0.89
1967-11-10,0.88
1967-11-13,0.89
1967-11-14,0.88
1967-11-15,0.89
1967-11-16,0.9
1967-11-17,0.91
1967-11-20,0.9
1967-11-21,0.92
1967-11-22,0.92
1967-11-24,0.96
1967-11-27,0.97
1967-11-28,0.97
1967-11-29,0.99
1967-11-30,1.0
1967-12-01,1.01
1967-12-04,1.0
1967-12-05,0.99
1967-12-06,0.99
1967-12-07,1.01
1967-12-08,1.0
1967-12-11,1.0
1967-12-12,1.0
1967-12-13,0.99
1967-12-14,1.0
1967-12-15,0.98
1967-12-18,0.95
1967-12-19,0.96
1967-12-20,0.96
1967-12-21,0.95
1967-12-22,0.94
1967-12-26,0.94
1967-12-27,0.93
1967-12-28,0.93
1967-12-29,0.96
1968-01-02,0.95
1968-01-03,0.94
1968-01-04,0.94
1968-01-05,0.94
1968-01-08,0.93
1968-01-09,0.92
1968-01-10,0.93
1968-01-11,0.94
1968-01-12,0.94
1968-01-15,0.93
1968-01-16,0.92
1968-01-17,0.92
1968-01-18,0.91
1968-01-19,0.93
1968-01-22,0.92
1968-01-23,0.93
1968-01-24,0.91
1968-01-25,0.92
1968-01-26,0.92
1968-01-29,0.9
1968-01-30,0.92
1968-01-31,0.91
1968-02-01,0.92
1968-02-02,0.93
1968-02-05,0.93
1968-02-06,0.94
1968-02-07,0.95
1968-02-08,0.94
1968-02-09,0.9
1968-02-13,0.9
1968-02-14,0.91
1968-02-15,0.9
1968-02-16,0.9
1968-02-19,0.91
1968-02-20,0.9
1968-02-21,0.93
1968-02-23,0.93
1968-02-26,0.92
1968-02-27,0.93
1968-02-28,0.94
1968-02-29,0.92
1968-03-01,0.92
1968-03-04,0.92
1968-03-05,0.91
1968-03-06,0.91
1968-03-07,0.92
1968-03-08,0.95
1968-03-11,0.95
1968-03-12,0.96
1968-03-13,0.99
1968-03-14,0.96
1968-03-15,0.97
1968-03-18,0.98
1968-03-19,0.97
1968-03-20,0.97
1968-03-21,0.98
1968-03-22,0.99
1968-03-25,0.98
1968-03-26,0.98
1968-03-27,0.98
1968-03-28,0.97
1968-03-29,0.97
1968-04-01,0.99
1968-04-02,0.98
1968-04-03,0.99
1968-04-04,0.98
1968-04-05,0.98
1968-04-08,0.98
1968-04-10,1.02
1968-04-11,1.04
1968-04-15,1.03
1968-04-16,1.02
1968-04-17,1.03
1968-04-18,1.05
1968-04-19,1.03
1968-04-22,1.04
1968-04-23,1.08
1968-04-24,1.06
1968-04-25,1.06
1968-04-26,1.07
1968-04-29,1.06
1968-04-30,1.07
1968-05-01,1.07
1968-05-02,1.08
1968-05-03,1.08
1968-05-06,1.09
1968-05-07,1.11
1968-05-08,1.13
1968-05-09,1.13
1968-05-10,1.13
1968-05-13,1.13
1968-05-14,1.13
1968-05-15,1.12
1968-05-16,1.1
1968-05-17,1.09
1968-05-20,1.09
1968-05-21,1.09
1968-05-22,1.09
1968-05-23,1.1
1968-05-24,1.1
1968-05-27,1.08
1968-05-28,1.07
1968-05-29,1.07
1968-05-31,1.07
1968-06-03,0.54
1968-06-04,0.55
1968-06-05,0.56
1968-06-06,0.58
1968-06-07,0.58
1968-06-10,0.57
1968-06-11,0.58
1968-06-13,0.58
1968-06-14,0.57
1968-06-17,0.56
1968-06-18,0.56
1968-06-20,0.57
1968-06-21,0.57
1968-06-24,0.56
1968-06-25,0.55
1968-06-27,0.54
1968-06-28,0.54
1968-07-01,0.54
1968-07-02,0.54
1968-07-03,0.56
1968-07-08,0.58
1968-07-09,0.57
1968-07-11,0.55
1968-07-12,0.55
1968-07-15,0.56
1968-07-16,0.55
1968-07-18,0.56
1968-07-19,0.55
1968-07-22,0.55
1968-07-23,0.53
1968-07-25,0.52
1968-07-26,0.52
1968-07-29,0.51
1968-07-30,0.51
1968-08-01,0.51
1968-08-02,0.52
1968-08-05,0.5
1968-08-06,0.51
1968-08-08,0.51
1968-08-09,0.5
1968-08-12,0.52
1968-08-13,0.51
1968-08-15,0.52
1968-08-16,0.53
1968-08-19,0.53
1968-08-20,0.53
1968-08-22,0.54
1968-08-23,0.54
1968-08-26,0.54
1968-08-27,0.54
1968-08-29,0.54
1968-08-30,0.54
1968-09-03,0.54
1968-09-04,0.54
1968-09-05,0.55
1968-09-06,0.55
1968-09-09,0.55
1968-09-10,0.54
1968-09-12,0.54
1968-09-13,0.54
1968-09-16,0.54
1968-09-17,0.54
1968-09-19,0.55
1968-09-20,0.55
1968-09-23,0.54
1968-09-24,0.54
1968-09-26,0.54
1968-09-27,0.53
1968-09-30,0.53
1968-10-01,0.53
1968-10-03,0.53
1968-10-04,0.53
1968-10-07,0.52
1968-10-08,0.53
1968-10-10,0.53
1968-10-11,0.53
1968-10-14,0.53
1968-10-15,0.53
1968-10-17,0.53
1968-10-18,0.54
1968-10-21,0.53
1968-10-22,0.53
1968-10-24,0.53
1968-10-25,0.53
1968-10-28,0.53
1968-10-29,0.53
1968-10-31,0.52
1968-11-01,0.53
1968-11-04,0.52
1968-11-06,0.52
1968-11-07,0.52
1968-11-08,0.52
1968-11-12,0.51
1968-11-13,0.51
1968-11-14,0.52
1968-11-15,0.52
1968-11-18,0.53
1968-11-19,0.53
1968-11-21,0.53
1968-11-22,0.53
1968-11-25,0.53
1968-11-26,0.53
1968-11-27,0.55
1968-11-29,0.55
1968-12-02,0.55
1968-12-03,0.56
1968-12-05,0.58
1968-12-06,0.56
1968-12-09,0.55
1968-12-10,0.54
1968-12-12,0.55
1968-12-13,0.55
1968-12-16,0.55
1968-12-17,0.54
1968-12-19,0.55
1968-12-20,0.55
1968-12-23,0.53
1968-12-24,0.52
1968-12-26,0.54
1968-12-27,0.53
1968-12-30,0.53
1968-12-31,0.53
1969-01-02,0.54
1969-01-03,0.55
1969-01-06,0.55
1969-01-07,0.54
1969-01-08,0.54
1969-01-09,0.54
1969-01-10,0.54
1969-01-13,0.53
1969-01-14,0.54
1969-01-15,0.54
1969-01-16,0.54
1969-01-17,0.54
1969-01-20,0.54
1969-01-21,0.53
1969-01-22,0.53
1969-01-23,0.54
1969-01-24,0.53
1969-01-27,0.53
1969-01-28,0.52
1969-01-29,0.53
1969-01-30,0.52
1969-01-31,0.53
1969-02-03,0.52
1969-02-04,0.51
1969-02-05,0.51
1969-02-06,0.52
1969-02-07,0.52
1969-02-11,0.52
1969-02-12,0.52
1969-02-13,0.52
1969-02-14,0.52
1969-02-17,0.52
1969-02-18,0.52
1969-02-19,0.51
1969-02-20,0.5
1969-02-24,0.49
1969-02-25,0.49
1969-02-26,0.49
1969-02-27,0.49
1969-02-28,0.5
1969-03-03,0.51
1969-03-04,0.52
1969-03-05,0.51
1969-03-06,0.51
1969-03-07,0.51
1969-03-10,0.51
1969-03-11,0.51
1969-03-12,0.5
1969-03-13,0.5
1969-03-14,0.5
1969-03-17,0.49
1969-03-18,0.5
1969-03-19,0.5
1969-03-20,0.52
1969-03-21,0.52
1969-03-24,0.52
1969-03-25,0.51
1969-03-26,0.51
1969-03-27,0.51
1969-03-28,0.52
1969-04-01,0.53
1969-04-02,0.53
1969-04-03,0.52
1969-04-07,0.51
1969-04-08,0.51
1969-04-09,0.51
1969-04-10,0.51
1969-04-11,0.51
1969-04-14,0.52
1969-04-15,0.51
1969-04-16,0.5
1969-04-17,0.52
1969-04-18,0.51
1969-04-21,0.51
1969-04-22,0.53
1969-04-23,0.53
1969-04-24,0.53
1969-04-25,0.54
1969-04-28,0.53
1969-04-29,0.53
1969-04-30,0.53
1969-05-01,0.54
1969-05-02,0.54
1969-05-05,0.55
1969-05-06,0.55
1969-05-07,0.55
1969-05-08,0.55
1969-05-09,0.54
1969-05-12,0.54
1969-05-13,0.53
1969-05-14,0.54
1969-05-15,0.53
1969-05-16,0.54
1969-05-19,0.54
1969-05-20,0.54
1969-05-21,0.54
1969-05-22,0.55
1969-05-23,0.56
1969-05-26,0.56
1969-05-27,0.57
1969-05-28,0.56
1969-05-29,0.56
1969-06-02,0.54
1969-06-03,0.54
1969-06-04,0.55
1969-06-05,0.55
1969-06-06,0.55
1969-06-09,0.54
1969-06-10,0.53
1969-06-11,0.53
1969-06-12,0.53
1969-06-13,0.53
1969-06-16,0.54
1969-06-17,0.53
1969-06-18,0.54
1969-06-19,0.54
1969-06-20,0.51
1969-06-23,0.51
1969-06-24,0.52
1969-06-25,0.52
1969-06-26,0.51
1969-06-27,0.52
1969-06-30,0.52
1969-07-01,0.51
1969-07-02,0.52
1969-07-03,0.52
1969-07-07,0.52
1969-07-08,0.51
1969-07-09,0.52
1969-07-10,0.52
1969-07-11,0.52
1969-07-14,0.52
1969-07-15,0.52
1969-07-16,0.52
1969-07-17,0.53
1969-07-18,0.52
1969-07-22,0.51
1969-07-23,0.52
1969-07-24,0.52
1969-07-25,0.51
1969-07-28,0.49
1969-07-29,0.49
1969-07-30,0.5
1969-07-31,0.5
1969-08-01,0.52
1969-08-04,0.53
1969-08-05,0.53
1969-08-06,0.53
1969-08-07,0.53
1969-08-08,0.52
1969-08-11,0.52
1969-08-12,0.53
1969-08-13,0.53
1969-08-14,0.53
1969-08-15,0.54
1969-08-18,0.54
1969-08-19,0.53
1969-08-20,0.54
1969-08-21,0.54
1969-08-22,0.53
1969-08-25,0.53
1969-08-26,0.53
1969-08-27,0.54
1969-08-28,0.54
1969-08-29,0.54
1969-09-02,0.54
1969-09-03,0.54
1969-09-04,0.54
1969-09-05,0.54
1969-09-08,0.54
1969-09-09,0.54
1969-09-10,0.55
1969-09-11,0.56
1969-09-12,0.56
1969-09-15,0.56
1969-09-16,0.57
1969-09-17,0.56
1969-09-18,0.57
1969-09-19,0.58
1969-09-22,0.57
1969-09-23,0.59
1969-09-24,0.58
1969-09-25,0.57
1969-09-26,0.58
1969-09-29,0.57
1969-09-30,0.58
1969-10-01,0.57
1969-10-02,0.58
1969-10-03,0.58
1969-10-06,0.57
1969-10-07,0.58
1969-10-08,0.58
1969-10-09,0.59
1969-10-10,0.59
1969-10-13,0.59
1969-10-14,0.59
1969-10-15,0.59
1969-10-16,0.59
1969-10-17,0.58
1969-10-20,0.58
1969-10-21,0.59
1969-10-22,0.6
1969-10-23,0.6
1969-10-24,0.6
1969-10-27,0.6
1969-10-28,0.6
1969-10-29,0.6
1969-10-30,0.6
1969-10-31,0.62
1969-11-03,0.63
1969-11-04,0.63
1969-11-05,0.63
1969-11-06,0.63
1969-11-07,0.63
1969-11-10,0.64
1969-11-11,0.65
1969-11-12,0.63
1969-11-13,0.62
1969-11-14,0.62
1969-11-17,0.62
1969-11-18,0.62
1969-11-19,0.62
1969-11-20,0.62
1969-11-21,0.61
1969-11-24,0.61
1969-11-25,0.6
1969-11-26,0.59
1969-11-28,0.58
1969-12-01,0.58
1969-12-02,0.58
1969-12-03,0.59
1969-12-04,0.6
1969-12-05,0.61
1969-12-08,0.61
1969-12-09,0.62
1969-12-10,0.62
1969-12-11,0.62
1969-12-12,0.62
1969-12-15,0.62
1969-12-16,0.61
1969-12-17,0.61
1969-12-18,0.62
1969-12-19,0.61
1969-12-22,0.61
1969-12-23,0.6
1969-12-24,0.59
1969-12-26,0.6
1969-12-29,0.6
1969-12-30,0.61
1969-12-31,0.62
1970-01-02,0.62
1970-01-05,0.61
1970-01-06,0.61
1970-01-07,0.62
1970-01-08,0.62
1970-01-09,0.61
1970-01-12,0.62
1970-01-13,0.63
1970-01-14,0.63
1970-01-15,0.64
1970-01-16,0.64
1970-01-19,0.64
1970-01-20,0.64
1970-01-21,0.64
1970-01-22,0.64
1970-01-23,0.63
1970-01-26,0.62
1970-01-27,0.62
1970-01-28,0.63
1970-01-29,0.62
1970-01-30,0.59
1970-02-02,0.6
1970-02-03,0.62
1970-02-04,0.62
1970-02-05,0.62
1970-02-06,0.62
1970-02-09,0.62
1970-02-10,0.61
1970-02-11,0.61
1970-02-12,0.61
1970-02-13,0.61
1970-02-16,0.6
1970-02-17,0.61
1970-02-18,0.61
1970-02-19,0.61
1970-02-20,0.61
1970-02-24,0.61
1970-02-25,0.62
1970-02-26,0.61
1970-02-27,0.62
1970-03-02,0.62
1970-03-03,0.62
1970-03-04,0.63
1970-03-05,0.63
1970-03-06,0.63
1970-03-09,0.62
1970-03-10,0.61
1970-03-11,0.61
1970-03-12,0.61
1970-03-13,0.61
1970-03-16,0.6
1970-03-17,0.61
1970-03-18,0.59
1970-03-19,0.6
1970-03-20,0.59
1970-03-23,0.59
1970-03-24,0.59
1970-03-25,0.6
1970-03-26,0.6
1970-03-30,0.6
1970-03-31,0.6
1970-04-01,0.6
1970-04-02,0.6
1970-04-03,0.6
1970-04-06,0.59
1970-04-07,0.59
1970-04-08,0.58
1970-04-09,0.58
1970-04-10,0.57
1970-04-13,0.56
1970-04-14,0.56
1970-04-15,0.57
1970-04-16,0.57
1970-04-17,0.58
1970-04-20,0.58
1970-04-21,0.58
1970-04-22,0.57
1970-04-23,0.57
1970-04-24,0.57
1970-04-27,0.55
1970-04-28,0.54
1970-04-29,0.56
1970-04-30,0.55
1970-05-01,0.55
1970-05-04,0.53
1970-05-05,0.51
1970-05-06,0.52
1970-05-07,0.53
1970-05-08,0.54
1970-05-11,0.54
1970-05-12,0.53
1970-05-13,0.53
1970-05-14,0.53
1970-05-15,0.53
1970-05-18,0.53
1970-05-19,0.52
1970-05-20,0.49
1970-05-21,0.49
1970-05-22,0.49
1970-05-25,0.48
1970-05-26,0.48
1970-05-27,0.51
1970-05-28,0.52
1970-05-29,0.53
1970-06-01,0.56
1970-06-02,0.55
1970-06-03,0.55
1970-06-04,0.56
1970-06-05,0.54
1970-06-08,0.55
1970-06-09,0.54
1970-06-10,0.54
1970-06-11,0.53
1970-06-12,0.52
1970-06-15,0.52
1970-06-16,0.55
1970-06-17,0.54
1970-06-18,0.55
1970-06-19,0.56
1970-06-22,0.55
1970-06-23,0.55
1970-06-24,0.54
1970-06-25,0.54
1970-06-26,0.54
1970-06-29,0.52
1970-06-30,0.52
1970-07-01,0.52
1970-07-02,0.54
1970-07-06,0.53
1970-07-07,0.53
1970-07-08,0.55
1970-07-09,0.54
1970-07-10,0.55
1970-07-13,0.55
1970-07-14,0.54
1970-07-15,0.54
1970-07-16,0.54
1970-07-17,0.55
1970-07-20,0.55
1970-07-21,0.55
1970-07-22,0.54
1970-07-23,0.54
1970-07-24,0.54
1970-07-27,0.54
1970-07-28,0.53
1970-07-29,0.54
1970-07-30,0.55
1970-07-31,0.55
1970-08-03,0.54
1970-08-04,0.54
1970-08-05,0.53
1970-08-06,0.53
1970-08-07,0.54
1970-08-10,0.52
1970-08-11,0.52
1970-08-12,0.52
1970-08-13,0.5
1970-08-14,0.5
1970-08-17,0.5
1970-08-18,0.51
1970-08-19,0.51
1970-08-20,0.52
1970-08-21,0.52
1970-08-24,0.54
1970-08-25,0.54
1970-08-26,0.55
1970-08-27,0.54
1970-08-28,0.54
1970-08-31,0.54
1970-09-01,0.55
1970-09-02,0.54
1970-09-03,0.55
1970-09-04,0.54
1970-09-08,0.55
1970-09-09,0.55
1970-09-10,0.55
1970-09-11,0.55
1970-09-14,0.55
1970-09-15,0.54
1970-09-16,0.54
1970-09-17,0.54
1970-09-18,0.54
1970-09-21,0.54
1970-09-22,0.54
1970-09-23,0.55
1970-09-24,0.56
1970-09-25,0.57
1970-09-28,0.57
1970-09-29,0.57
1970-09-30,0.56
1970-10-01,0.57
1970-10-02,0.57
1970-10-05,0.59
1970-10-06,0.62
1970-10-07,0.61
1970-10-08,0.59
1970-10-09,0.58
1970-10-12,0.58
1970-10-13,0.58
1970-10-14,0.59
1970-10-15,0.59
1970-10-16,0.59
1970-10-19,0.59
1970-10-20,0.59
1970-10-21,0.59
1970-10-22,0.6
1970-10-23,0.6
1970-10-26,0.6
1970-10-27,0.6
1970-10-28,0.6
1970-10-29,0.6
1970-10-30,0.6
1970-11-02,0.6
1970-11-03,0.6
1970-11-04,0.6
1970-11-05,0.6
1970-11-06,0.61
1970-11-09,0.61
1970-11-10,0.62
1970-11-11,0.62
1970-11-12,0.62
1970-11-13,0.61
1970-11-16,0.62
1970-11-17,0.61
1970-11-18,0.61
1970-11-19,0.61
1970-11-20,0.62
1970-11-23,0.61
1970-11-24,0.62
1970-11-25,0.64
1970-11-27,0.64
1970-11-30,0.64
1970-12-01,0.64
1970-12-02,0.64
1970-12-03,0.65
1970-12-04,0.65
1970-12-07,0.66
1970-12-08,0.67
1970-12-09,0.66
1970-12-10,0.65
1970-12-11,0.64
1970-12-14,0.64
1970-12-15,0.64
1970-12-16,0.64
1970-12-17,0.64
1970-12-18,0.64
1970-12-21,0.63
1970-12-22,0.63
1970-12-23,0.63
1970-12-24,0.63
1970-12-28,0.64
1970-12-29,0.64
1970-12-30,0.65
1970-12-31,0.64
1971-01-04,0.63
1971-01-05,0.62
1971-01-06,0.63
1971-01-07,0.65
1971-01-08,0.65
1971-01-11,0.65
1971-01-12,0.65
1971-01-13,0.65
1971-01-14,0.65
1971-01-15,0.65
1971-01-18,0.64
1971-01-19,0.64
1971-01-20,0.65
1971-01-21,0.65
1971-01-22,0.65
1971-01-25,0.65
1971-01-26,0.65
1971-01-27,0.65
1971-01-28,0.66
1971-01-29,0.66
1971-02-01,0.66
1971-02-02,0.66
1971-02-03,0.66
1971-02-04,0.65
1971-02-05,0.65
1971-02-08,0.65
1971-02-09,0.66
1971-02-10,0.66
1971-02-11,0.67
1971-02-12,0.67
1971-02-16,0.67
1971-02-17,0.66
1971-02-18,0.66
1971-02-19,0.65
1971-02-22,0.64
1971-02-23,0.65
1971-02-24,0.65
1971-02-25,0.66
1971-02-26,0.66
1971-03-01,0.67
1971-03-02,0.67
1971-03-03,0.67
1971-03-04,0.68
1971-03-05,0.68
1971-03-08,0.69
1971-03-09,0.7
1971-03-10,0.71
1971-03-11,0.7
1971-03-12,0.7
1971-03-15,0.7
1971-03-16,0.71
1971-03-17,0.71
1971-03-18,0.72
1971-03-19,0.72
1971-03-22,0.72
1971-03-23,0.71
1971-03-24,0.71
1971-03-25,0.7
1971-03-26,0.71
1971-03-29,0.72
1971-03-30,0.72
1971-03-31,0.72
1971-04-01,0.73
1971-04-02,0.72
1971-04-05,0.73
1971-04-06,0.74
1971-04-07,0.75
1971-04-08,0.77
1971-04-12,0.8
1971-04-13,0.77
1971-04-14,0.76
1971-04-15,0.76
1971-04-16,0.75
1971-04-19,0.76
1971-04-20,0.75
1971-04-21,0.75
1971-04-22,0.74
1971-04-23,0.74
1971-04-26,0.75
1971-04-27,0.75
1971-04-28,0.75
1971-04-29,0.74
1971-04-30,0.73
1971-05-03,0.73
1971-05-04,0.74
1971-05-05,0.75
1971-05-06,0.75
1971-05-07,0.75
1971-05-10,0.75
1971-05-11,0.77
1971-05-12,0.77
1971-05-13,0.77
1971-05-14,0.78
1971-05-17,0.76
1971-05-18,0.76
1971-05-19,0.76
1971-05-20,0.77
1971-05-21,0.78
1971-05-24,0.77
1971-05-25,0.76
1971-05-26,0.76
1971-05-27,0.77
1971-05-28,0.77
1971-06-01,0.77
1971-06-02,0.77
1971-06-03,0.78
1971-06-04,0.79
1971-06-07,0.8
1971-06-08,0.8
1971-06-09,0.79
1971-06-10,0.79
1971-06-11,0.8
1971-06-14,0.8
1971-06-15,0.8
1971-06-16,0.8
1971-06-17,0.79
1971-06-18,0.77
1971-06-21,0.77
1971-06-22,0.77
1971-06-23,0.78
1971-06-24,0.77
1971-06-25,0.77
1971-06-28,0.77
1971-06-29,0.78
1971-06-30,0.79
1971-07-01,0.79
1971-07-02,0.8
1971-07-06,0.79
1971-07-07,0.79
1971-07-08,0.78
1971-07-09,0.77
1971-07-12,0.77
1971-07-13,0.77
1971-07-14,0.76
1971-07-15,0.77
1971-07-16,0.77
1971-07-19,0.78
1971-07-20,0.79
1971-07-21,0.79
1971-07-22,0.79
1971-07-23,0.79
1971-07-26,0.79
1971-07-27,0.78
1971-07-28,0.78
1971-07-29,0.76
1971-07-30,0.77
1971-08-02,0.77
1971-08-03,0.76
1971-08-04,0.76
1971-08-05,0.77
1971-08-06,0.78
1971-08-09,0.77
1971-08-10,0.77
1971-08-11,0.78
1971-08-12,0.78
1971-08-13,0.78
1971-08-16,0.8
1971-08-17,0.78
1971-08-18,0.78
1971-08-19,0.78
1971-08-20,0.8
1971-08-23,0.83
1971-08-24,0.83
1971-08-25,0.83
1971-08-26,0.82
1971-08-27,0.84
1971-08-30,0.84
1971-08-31,0.84
1971-09-01,0.83
1971-09-02,0.83
1971-09-03,0.84
1971-09-07,0.84
1971-09-08,0.84
1971-09-09,0.84
1971-09-10,0.83
1971-09-13,0.82
1971-09-14,0.81
1971-09-15,0.83
1971-09-16,0.82
1971-09-17,0.82
1971-09-20,0.83
1971-09-21,0.82
1971-09-22,0.82
1971-09-23,0.82
1971-09-24,0.83
1971-09-27,0.82
1971-09-28,0.82
1971-09-29,0.83
1971-09-30,0.84
1971-10-01,0.84
1971-10-04,0.86
1971-10-05,0.86
1971-10-06,0.86
1971-10-07,0.87
1971-10-08,0.88
1971-10-11,0.87
1971-10-12,0.84
1971-10-13,0.84
1971-10-14,0.82
1971-10-15,0.83
1971-10-18,0.83
1971-10-19,0.83
1971-10-20,0.82
1971-10-21,0.83
1971-10-22,0.85
1971-10-25,0.84
1971-10-26,0.83
1971-10-27,0.83
1971-10-28,0.84
1971-10-29,0.84
1971-11-01,0.84
1971-11-02,0.84
1971-11-03,0.85
1971-11-04,0.86
1971-11-05,0.86
1971-11-08,0.86
1971-11-09,0.87
1971-11-10,0.86
1971-11-11,0.82
1971-11-12,0.83
1971-11-15,0.82
1971-11-16,0.82
1971-11-17,0.82
1971-11-18,0.83
1971-11-19,0.81
1971-11-22,0.8
1971-11-23,0.81
1971-11-24,0.81
1971-11-26,0.84
1971-11-29,0.84
1971-11-30,0.84
1971-12-01,0.85
1971-12-02,0.87
1971-12-03,0.88
1971-12-06,0.86
1971-12-07,0.86
1971-12-08,0.86
1971-12-09,0.87
1971-12-10,0.89
1971-12-13,0.89
1971-12-14,0.89
1971-12-15,0.89
1971-12-16,0.88
1971-12-17,0.9
1971-12-20,0.92
1971-12-21,0.96
1971-12-22,0.95
1971-12-23,0.93
1971-12-27,0.92
1971-12-28,0.93
1971-12-29,0.93
1971-12-30,0.92
1971-12-31,0.94
1972-01-03,0.93
1972-01-04,0.93
1972-01-05,0.93
1972-01-06,0.9
1972-01-07,0.9
1972-01-10,0.91
1972-01-11,0.92
1972-01-12,0.91
1972-01-13,0.9
1972-01-14,0.9
1972-01-17,0.89
1972-01-18,0.89
1972-01-19,0.89
1972-01-20,0.87
1972-01-21,0.88
1972-01-24,0.9
1972-01-25,0.9
1972-01-26,0.9
1972-01-27,0.91
1972-01-28,0.91
1972-01-31,0.93
1972-02-01,0.93
1972-02-02,0.95
1972-02-03,0.95
1972-02-04,0.95
1972-02-07,0.94
1972-02-08,0.95
1972-02-09,0.95
1972-02-10,0.95
1972-02-11,0.96
1972-02-14,0.96
1972-02-15,0.97
1972-02-16,0.99
1972-02-17,0.99
1972-02-18,0.97
1972-02-22,0.97
1972-02-23,0.97
1972-02-24,0.96
1972-02-25,0.97
1972-02-28,0.96
1972-02-29,0.96
1972-03-01,0.98
1972-03-02,0.99
1972-03-03,0.99
1972-03-06,0.99
1972-03-07,1.0
1972-03-08,1.03
1972-03-09,1.04
1972-03-10,1.02
1972-03-13,0.98
1972-03-14,0.98
1972-03-15,0.97
1972-03-16,0.97
1972-03-17,0.97
1972-03-20,0.97
1972-03-21,0.97
1972-03-22,0.98
1972-03-23,0.99
1972-03-24,1.0
1972-03-27,0.99
1972-03-28,0.99
1972-03-29,0.97
1972-03-30,0.98
1972-04-03,0.97
1972-04-04,0.98
1972-04-05,0.99
1972-04-06,0.98
1972-04-07,1.0
1972-04-10,1.0
1972-04-11,1.01
1972-04-12,1.01
1972-04-13,1.03
1972-04-14,1.02
1972-04-17,1.03
1972-04-18,1.03
1972-04-19,1.02
1972-04-20,1.0
1972-04-21,0.99
1972-04-24,0.98
1972-04-25,0.97
1972-04-26,0.98
1972-04-27,0.99
1972-04-28,1.01
1972-05-01,1.01
1972-05-02,0.99
1972-05-03,0.99
1972-05-04,0.98
1972-05-05,0.99
1972-05-08,0.98
1972-05-09,0.98
1972-05-10,0.98
1972-05-11,1.0
1972-05-12,1.0
1972-05-15,1.0
1972-05-16,1.0
1972-05-17,1.0
1972-05-18,1.0
1972-05-19,1.01
1972-05-22,1.01
1972-05-23,1.0
1972-05-24,1.01
1972-05-25,1.02
1972-05-26,1.03
1972-05-30,1.03
1972-05-31,1.03
1972-06-01,1.03
1972-06-02,1.02
1972-06-05,1.02
1972-06-06,1.01
1972-06-07,1.01
1972-06-08,1.01
1972-06-09,1.0
1972-06-12,1.0
1972-06-13,1.0
1972-06-14,1.0
1972-06-15,1.0
1972-06-16,1.01
1972-06-19,1.02
1972-06-20,1.02
1972-06-21,1.03
1972-06-22,1.03
1972-06-23,1.04
1972-06-26,1.04
1972-06-27,1.03
1972-06-28,1.03
1972-06-29,1.03
1972-06-30,1.04
1972-07-03,1.04
1972-07-05,1.05
1972-07-06,1.07
1972-07-07,1.06
1972-07-10,1.06
1972-07-11,1.06
1972-07-12,1.05
1972-07-13,1.05
1972-07-14,1.05
1972-07-17,1.06
1972-07-18,1.06
1972-07-19,1.05
1972-07-20,1.06
1972-07-21,1.07
1972-07-24,1.08
1972-07-25,1.09
1972-07-26,1.09
1972-07-27,1.13
1972-07-28,1.12
1972-07-31,1.1
1972-08-01,1.14
1972-08-02,1.13
1972-08-03,1.12
1972-08-04,1.1
1972-08-07,1.1
1972-08-08,1.11
1972-08-09,1.11
1972-08-10,1.13
1972-08-11,1.13
1972-08-14,1.13
1972-08-15,1.12
1972-08-16,1.13
1972-08-17,1.13
1972-08-18,1.13
1972-08-21,1.13
1972-08-22,1.13
1972-08-23,1.13
1972-08-24,1.12
1972-08-25,1.09
1972-08-28,1.08
1972-08-29,1.1
1972-08-30,1.1
1972-08-31,1.1
1972-09-01,1.1
1972-09-05,1.1
1972-09-06,1.09
1972-09-07,1.09
1972-09-08,1.08
1972-09-11,1.07
1972-09-12,1.05
1972-09-13,1.05
1972-09-14,1.05
1972-09-15,1.04
1972-09-18,1.03
1972-09-19,1.03
1972-09-20,1.04
1972-09-21,1.05
1972-09-22,1.06
1972-09-25,1.05
1972-09-26,1.06
1972-09-27,1.08
1972-09-28,1.1
1972-09-29,1.1
1972-10-02,1.09
1972-10-03,1.09
1972-10-04,1.08
1972-10-05,1.07
1972-10-06,1.08
1972-10-09,1.09
1972-10-10,1.1
1972-10-11,1.09
1972-10-12,1.07
1972-10-13,1.06
1972-10-16,1.06
1972-10-17,1.06
1972-10-18,1.06
1972-10-19,1.06
1972-10-20,1.08
1972-10-23,1.1
1972-10-24,1.11
1972-10-25,1.11
1972-10-26,1.11
1972-10-27,1.12
1972-10-30,1.12
1972-10-31,1.12
1972-11-01,1.12
1972-11-02,1.1
1972-11-03,1.12
1972-11-06,1.12
1972-11-08,1.11
1972-11-09,1.1
1972-11-10,1.1
1972-11-13,1.09
1972-11-14,1.11
1972-11-15,1.12
1972-11-16,1.12
1972-11-17,1.12
1972-11-20,1.12
1972-11-21,1.12
1972-11-22,1.12
1972-11-24,1.12
1972-11-27,1.12
1972-11-28,1.12
1972-11-29,1.12
1972-11-30,1.11
1972-12-01,1.12
1972-12-04,1.13
1972-12-05,1.14
1972-12-06,1.14
1972-12-07,1.15
1972-12-08,1.15
1972-12-11,1.15
1972-12-12,1.17
1972-12-13,1.17
1972-12-14,1.16
1972-12-15,1.16
1972-12-18,1.15
1972-12-19,1.14
1972-12-20,1.13
1972-12-21,1.13
1972-12-22,1.14
1972-12-26,1.14
1972-12-27,1.14
1972-12-29,1.16
1973-01-02,1.15
1973-01-03,1.16
1973-01-04,1.17
1973-01-05,1.16
1973-01-08,1.16
1973-01-09,1.16
1973-01-10,1.14
1973-01-11,1.16
1973-01-12,1.15
1973-01-15,1.13
1973-01-16,1.14
1973-01-17,1.15
1973-01-18,1.15
1973-01-19,1.13
1973-01-22,1.14
1973-01-23,1.15
1973-01-24,1.15
1973-01-26,1.13
1973-01-29,1.12
1973-01-30,1.13
1973-01-31,1.14
1973-02-01,1.12
1973-02-02,1.12
1973-02-05,1.12
1973-02-06,1.12
1973-02-07,1.12
1973-02-08,1.12
1973-02-09,1.13
1973-02-12,1.15
1973-02-13,1.15
1973-02-14,1.14
1973-02-15,1.13
1973-02-16,1.13
1973-02-20,1.14
1973-02-21,1.12
1973-02-22,1.12
1973-02-23,1.12
1973-02-26,1.1
1973-02-27,1.07
1973-02-28,1.1
1973-03-01,1.09
1973-03-02,1.12
1973-03-05,1.13
1973-03-06,1.16
1973-03-07,1.17
1973-03-08,1.17
1973-03-09,1.16
1973-03-12,1.16
1973-03-13,1.16
1973-03-14,1.17
1973-03-15,1.16
1973-03-16,1.15
1973-03-19,1.14
1973-03-20,1.14
1973-03-21,1.13
1973-03-22,1.1
1973-03-23,1.1
1973-03-26,1.09
1973-03-27,1.09
1973-03-28,1.1
1973-03-29,1.09
1973-03-30,1.1
1973-04-02,1.09
1973-04-03,1.07
1973-04-04,1.08
1973-04-05,1.08
1973-04-06,1.1
1973-04-09,1.12
1973-04-10,1.13
1973-04-11,1.12
1973-04-12,1.14
1973-04-13,1.14
1973-04-16,1.12
1973-04-17,1.12
1973-04-18,1.13
1973-04-19,1.13
1973-04-23,1.12
1973-04-24,1.07
1973-04-25,1.06
1973-04-26,1.09
1973-04-27,1.09
1973-04-30,1.08
1973-05-01,1.07
1973-05-02,1.07
1973-05-03,1.08
1973-05-04,1.08
1973-05-07,1.06
1973-05-08,1.07
1973-05-09,1.07
1973-05-10,1.06
1973-05-11,1.06
1973-05-14,1.04
1973-05-15,1.05
1973-05-16,1.05
1973-05-17,1.04
1973-05-18,1.05
1973-05-21,1.04
1973-05-22,1.05
1973-05-23,1.06
1973-05-24,1.1
1973-05-25,1.11
1973-05-29,1.11
1973-05-30,1.12
1973-05-31,1.1
1973-06-01,1.07
1973-06-04,1.06
1973-06-05,1.08
1973-06-06,1.1
1973-06-07,1.11
1973-06-08,1.12
1973-06-11,1.11
1973-06-12,1.12
1973-06-13,1.14
1973-06-14,1.15
1973-06-15,1.14
1973-06-18,1.12
1973-06-19,1.11
1973-06-20,1.12
1973-06-21,1.11
1973-06-22,1.12
1973-06-25,1.09
1973-06-26,1.1
1973-06-27,1.12
1973-06-28,1.12
1973-06-29,1.13
1973-07-02,1.11
1973-07-03,1.1
1973-07-05,1.09
1973-07-06,1.09
1973-07-09,1.11
1973-07-10,1.11
1973-07-11,1.13
1973-07-12,1.12
1973-07-13,1.12
1973-07-16,1.14
1973-07-17,1.13
1973-07-18,1.12
1973-07-19,1.13
1973-07-20,1.13
1973-07-23,1.12
1973-07-24,1.13
1973-07-25,1.13
1973-07-26,1.13
1973-07-27,1.13
1973-07-30,1.14
1973-07-31,1.13
1973-08-01,1.12
1973-08-02,1.13
1973-08-03,1.13
1973-08-06,1.14
1973-08-07,1.14
1973-08-08,1.13
1973-08-09,1.13
1973-08-10,1.13
1973-08-13,1.11
1973-08-14,1.11
1973-08-15,1.12
1973-08-16,1.11
1973-08-17,1.1
1973-08-20,1.1
1973-08-21,1.1
1973-08-22,1.1
1973-08-23,1.12
1973-08-24,1.1
1973-08-27,1.12
1973-08-28,1.14
1973-08-29,1.13
1973-08-30,1.12
1973-08-31,1.11
1973-09-04,1.11
1973-09-05,1.12
1973-09-06,1.13
1973-09-07,1.14
1973-09-10,1.11
1973-09-11,1.12
1973-09-12,1.13
1973-09-13,1.13
1973-09-14,1.13
1973-09-17,1.12
1973-09-18,1.12
1973-09-19,1.12
1973-09-20,1.13
1973-09-21,1.15
1973-09-24,1.15
1973-09-25,1.16
1973-09-26,1.15
1973-09-27,1.15
1973-09-28,1.15
1973-10-01,1.15
1973-10-02,1.15
1973-10-03,1.12
1973-10-04,1.1
1973-10-05,1.11
1973-10-08,1.11
1973-10-09,1.11
1973-10-10,1.13
1973-10-11,1.13
1973-10-12,1.14
1973-10-15,1.13
1973-10-16,1.13
1973-10-17,1.13
1973-10-18,1.13
1973-10-19,1.14
1973-10-22,1.12
1973-10-23,1.13
1973-10-24,1.13
1973-10-25,1.13
1973-10-26,1.14
1973-10-29,1.14
1973-10-30,1.14
1973-10-31,1.13
1973-11-01,1.13
1973-11-02,1.14
1973-11-05,1.14
1973-11-06,1.12
1973-11-07,1.14
1973-11-08,1.14
1973-11-09,1.13
1973-11-12,1.12
1973-11-13,1.12
1973-11-14,1.11
1973-11-15,1.11
1973-11-16,1.12
1973-11-19,1.05
1973-11-20,1.05
1973-11-21,1.06
1973-11-23,1.05
1973-11-26,1.03
1973-11-27,1.03
1973-11-28,1.03
1973-11-29,1.03
1973-11-30,1.03
1973-12-03,1.0
1973-12-04,0.99
1973-12-05,0.99
1973-12-06,0.98
1973-12-07,0.99
1973-12-10,1.02
1973-12-11,0.98
1973-12-12,0.97
1973-12-13,0.97
1973-12-14,0.96
1973-12-17,0.95
1973-12-18,0.96
1973-12-19,0.95
1973-12-20,0.94
1973-12-21,0.93
1973-12-24,0.92
1973-12-26,0.95
1973-12-27,0.99
1973-12-28,0.99
1973-12-31,1.0
1974-01-02,0.99
1974-01-03,1.01
1974-01-04,0.98
1974-01-07,0.97
1974-01-08,0.94
1974-01-09,0.91
1974-01-10,0.89
1974-01-11,0.91
1974-01-14,0.93
1974-01-15,0.95
1974-01-16,0.95
1974-01-17,0.99
1974-01-18,0.97
1974-01-21,0.95
1974-01-22,0.95
1974-01-23,0.96
1974-01-24,0.96
1974-01-25,0.95
1974-01-28,0.96
1974-01-29,0.95
1974-01-30,0.95
1974-01-31,0.93
1974-02-01,0.93
1974-02-04,0.92
1974-02-05,0.91
1974-02-06,0.91
1974-02-07,0.91
1974-02-08,0.9
1974-02-11,0.87
1974-02-12,0.87
1974-02-13,0.88
1974-02-14,0.87
1974-02-15,0.87
1974-02-19,0.87
1974-02-20,0.89
1974-02-21,0.9
1974-02-22,0.9
1974-02-25,0.89
1974-02-26,0.9
1974-02-27,0.91
1974-02-28,0.91
1974-03-01,0.91
1974-03-04,0.9
1974-03-05,0.91
1974-03-06,0.91
1974-03-07,0.9
1974-03-08,0.91
1974-03-11,0.94
1974-03-12,0.95
1974-03-13,0.95
1974-03-14,0.94
1974-03-15,0.92
1974-03-18,0.9
1974-03-19,0.91
1974-03-20,0.92
1974-03-21,0.93
1974-03-22,0.93
1974-03-25,0.94
1974-03-26,0.93
1974-03-27,0.91
1974-03-28,0.89
1974-03-29,0.88
1974-04-01,0.87
1974-04-02,0.87
1974-04-03,0.88
1974-04-04,0.88
1974-04-05,0.86
1974-04-08,0.85
1974-04-09,0.87
1974-04-10,0.86
1974-04-11,0.87
1974-04-15,0.87
1974-04-16,0.9
1974-04-17,0.9
1974-04-18,0.89
1974-04-19,0.88
1974-04-22,0.88
1974-04-23,0.86
1974-04-24,0.85
1974-04-25,0.84
1974-04-26,0.83
1974-04-29,0.84
1974-04-30,0.84
1974-05-01,0.83
1974-05-02,0.8
1974-05-03,0.79
1974-05-06,0.79
1974-05-07,0.8
1974-05-08,0.83
1974-05-09,0.86
1974-05-10,0.86
1974-05-13,0.86
1974-05-14,0.85
1974-05-15,0.86
1974-05-16,0.84
1974-05-17,0.81
1974-05-20,0.81
1974-05-21,0.82
1974-05-22,0.8
1974-05-23,0.82
1974-05-24,0.83
1974-05-28,0.82
1974-05-29,0.82
1974-05-30,0.84
1974-05-31,0.85
1974-06-03,0.87
1974-06-04,0.88
1974-06-05,0.87
1974-06-06,0.91
1974-06-07,0.91
1974-06-10,0.94
1974-06-11,0.93
1974-06-12,0.93
1974-06-13,0.94
1974-06-14,0.94
1974-06-17,0.93
1974-06-18,0.93
1974-06-19,0.91
1974-06-20,0.9
1974-06-21,0.88
1974-06-24,0.88
1974-06-25,0.9
1974-06-26,0.87
1974-06-27,0.87
1974-06-28,0.86
1974-07-01,0.86
1974-07-02,0.82
1974-07-03,0.81
1974-07-05,0.81
1974-07-08,0.8
1974-07-09,0.8
1974-07-10,0.8
1974-07-11,0.79
1974-07-12,0.81
1974-07-15,0.83
1974-07-16,0.79
1974-07-17,0.8
1974-07-18,0.77
1974-07-19,0.78
1974-07-22,0.77
1974-07-23,0.77
1974-07-24,0.76
1974-07-25,0.75
1974-07-26,0.73
1974-07-29,0.71
1974-07-30,0.71
1974-07-31,0.68
1974-08-01,0.67
1974-08-02,0.66
1974-08-05,0.66
1974-08-06,0.67
1974-08-07,0.71
1974-08-08,0.69
1974-08-09,0.67
1974-08-12,0.64
1974-08-13,0.62
1974-08-14,0.63
1974-08-15,0.63
1974-08-16,0.63
1974-08-19,0.63
1974-08-20,0.62
1974-08-21,0.61
1974-08-22,0.59
1974-08-23,0.58
1974-08-26,0.6
1974-08-27,0.58
1974-08-28,0.57
1974-08-29,0.57
1974-08-30,0.58
1974-09-03,0.58
1974-09-04,0.55
1974-09-05,0.59
1974-09-06,0.58
1974-09-09,0.55
1974-09-10,0.55
1974-09-11,0.54
1974-09-12,0.51
1974-09-13,0.52
1974-09-16,0.54
1974-09-17,0.54
1974-09-18,0.54
1974-09-19,0.57
1974-09-20,0.56
1974-09-23,0.51
1974-09-24,0.48
1974-09-25,0.47
1974-09-26,0.45
1974-09-27,0.4
1974-09-30,0.41
1974-10-01,0.42
1974-10-02,0.4
1974-10-03,0.38
1974-10-04,0.37
1974-10-07,0.39
1974-10-08,0.4
1974-10-09,0.43
1974-10-10,0.46
1974-10-11,0.47
1974-10-14,0.49
1974-10-15,0.5
1974-10-16,0.48
1974-10-17,0.47
1974-10-18,0.47
1974-10-21,0.48
1974-10-22,0.47
1974-10-23,0.46
1974-10-24,0.46
1974-10-25,0.47
1974-10-28,0.47
1974-10-29,0.5
1974-10-30,0.53
1974-10-31,0.51
1974-11-01,0.51
1974-11-04,0.51
1974-11-05,0.53
1974-11-06,0.53
1974-11-07,0.52
1974-11-08,0.49
1974-11-11,0.48
1974-11-12,0.46
1974-11-13,0.47
1974-11-14,0.46
1974-11-15,0.44
1974-11-18,0.39
1974-11-19,0.4
1974-11-20,0.4
1974-11-21,0.4
1974-11-22,0.41
1974-11-25,0.42
1974-11-26,0.43
1974-11-27,0.44
1974-11-29,0.44
1974-12-02,0.42
1974-12-03,0.41
1974-12-04,0.41
1974-12-05,0.4
1974-12-06,0.38
1974-12-09,0.4
1974-12-10,0.42
1974-12-11,0.4
1974-12-12,0.4
1974-12-13,0.4
1974-12-16,0.39
1974-12-17,0.41
1974-12-18,0.4
1974-12-19,0.41
1974-12-20,0.4
1974-12-23,0.41
1974-12-24,0.41
1974-12-26,0.42
1974-12-27,0.42
1974-12-30,0.42
1974-12-31,0.43
1975-01-02,0.45
1975-01-03,0.46
1975-01-06,0.47
1975-01-07,0.46
1975-01-08,0.44
1975-01-09,0.47
1975-01-10,0.48
1975-01-13,0.47
1975-01-14,0.47
1975-01-15,0.48
1975-01-16,0.48
1975-01-17,0.47
1975-01-20,0.48
1975-01-21,0.46
1975-01-22,0.48
1975-01-23,0.5
1975-01-24,0.5
1975-01-27,0.54
1975-01-28,0.53
1975-01-29,0.54
1975-01-30,0.54
1975-01-31,0.54
1975-02-03,0.57
1975-02-04,0.55
1975-02-05,0.59
1975-02-06,0.6
1975-02-07,0.59
1975-02-10,0.57
1975-02-11,0.58
1975-02-12,0.62
1975-02-13,0.63
1975-02-14,0.62
1975-02-18,0.61
1975-02-19,0.61
1975-02-20,0.6
1975-02-21,0.6
1975-02-24,0.58
1975-02-25,0.57
1975-02-26,0.57
1975-02-27,0.58
1975-02-28,0.57
1975-03-03,0.58
1975-03-04,0.59
1975-03-05,0.6
1975-03-06,0.64
1975-03-07,0.63
1975-03-10,0.64
1975-03-11,0.64
1975-03-12,0.63
1975-03-13,0.64
1975-03-14,0.64
1975-03-17,0.66
1975-03-18,0.65
1975-03-19,0.65
1975-03-20,0.65
1975-03-21,0.65
1975-03-24,0.63
1975-03-25,0.63
1975-03-26,0.65
1975-03-27,0.65
1975-03-31,0.65
1975-04-01,0.62
1975-04-02,0.63
1975-04-03,0.62
1975-04-04,0.61
1975-04-07,0.6
1975-04-08,0.61
1975-04-09,0.62
1975-04-10,0.62
1975-04-11,0.62
1975-04-14,0.64
1975-04-15,0.66
1975-04-16,0.66
1975-04-17,0.65
1975-04-18,0.64
1975-04-21,0.65
1975-04-22,0.66
1975-04-23,0.66
1975-04-24,0.65
1975-04-25,0.65
1975-04-28,0.64
1975-04-29,0.64
1975-04-30,0.66
1975-05-01,0.69
1975-05-02,0.7
1975-05-05,0.75
1975-05-06,0.69
1975-05-07,0.71
1975-05-08,0.72
1975-05-09,0.73
1975-05-12,0.73
1975-05-13,0.75
1975-05-14,0.75
1975-05-15,0.73
1975-05-16,0.74
1975-05-19,0.75
1975-05-20,0.75
1975-05-21,0.73
1975-05-22,0.73
1975-05-23,0.74
1975-05-27,0.74
1975-05-28,0.72
1975-05-29,0.7
1975-05-30,0.74
1975-06-02,0.75
1975-06-03,0.77
1975-06-04,0.76
1975-06-05,0.76
1975-06-06,0.77
1975-06-09,0.75
1975-06-10,0.74
1975-06-11,0.74
1975-06-12,0.72
1975-06-13,0.73
1975-06-16,0.74
1975-06-17,0.73
1975-06-18,0.72
1975-06-19,0.72
1975-06-20,0.73
1975-06-23,0.75
1975-06-24,0.75
1975-06-25,0.76
1975-06-26,0.74
1975-06-27,0.74
1975-06-30,0.75
1975-07-01,0.74
1975-07-02,0.74
1975-07-03,0.75
1975-07-07,0.74
1975-07-08,0.74
1975-07-09,0.75
1975-07-10,0.75
1975-07-11,0.75
1975-07-14,0.75
1975-07-15,0.74
1975-07-16,0.71
1975-07-17,0.71
1975-07-18,0.69
1975-07-21,0.69
1975-07-22,0.7
1975-07-23,0.7
1975-07-24,0.69
1975-07-25,0.67
1975-07-28,0.67
1975-07-29,0.66
1975-07-30,0.67
1975-07-31,0.66
1975-08-01,0.64
1975-08-04,0.63
1975-08-05,0.62
1975-08-06,0.65
1975-08-07,0.65
1975-08-08,0.64
1975-08-11,0.65
1975-08-12,0.65
1975-08-13,0.63
1975-08-14,0.63
1975-08-15,0.64
1975-08-18,0.63
1975-08-19,0.62
1975-08-20,0.62
1975-08-21,0.61
1975-08-22,0.62
1975-08-25,0.62
1975-08-26,0.61
1975-08-27,0.61
1975-08-28,0.63
1975-08-29,0.64
1975-09-02,0.62
1975-09-03,0.62
1975-09-04,0.6
1975-09-05,0.6
1975-09-08,0.6
1975-09-09,0.59
1975-09-10,0.59
1975-09-11,0.59
1975-09-12,0.59
1975-09-15,0.58
1975-09-16,0.58
1975-09-17,0.58
1975-09-18,0.6
1975-09-19,0.62
1975-09-22,0.63
1975-09-23,0.61
1975-09-24,0.61
1975-09-25,0.61
1975-09-26,0.61
1975-09-29,0.61
1975-09-30,0.59
1975-10-01,0.58
1975-10-02,0.6
1975-10-03,0.63
1975-10-06,0.64
1975-10-07,0.64
1975-10-08,0.65
1975-10-09,0.66
1975-10-10,0.65
1975-10-13,0.66
1975-10-14,0.65
1975-10-15,0.65
1975-10-16,0.66
1975-10-17,0.67
1975-10-20,0.69
1975-10-21,0.69
1975-10-22,0.69
1975-10-23,0.71
1975-10-24,0.69
1975-10-27,0.69
1975-10-28,0.69
1975-10-29,0.67
1975-10-30,0.67
1975-10-31,0.68
1975-11-03,0.67
1975-11-04,0.68
1975-11-05,0.69
1975-11-06,0.7
1975-11-07,0.71
1975-11-10,0.71
1975-11-11,0.72
1975-11-12,0.74
1975-11-13,0.74
1975-11-14,0.73
1975-11-17,0.73
1975-11-18,0.73
1975-11-19,0.73
1975-11-20,0.72
1975-11-21,0.72
1975-11-24,0.72
1975-11-25,0.73
1975-11-26,0.73
1975-11-28,0.73
1975-12-01,0.74
1975-12-02,0.73
1975-12-03,0.7
1975-12-04,0.69
1975-12-05,0.68
1975-12-08,0.69
1975-12-09,0.7
1975-12-10,0.71
1975-12-11,0.7
1975-12-12,0.71
1975-12-15,0.71
1975-12-16,0.71
1975-12-17,0.71
1975-12-18,0.7
1975-12-19,0.68
1975-12-22,0.68
1975-12-23,0.69
1975-12-24,0.7
1975-12-26,0.7
1975-12-29,0.69
1975-12-30,0.69
1975-12-31,0.69
1976-01-02,0.7
1976-01-05,0.72
1976-01-06,0.72
1976-01-07,0.72
1976-01-08,0.73
1976-01-09,0.74
1976-01-12,0.75
1976-01-13,0.75
1976-01-14,0.75
1976-01-15,0.74
1976-01-16,0.76
1976-01-19,0.76
1976-01-20,0.75
1976-01-21,0.75
1976-01-22,0.76
1976-01-23,0.78
1976-01-26,0.78
1976-01-27,0.76
1976-01-28,0.76
1976-01-29,0.78
1976-01-30,0.78
1976-02-02,0.77
1976-02-03,0.77
1976-02-04,0.77
1976-02-05,0.75
1976-02-06,0.75
1976-02-09,0.75
1976-02-10,0.76
1976-02-11,0.75
1976-02-12,0.73
1976-02-13,0.73
1976-02-17,0.72
1976-02-18,0.72
1976-02-19,0.74
1976-02-20,0.75
1976-02-23,0.75
1976-02-24,0.75
1976-02-25,0.73
1976-02-26,0.71
1976-02-27,0.71
1976-03-01,0.73
1976-03-02,0.73
1976-03-03,0.73
1976-03-04,0.71
1976-03-05,0.71
1976-03-08,0.74
1976-03-09,0.72
1976-03-10,0.73
1976-03-11,0.73
1976-03-12,0.73
1976-03-15,0.72
1976-03-16,0.73
1976-03-17,0.73
1976-03-18,0.73
1976-03-19,0.72
1976-03-22,0.73
1976-03-23,0.73
1976-03-24,0.74
1976-03-25,0.73
1976-03-26,0.74
1976-03-29,0.74
1976-03-30,0.73
1976-03-31,0.74
1976-04-01,0.74
1976-04-02,0.74
1976-04-05,0.73
1976-04-06,0.73
1976-04-07,0.72
1976-04-08,0.71
1976-04-09,0.71
1976-04-12,0.71
1976-04-13,0.72
1976-04-14,0.71
1976-04-15,0.71
1976-04-19,0.71
1976-04-20,0.72
1976-04-21,0.74
1976-04-22,0.74
1976-04-23,0.72
1976-04-26,0.72
1976-04-27,0.71
1976-04-28,0.71
1976-04-29,0.7
1976-04-30,0.7
1976-05-03,0.69
1976-05-04,0.69
1976-05-05,0.7
1976-05-06,0.7
1976-05-07,0.72
1976-05-10,0.71
1976-05-11,0.71
1976-05-12,0.7
1976-05-13,0.7
1976-05-14,0.69
1976-05-17,0.69
1976-05-18,0.69
1976-05-19,0.7
1976-05-20,0.69
1976-05-21,0.68
1976-05-24,0.67
1976-05-25,0.68
1976-05-26,0.68
1976-05-27,0.68
1976-05-28,0.69
1976-06-01,0.68
1976-06-02,0.67
1976-06-03,0.67
1976-06-04,0.66
1976-06-07,0.66
1976-06-08,0.67
1976-06-09,0.67
1976-06-10,0.68
1976-06-11,0.69
1976-06-14,0.69
1976-06-15,0.69
1976-06-16,0.69
1976-06-17,0.7
1976-06-18,0.7
1976-06-21,0.69
1976-06-22,0.69
1976-06-23,0.68
1976-06-24,0.69
1976-06-25,0.69
1976-06-28,0.69
1976-06-29,0.71
1976-06-30,0.72
1976-07-01,0.71
1976-07-02,0.71
1976-07-06,0.71
1976-07-07,0.71
1976-07-08,0.71
1976-07-09,0.73
1976-07-12,0.75
1976-07-13,0.74
1976-07-14,0.74
1976-07-15,0.74
1976-07-16,0.74
1976-07-19,0.73
1976-07-20,0.72
1976-07-21,0.72
1976-07-22,0.72
1976-07-23,0.73
1976-07-26,0.74
1976-07-27,0.74
1976-07-28,0.74
1976-07-29,0.74
1976-07-30,0.74
1976-08-02,0.74
1976-08-03,0.75
1976-08-04,0.75
1976-08-05,0.74
1976-08-06,0.74
1976-08-09,0.73
1976-08-10,0.74
1976-08-11,0.74
1976-08-12,0.74
1976-08-13,0.75
1976-08-16,0.75
1976-08-17,0.75
1976-08-18,0.75
1976-08-19,0.75
1976-08-20,0.74
1976-08-23,0.73
1976-08-24,0.72
1976-08-25,0.73
1976-08-26,0.72
1976-08-27,0.72
1976-08-30,0.72
1976-08-31,0.73
1976-09-01,0.74
1976-09-02,0.74
1976-09-03,0.74
1976-09-07,0.75
1976-09-08,0.75
1976-09-09,0.74
1976-09-10,0.74
1976-09-13,0.74
1976-09-14,0.73
1976-09-15,0.73
1976-09-16,0.74
1976-09-17,0.76
1976-09-20,0.75
1976-09-21,0.75
1976-09-22,0.76
1976-09-23,0.75
1976-09-24,0.74
1976-09-27,0.75
1976-09-28,0.74
1976-09-29,0.73
1976-09-30,0.74
1976-10-01,0.73
1976-10-04,0.72
1976-10-05,0.73
1976-10-06,0.73
1976-10-07,0.73
1976-10-08,0.73
1976-10-11,0.73
1976-10-12,0.72
1976-10-13,0.72
1976-10-14,0.69
1976-10-15,0.69
1976-10-18,0.7
1976-10-19,0.7
1976-10-20,0.7
1976-10-21,0.69
1976-10-22,0.69
1976-10-25,0.69
1976-10-26,0.69
1976-10-27,0.7
1976-10-28,0.7
1976-10-29,0.71
1976-11-01,0.71
1976-11-03,0.7
1976-11-04,0.69
1976-11-05,0.67
1976-11-08,0.66
1976-11-09,0.66
1976-11-10,0.66
1976-11-11,0.67
1976-11-12,0.66
1976-11-15,0.67
1976-11-16,0.67
1976-11-17,0.68
1976-11-18,0.68
1976-11-19,0.68
1976-11-22,0.69
1976-11-23,0.68
1976-11-24,0.7
1976-11-26,0.7
1976-11-29,0.69
1976-11-30,0.68
1976-12-01,0.68
1976-12-02,0.68
1976-12-03,0.68
1976-12-06,0.67
1976-12-07,0.66
1976-12-08,0.67
1976-12-09,0.67
1976-12-10,0.66
1976-12-13,0.66
1976-12-14,0.67
1976-12-15,0.65
1976-12-16,0.65
1976-12-17,0.65
1976-12-20,0.64
1976-12-21,0.65
1976-12-22,0.67
1976-12-23,0.67
1976-12-27,0.68
1976-12-28,0.69
1976-12-29,0.68
1976-12-30,0.68
1976-12-31,0.68
1977-01-03,0.68
1977-01-04,0.67
1977-01-05,0.66
1977-01-06,0.67
1977-01-07,0.67
1977-01-10,0.66
1977-01-11,0.66
1977-01-12,0.65
1977-01-13,0.66
1977-01-14,0.65
1977-01-17,0.65
1977-01-18,0.65
1977-01-19,0.65
1977-01-20,0.65
1977-01-21,0.66
1977-01-24,0.65
1977-01-25,0.65
1977-01-26,0.65
1977-01-27,0.65
1977-01-28,0.64
1977-01-31,0.65
1977-02-01,0.64
1977-02-02,0.65
1977-02-03,0.64
1977-02-04,0.64
1977-02-07,0.66
1977-02-08,0.65
1977-02-09,0.65
1977-02-10,0.65
1977-02-11,0.65
1977-02-14,0.66
1977-02-15,0.66
1977-02-16,0.67
1977-02-17,0.67
1977-02-18,0.67
1977-02-22,0.67
1977-02-23,0.66
1977-02-24,0.66
1977-02-25,0.66
1977-02-28,0.66
1977-03-01,0.68
1977-03-02,0.69
1977-03-03,0.69
1977-03-04,0.66
1977-03-07,0.66
1977-03-08,0.66
1977-03-09,0.63
1977-03-10,0.66
1977-03-11,0.67
1977-03-14,0.68
1977-03-15,0.68
1977-03-16,0.68
1977-03-17,0.68
1977-03-18,0.68
1977-03-21,0.68
1977-03-22,0.68
1977-03-23,0.68
1977-03-24,0.68
1977-03-25,0.68
1977-03-28,0.68
1977-03-29,0.68
1977-03-30,0.67
1977-03-31,0.67
1977-04-01,0.68
1977-04-04,0.67
1977-04-05,0.67
1977-04-06,0.66
1977-04-07,0.66
1977-04-11,0.67
1977-04-12,0.68
1977-04-13,0.69
1977-04-14,0.69
1977-04-15,0.69
1977-04-18,0.69
1977-04-19,0.69
1977-04-20,0.68
1977-04-21,0.68
1977-04-22,0.66
1977-04-25,0.64
1977-04-26,0.64
1977-04-27,0.64
1977-04-28,0.65
1977-04-29,0.65
1977-05-02,0.65
1977-05-03,0.66
1977-05-04,0.66
1977-05-05,0.66
1977-05-06,0.65
1977-05-09,0.64
1977-05-10,0.65
1977-05-11,0.64
1977-05-12,0.64
1977-05-13,0.64
1977-05-16,0.64
1977-05-17,0.66
1977-05-18,0.65
1977-05-19,0.64
1977-05-20,0.66
1977-05-23,0.65
1977-05-24,0.65
1977-05-25,0.64
1977-05-26,0.63
1977-05-27,0.63
1977-05-31,0.63
1977-06-01,0.65
1977-06-02,0.64
1977-06-03,0.65
1977-06-06,0.66
1977-06-07,0.65
1977-06-08,0.66
1977-06-09,0.66
1977-06-10,0.66
1977-06-13,0.65
1977-06-14,0.65
1977-06-15,0.65
1977-06-16,0.65
1977-06-17,0.66
1977-06-20,0.65
1977-06-21,0.66
1977-06-22,0.66
1977-06-23,0.66
1977-06-24,0.67
1977-06-27,0.67
1977-06-28,0.67
1977-06-29,0.66
1977-06-30,0.66
1977-07-01,0.65
1977-07-05,0.66
1977-07-06,0.66
1977-07-07,0.67
1977-07-08,0.67
1977-07-11,0.67
1977-07-12,0.67
1977-07-13,0.68
1977-07-15,0.7
1977-07-18,0.7
1977-07-19,0.72
1977-07-20,0.71
1977-07-21,0.7
1977-07-22,0.71
1977-07-25,0.7
1977-07-26,0.7
1977-07-27,0.7
1977-07-28,0.69
1977-07-29,0.69
1977-08-01,0.69
1977-08-02,0.69
1977-08-03,0.69
1977-08-04,0.69
1977-08-05,0.68
1977-08-08,0.68
1977-08-09,0.68
1977-08-10,0.68
1977-08-11,0.68
1977-08-12,0.68
1977-08-15,0.69
1977-08-16,0.69
1977-08-17,0.69
1977-08-18,0.7
1977-08-19,0.7
1977-08-22,0.71
1977-08-23,0.71
1977-08-24,0.7
1977-08-25,0.69
1977-08-26,0.69
1977-08-29,0.7
1977-08-30,0.7
1977-08-31,0.7
1977-09-01,0.7
1977-09-02,0.7
1977-09-06,0.7
1977-09-07,0.71
1977-09-08,0.69
1977-09-09,0.7
1977-09-12,0.7
1977-09-13,0.71
1977-09-14,0.72
1977-09-15,0.72
1977-09-16,0.72
1977-09-19,0.71
1977-09-20,0.7
1977-09-21,0.7
1977-09-22,0.7
1977-09-23,0.7
1977-09-26,0.71
1977-09-27,0.71
1977-09-28,0.71
1977-09-29,0.71
1977-09-30,0.71
1977-10-03,0.72
1977-10-04,0.7
1977-10-05,0.7
1977-10-06,0.71
1977-10-07,0.71
1977-10-10,0.71
1977-10-11,0.71
1977-10-12,0.68
1977-10-13,0.68
1977-10-14,0.68
1977-10-17,0.69
1977-10-18,0.68
1977-10-19,0.67
1977-10-20,0.67
1977-10-21,0.67
1977-10-24,0.67
1977-10-25,0.66
1977-10-26,0.68
1977-10-27,0.69
1977-10-28,0.68
1977-10-31,0.67
1977-11-01,0.66
1977-11-02,0.64
1977-11-03,0.64
1977-11-04,0.65
1977-11-07,0.66
1977-11-08,0.67
1977-11-09,0.68
1977-11-10,0.7
1977-11-11,0.7
1977-11-14,0.7
1977-11-15,0.69
1977-11-16,0.69
1977-11-17,0.68
1977-11-18,0.69
1977-11-21,0.69
1977-11-22,0.69
1977-11-23,0.69
1977-11-25,0.7
1977-11-28,0.69
1977-11-29,0.68
1977-11-30,0.68
1977-12-01,0.68
1977-12-02,0.67
1977-12-05,0.67
1977-12-06,0.66
1977-12-07,0.66
1977-12-08,0.66
1977-12-09,0.67
1977-12-12,0.67
1977-12-13,0.67
1977-12-14,0.67
1977-12-15,0.66
1977-12-16,0.67
1977-12-19,0.66
1977-12-20,0.66
1977-12-21,0.66
1977-12-22,0.66
1977-12-23,0.66
1977-12-27,0.66
1977-12-28,0.66
1977-12-29,0.67
1977-12-30,0.67
1978-01-03,0.66
1978-01-04,0.66
1978-01-05,0.66
1978-01-06,0.66
1978-01-09,0.65
1978-01-10,0.65
1978-01-11,0.64
1978-01-12,0.64
1978-01-13,0.64
1978-01-16,0.65
1978-01-17,0.65
1978-01-18,0.66
1978-01-19,0.66
1978-01-20,0.66
1978-01-23,0.65
1978-01-24,0.64
1978-01-25,0.64
1978-01-26,0.63
1978-01-27,0.64
1978-01-30,0.65
1978-01-31,0.64
1978-02-01,0.65
1978-02-02,0.66
1978-02-03,0.66
1978-02-06,0.66
1978-02-07,0.67
1978-02-08,0.67
1978-02-09,0.66
1978-02-10,0.66
1978-02-13,0.66
1978-02-14,0.66
1978-02-15,0.66
1978-02-16,0.65
1978-02-17,0.65
1978-02-21,0.64
1978-02-22,0.65
1978-02-23,0.65
1978-02-24,0.65
1978-02-27,0.65
1978-02-28,0.65
1978-03-01,0.66
1978-03-02,0.66
1978-03-03,0.67
1978-03-06,0.66
1978-03-07,0.66
1978-03-08,0.67
1978-03-09,0.67
1978-03-10,0.68
1978-03-13,0.68
1978-03-14,0.69
1978-03-15,0.69
1978-03-16,0.7
1978-03-17,0.71
1978-03-20,0.72
1978-03-21,0.69
1978-03-22,0.69
1978-03-23,0.69
1978-03-27,0.69
1978-03-28,0.69
1978-03-29,0.69
1978-03-30,0.69
1978-03-31,0.69
1978-04-03,0.69
1978-04-04,0.69
1978-04-05,0.7
1978-04-06,0.7
1978-04-07,0.71
1978-04-10,0.71
1978-04-11,0.71
1978-04-12,0.72
1978-04-13,0.72
1978-04-14,0.74
1978-04-17,0.75
1978-04-18,0.74
1978-04-19,0.74
1978-04-20,0.75
1978-04-21,0.73
1978-04-24,0.75
1978-04-25,0.77
1978-04-26,0.77
1978-04-27,0.77
1978-04-28,0.77
1978-05-01,0.77
1978-05-02,0.76
1978-05-03,0.74
1978-05-04,0.76
1978-05-05,0.76
1978-05-08,0.75
1978-05-09,0.74
1978-05-10,0.74
1978-05-11,0.77
1978-05-12,0.77
1978-05-15,0.77
1978-05-16,0.8
1978-05-17,0.8
1978-05-18,0.8
1978-05-19,0.8
1978-05-22,0.8
1978-05-23,0.8
1978-05-24,0.79
1978-05-25,0.79
1978-05-26,0.78
1978-05-30,0.78
1978-05-31,0.78
1978-06-01,0.78
1978-06-02,0.8
1978-06-05,0.81
1978-06-06,0.81
1978-06-07,0.8
1978-06-08,0.8
1978-06-09,0.8
1978-06-12,0.78
1978-06-13,0.78
1978-06-14,0.78
1978-06-15,0.77
1978-06-16,0.76
1978-06-19,0.77
1978-06-20,0.76
1978-06-21,0.76
1978-06-22,0.77
1978-06-23,0.76
1978-06-26,0.75
1978-06-27,0.76
1978-06-28,0.77
1978-06-29,0.76
1978-06-30,0.77
1978-07-03,0.76
1978-07-05,0.76
1978-07-06,0.76
1978-07-07,0.76
1978-07-10,0.77
1978-07-11,0.77
1978-07-12,0.77
1978-07-13,0.77
1978-07-14,0.77
1978-07-17,0.77
1978-07-18,0.75
1978-07-19,0.77
1978-07-20,0.75
1978-07-21,0.75
1978-07-24,0.76
1978-07-25,0.75
1978-07-26,0.76
1978-07-27,0.75
1978-07-28,0.76
1978-07-31,0.78
1978-08-01,0.79
1978-08-02,0.81
1978-08-03,0.82
1978-08-04,0.84
1978-08-07,0.84
1978-08-08,0.85
1978-08-09,0.85
1978-08-10,0.84
1978-08-11,0.84
1978-08-14,0.83
1978-08-15,0.82
1978-08-16,0.83
1978-08-17,0.83
1978-08-18,0.83
1978-08-21,0.82
1978-08-22,0.84
1978-08-23,0.84
1978-08-24,0.84
1978-08-25,0.85
1978-08-28,0.84
1978-08-29,0.84
1978-08-30,0.83
1978-08-31,0.83
1978-09-01,0.83
1978-09-05,0.82
1978-09-06,0.85
1978-09-07,0.85
1978-09-08,0.86
1978-09-11,0.86
1978-09-12,0.87
1978-09-13,0.86
1978-09-14,0.84
1978-09-15,0.82
1978-09-18,0.8
1978-09-19,0.79
1978-09-20,0.8
1978-09-21,0.82
1978-09-22,0.81
1978-09-25,0.82
1978-09-26,0.82
1978-09-27,0.81
1978-09-28,0.82
1978-09-29,0.82
1978-10-02,0.83
1978-10-03,0.82
1978-10-04,0.82
1978-10-05,0.83
1978-10-06,0.83
1978-10-09,0.83
1978-10-10,0.84
1978-10-11,0.85
1978-10-12,0.84
1978-10-13,0.83
1978-10-16,0.82
1978-10-17,0.8
1978-10-18,0.79
1978-10-19,0.79
1978-10-20,0.78
1978-10-23,0.77
1978-10-24,0.77
1978-10-25,0.78
1978-10-26,0.78
1978-10-27,0.77
1978-10-30,0.77
1978-10-31,0.76
1978-11-01,0.81
1978-11-02,0.8
1978-11-03,0.8
1978-11-06,0.79
1978-11-07,0.78
1978-11-08,0.78
1978-11-09,0.77
1978-11-10,0.77
1978-11-13,0.76
1978-11-14,0.75
1978-11-15,0.75
1978-11-16,0.77
1978-11-17,0.77
1978-11-20,0.78
1978-11-21,0.76
1978-11-22,0.76
1978-11-24,0.77
1978-11-27,0.77
1978-11-28,0.77
1978-11-29,0.77
1978-11-30,0.77
1978-12-01,0.79
1978-12-04,0.79
1978-12-05,0.81
1978-12-06,0.81
1978-12-07,0.81
1978-12-08,0.81
1978-12-11,0.82
1978-12-12,0.82
1978-12-13,0.82
1978-12-14,0.82
1978-12-15,0.82
1978-12-18,0.8
1978-12-19,0.81
1978-12-20,0.82
1978-12-21,0.82
1978-12-22,0.82
1978-12-26,0.83
1978-12-27,0.83
1978-12-28,0.81
1978-12-29,0.82
1979-01-02,0.82
1979-01-03,0.84
1979-01-04,0.85
1979-01-05,0.86
1979-01-08,0.85
1979-01-09,0.86
1979-01-10,0.85
1979-01-11,0.85
1979-01-12,0.85
1979-01-15,0.86
1979-01-16,0.85
1979-01-17,0.85
1979-01-18,0.84
1979-01-19,0.84
1979-01-22,0.84
1979-01-23,0.84
1979-01-24,0.84
1979-01-25,0.84
1979-01-26,0.84
1979-01-29,0.83
1979-01-30,0.82
1979-01-31,0.82
1979-02-01,0.82
1979-02-02,0.82
1979-02-05,0.81
1979-02-06,0.81
1979-02-07,0.79
1979-02-08,0.79
1979-02-09,0.79
1979-02-12,0.79
1979-02-13,0.8
1979-02-14,0.81
1979-02-15,0.81
1979-02-16,0.81
1979-02-20,0.81
1979-02-21,0.8
1979-02-22,0.8
1979-02-23,0.8
1979-02-26,0.79
1979-02-27,0.78
1979-02-28,0.79
1979-03-01,0.79
1979-03-02,0.79
1979-03-05,0.79
1979-03-06,0.78
1979-03-07,0.78
1979-03-08,0.79
1979-03-09,0.8
1979-03-12,0.8
1979-03-13,0.79
1979-03-14,0.79
1979-03-15,0.78
1979-03-16,0.78
1979-03-19,0.77
1979-03-20,0.76
1979-03-21,0.77
1979-03-22,0.78
1979-03-23,0.77
1979-03-26,0.78
1979-03-27,0.78
1979-03-28,0.79
1979-03-29,0.78
1979-03-30,0.78
1979-04-02,0.77
1979-04-03,0.79
1979-04-04,0.78
1979-04-05,0.78
1979-04-06,0.78
1979-04-09,0.78
1979-04-10,0.77
1979-04-11,0.76
1979-04-12,0.74
1979-04-16,0.74
1979-04-17,0.74
1979-04-18,0.75
1979-04-19,0.76
1979-04-20,0.76
1979-04-23,0.76
1979-04-24,0.76
1979-04-25,0.77
1979-04-26,0.76
1979-04-27,0.75
1979-04-30,0.76
1979-05-01,0.76
1979-05-02,0.74
1979-05-03,0.74
1979-05-04,0.73
1979-05-07,0.73
1979-05-08,0.73
1979-05-09,0.72
1979-05-10,0.7
1979-05-11,0.7
1979-05-14,0.71
1979-05-15,0.71
1979-05-16,0.71
1979-05-17,0.71
1979-05-18,0.71
1979-05-21,0.71
1979-05-22,0.74
1979-05-23,0.74
1979-05-24,0.73
1979-05-25,0.74
1979-05-29,0.74
1979-05-30,0.73
1979-05-31,0.75
1979-06-01,0.74
1979-06-04,0.74
1979-06-05,0.75
1979-06-06,0.74
1979-06-07,0.74
1979-06-08,0.74
1979-06-11,0.76
1979-06-12,0.78
1979-06-13,0.77
1979-06-14,0.76
1979-06-15,0.75
1979-06-18,0.74
1979-06-19,0.74
1979-06-20,0.74
1979-06-21,0.74
1979-06-22,0.75
1979-06-25,0.74
1979-06-26,0.74
1979-06-27,0.75
1979-06-28,0.75
1979-06-29,0.74
1979-07-02,0.73
1979-07-03,0.73
1979-07-05,0.73
1979-07-06,0.73
1979-07-09,0.73
1979-07-10,0.73
1979-07-11,0.73
1979-07-12,0.72
1979-07-13,0.72
1979-07-16,0.73
1979-07-17,0.72
1979-07-18,0.72
1979-07-19,0.72
1979-07-20,0.72
1979-07-23,0.71
1979-07-24,0.72
1979-07-25,0.73
1979-07-26,0.76
1979-07-27,0.76
1979-07-30,0.76
1979-07-31,0.75
1979-08-01,0.75
1979-08-02,0.75
1979-08-03,0.75
1979-08-06,0.75
1979-08-07,0.77
1979-08-08,0.77
1979-08-09,0.76
1979-08-10,0.77
1979-08-13,0.77
1979-08-14,0.77
1979-08-15,0.77
1979-08-16,0.77
1979-08-17,0.77
1979-08-20,0.78
1979-08-21,0.79
1979-08-22,0.78
1979-08-23,0.78
1979-08-24,0.77
1979-08-27,0.78
1979-08-28,0.77
1979-08-29,0.77
1979-08-30,0.77
1979-08-31,0.77
1979-09-04,0.76
1979-09-05,0.76
1979-09-06,0.75
1979-09-07,0.75
1979-09-10,0.75
1979-09-11,0.75
1979-09-12,0.76
1979-09-13,0.76
1979-09-14,0.76
1979-09-17,0.76
1979-09-18,0.75
1979-09-19,0.74
1979-09-20,0.75
1979-09-21,0.73
1979-09-24,0.72
1979-09-25,0.72
1979-09-26,0.72
1979-09-27,0.72
1979-09-28,0.71
1979-10-01,0.7
1979-10-02,0.71
1979-10-03,0.71
1979-10-04,0.7
1979-10-05,0.71
1979-10-08,0.7
1979-10-09,0.69
1979-10-10,0.68
1979-10-11,0.68
1979-10-12,0.68
1979-10-15,0.68
1979-10-16,0.69
1979-10-17,0.68
1979-10-18,0.68
1979-10-19,0.68
1979-10-22,0.67
1979-10-23,0.67
1979-10-24,0.67
1979-10-25,0.67
1979-10-26,0.68
1979-10-29,0.67
1979-10-30,0.68
1979-10-31,0.67
1979-11-01,0.67
1979-11-02,0.68
1979-11-05,0.67
1979-11-06,0.66
1979-11-07,0.67
1979-11-08,0.65
1979-11-09,0.66
1979-11-12,0.68
1979-11-13,0.66
1979-11-14,0.65
1979-11-15,0.65
1979-11-16,0.64
1979-11-19,0.64
1979-11-20,0.62
1979-11-21,0.63
1979-11-23,0.64
1979-11-26,0.66
1979-11-27,0.66
1979-11-28,0.67
1979-11-29,0.66
1979-11-30,0.66
1979-12-03,0.67
1979-12-04,0.68
1979-12-05,0.67
1979-12-06,0.67
1979-12-07,0.68
1979-12-10,0.69
1979-12-11,0.69
1979-12-12,0.69
1979-12-13,0.68
1979-12-14,0.71
1979-12-17,0.71
1979-12-18,0.71
1979-12-19,0.68
1979-12-20,0.68
1979-12-21,0.68
1979-12-24,0.68
1979-12-26,0.68
1979-12-27,0.69
1979-12-28,0.68
1979-12-31,0.68
1980-01-02,0.67
1980-01-03,0.68
1980-01-04,0.69
1980-01-07,0.69
1980-01-08,0.69
1980-01-09,0.7
1980-01-10,0.7
1980-01-11,0.7
1980-01-14,0.7
1980-01-15,0.69
1980-01-16,0.66
1980-01-17,0.65
1980-01-18,0.65
1980-01-21,0.66
1980-01-22,0.66
1980-01-23,0.66
1980-01-24,0.65
1980-01-25,0.65
1980-01-28,0.67
1980-01-29,0.68
1980-01-30,0.69
1980-01-31,0.69
1980-02-01,0.69
1980-02-04,0.68
1980-02-05,0.68
1980-02-06,0.66
1980-02-07,0.66
1980-02-08,0.68
1980-02-11,0.67
1980-02-12,0.67
1980-02-13,0.67
1980-02-14,0.67
1980-02-15,0.67
1980-02-19,0.66
1980-02-20,0.66
1980-02-21,0.66
1980-02-22,0.66
1980-02-25,0.65
1980-02-26,0.66
1980-02-27,0.65
1980-02-28,0.66
1980-02-29,0.65
1980-03-03,0.63
1980-03-04,0.62
1980-03-05,0.6
1980-03-06,0.59
1980-03-07,0.6
1980-03-10,0.59
1980-03-11,0.6
1980-03-12,0.6
1980-03-13,0.6
1980-03-14,0.6
1980-03-17,0.59
1980-03-18,0.6
1980-03-19,0.6
1980-03-20,0.59
1980-03-21,0.59
1980-03-24,0.58
1980-03-25,0.59
1980-03-26,0.6
1980-03-27,0.59
1980-03-28,0.63
1980-03-31,0.63
1980-04-01,0.63
1980-04-02,0.63
1980-04-03,0.62
1980-04-07,0.61
1980-04-08,0.61
1980-04-09,0.61
1980-04-10,0.62
1980-04-11,0.61
1980-04-14,0.61
1980-04-15,0.62
1980-04-16,0.62
1980-04-17,0.62
1980-04-18,0.61
1980-04-21,0.62
1980-04-22,0.63
1980-04-23,0.65
1980-04-24,0.66
1980-04-25,0.67
1980-04-28,0.66
1980-04-29,0.66
1980-04-30,0.67
1980-05-01,0.65
1980-05-02,0.66
1980-05-05,0.66
1980-05-06,0.67
1980-05-07,0.69
1980-05-08,0.7
1980-05-09,0.69
1980-05-12,0.69
1980-05-13,0.71
1980-05-14,0.72
1980-05-15,0.71
1980-05-16,0.71
1980-05-19,0.71
1980-05-20,0.7
1980-05-21,0.69
1980-05-22,0.68
1980-05-23,0.69
1980-05-27,0.68
1980-05-28,0.67
1980-05-29,0.67
1980-05-30,0.68
1980-06-02,0.67
1980-06-03,0.67
1980-06-04,0.67
1980-06-05,0.68
1980-06-06,0.69
1980-06-09,0.68
1980-06-10,0.69
1980-06-11,0.69
1980-06-12,0.69
1980-06-13,0.68
1980-06-16,0.68
1980-06-17,0.71
1980-06-18,0.7
1980-06-19,0.68
1980-06-20,0.68
1980-06-23,0.68
1980-06-24,0.68
1980-06-25,0.68
1980-06-26,0.69
1980-06-27,0.68
1980-06-30,0.68
1980-07-01,0.67
1980-07-02,0.66
1980-07-03,0.67
1980-07-07,0.67
1980-07-08,0.69
1980-07-09,0.69
1980-07-10,0.69
1980-07-11,0.7
1980-07-14,0.7
1980-07-15,0.7
1980-07-16,0.7
1980-07-17,0.7
1980-07-18,0.72
1980-07-21,0.72
1980-07-22,0.73
1980-07-23,0.71
1980-07-24,0.73
1980-07-25,0.72
1980-07-28,0.74
1980-07-29,0.75
1980-07-30,0.76
1980-07-31,0.76
1980-08-01,0.75
1980-08-04,0.75
1980-08-05,0.75
1980-08-06,0.76
1980-08-07,0.77
1980-08-08,0.78
1980-08-11,0.78
1980-08-12,0.77
1980-08-13,0.75
1980-08-14,0.76
1980-08-15,0.75
1980-08-18,0.73
1980-08-19,0.72
1980-08-20,0.73
1980-08-21,0.75
1980-08-22,0.75
1980-08-25,0.74
1980-08-26,0.74
1980-08-27,0.73
1980-08-28,0.72
1980-08-29,0.73
1980-09-02,0.74
1980-09-03,0.74
1980-09-04,0.74
1980-09-05,0.74
1980-09-08,0.74
1980-09-09,0.74
1980-09-10,0.7
1980-09-11,0.68
1980-09-12,0.69
1980-09-15,0.69
1980-09-16,0.7
1980-09-17,0.71
1980-09-18,0.69
1980-09-19,0.7
1980-09-22,0.71
1980-09-23,0.71
1980-09-24,0.72
1980-09-25,0.69
1980-09-26,0.68
1980-09-29,0.66
1980-09-30,0.67
1980-10-01,0.69
1980-10-02,0.68
1980-10-03,0.69
1980-10-06,0.69
1980-10-07,0.68
1980-10-08,0.67
1980-10-09,0.67
1980-10-10,0.67
1980-10-13,0.67
1980-10-14,0.66
1980-10-15,0.67
1980-10-16,0.66
1980-10-17,0.66
1980-10-20,0.66
1980-10-21,0.65
1980-10-22,0.64
1980-10-23,0.64
1980-10-24,0.65
1980-10-27,0.64
1980-10-28,0.64
1980-10-29,0.64
1980-10-30,0.63
1980-10-31,0.64
1980-11-03,0.64
1980-11-05,0.62
1980-11-06,0.62
1980-11-07,0.64
1980-11-10,0.63
1980-11-11,0.65
1980-11-12,0.66
1980-11-13,0.66
1980-11-14,0.66
1980-11-17,0.65
1980-11-18,0.65
1980-11-19,0.64
1980-11-20,0.65
1980-11-21,0.65
1980-11-24,0.64
1980-11-25,0.65
1980-11-26,0.65
1980-11-28,0.64
1980-12-01,0.64
1980-12-02,0.64
1980-12-03,0.66
1980-12-04,0.66
1980-12-05,0.64
1980-12-08,0.64
1980-12-09,0.64
1980-12-10,0.64
1980-12-11,0.63
1980-12-12,0.64
1980-12-15,0.63
1980-12-16,0.65
1980-12-17,0.67
1980-12-18,0.67
1980-12-19,0.67
1980-12-22,0.69
1980-12-23,0.71
1980-12-24,0.71
1980-12-26,0.71
1980-12-29,0.7
1980-12-30,0.7
1980-12-31,0.71
1981-01-02,0.72
1981-01-05,0.75
1981-01-06,0.75
1981-01-07,0.75
1981-01-08,0.75
1981-01-09,0.75
1981-01-12,0.75
1981-01-13,0.75
1981-01-14,0.74
1981-01-15,0.73
1981-01-16,0.73
1981-01-19,0.73
1981-01-20,0.72
1981-01-21,0.71
1981-01-22,0.7
1981-01-23,0.7
1981-01-26,0.69
1981-01-27,0.7
1981-01-28,0.69
1981-01-29,0.71
1981-01-30,0.71
1981-02-02,0.7
1981-02-03,0.72
1981-02-04,0.72
1981-02-05,0.71
1981-02-06,0.71
1981-02-09,0.71
1981-02-10,0.71
1981-02-11,0.72
1981-02-12,0.72
1981-02-13,0.71
1981-02-17,0.71
1981-02-18,0.72
1981-02-19,0.71
1981-02-20,0.71
1981-02-23,0.72
1981-02-24,0.72
1981-02-25,0.73
1981-02-26,0.74
1981-02-27,0.76
1981-03-02,0.76
1981-03-03,0.75
1981-03-04,0.76
1981-03-05,0.77
1981-03-06,0.78
1981-03-09,0.78
1981-03-10,0.78
1981-03-11,0.77
1981-03-12,0.81
1981-03-13,0.81
1981-03-16,0.79
1981-03-17,0.79
1981-03-18,0.79
1981-03-19,0.79
1981-03-20,0.8
1981-03-23,0.81
1981-03-24,0.79
1981-03-25,0.8
1981-03-26,0.8
1981-03-27,0.79
1981-03-30,0.79
1981-03-31,0.79
1981-04-01,0.79
1981-04-02,0.79
1981-04-03,0.79
1981-04-06,0.79
1981-04-07,0.79
1981-04-08,0.8
1981-04-09,0.83
1981-04-10,0.84
1981-04-13,0.81
1981-04-14,0.78
1981-04-15,0.77
1981-04-16,0.76
1981-04-20,0.76
1981-04-21,0.75
1981-04-22,0.75
1981-04-23,0.76
1981-04-24,0.76
1981-04-27,0.76
1981-04-28,0.75
1981-04-29,0.75
1981-04-30,0.74
1981-05-01,0.73
1981-05-04,0.73
1981-05-05,0.73
1981-05-06,0.74
1981-05-07,0.77
1981-05-08,0.77
1981-05-11,0.75
1981-05-12,0.75
1981-05-13,0.75
1981-05-14,0.75
1981-05-15,0.75
1981-05-18,0.77
1981-05-19,0.78
1981-05-20,0.77
1981-05-21,0.78
1981-05-22,0.78
1981-05-26,0.79
1981-05-27,0.81
1981-05-28,0.8
1981-05-29,0.8
1981-06-01,0.8
1981-06-02,0.79
1981-06-03,0.79
1981-06-04,0.79
1981-06-05,0.79
1981-06-08,0.79
1981-06-09,0.81
1981-06-10,0.83
1981-06-11,0.85
1981-06-12,0.87
1981-06-15,0.87
1981-06-16,0.83
1981-06-17,0.83
1981-06-18,0.82
1981-06-19,0.8
1981-06-22,0.79
1981-06-23,0.78
1981-06-24,0.76
1981-06-25,0.76
1981-06-26,0.76
1981-06-29,0.76
1981-06-30,0.76
1981-07-01,0.75
1981-07-02,0.75
1981-07-06,0.74
1981-07-07,0.73
1981-07-08,0.73
1981-07-09,0.74
1981-07-10,0.74
1981-07-13,0.75
1981-07-14,0.74
1981-07-15,0.74
1981-07-16,0.74
1981-07-17,0.74
1981-07-20,0.73
1981-07-21,0.72
1981-07-22,0.71
1981-07-23,0.72
1981-07-24,0.73
1981-07-27,0.74
1981-07-28,0.74
1981-07-29,0.74
1981-07-30,0.74
1981-07-31,0.74
1981-08-03,0.74
1981-08-04,0.74
1981-08-05,0.75
1981-08-06,0.75
1981-08-07,0.74
1981-08-10,0.74
1981-08-11,0.74
1981-08-12,0.74
1981-08-13,0.74
1981-08-14,0.74
1981-08-17,0.73
1981-08-18,0.73
1981-08-19,0.72
1981-08-20,0.72
1981-08-21,0.72
1981-08-24,0.7
1981-08-25,0.7
1981-08-26,0.7
1981-08-27,0.7
1981-08-28,0.72
1981-08-31,0.71
1981-09-01,0.7
1981-09-02,0.7
1981-09-03,0.69
1981-09-04,0.69
1981-09-08,0.69
1981-09-09,0.7
1981-09-10,0.7
1981-09-11,0.71
1981-09-14,0.71
1981-09-15,0.71
1981-09-16,0.71
1981-09-17,0.72
1981-09-18,0.73
1981-09-21,0.71
1981-09-22,0.71
1981-09-23,0.7
1981-09-24,0.71
1981-09-25,0.7
1981-09-28,0.72
1981-09-29,0.73
1981-09-30,0.75
1981-10-01,0.77
1981-10-02,0.77
1981-10-05,0.78
1981-10-06,0.78
1981-10-07,0.8
1981-10-08,0.81
1981-10-09,0.79
1981-10-12,0.8
1981-10-13,0.79
1981-10-14,0.77
1981-10-15,0.78
1981-10-16,0.77
1981-10-19,0.76
1981-10-20,0.75
1981-10-21,0.74
1981-10-22,0.76
1981-10-23,0.76
1981-10-26,0.76
1981-10-27,0.78
1981-10-28,0.8
1981-10-29,0.8
1981-10-30,0.82
1981-11-02,0.81
1981-11-03,0.81
1981-11-04,0.79
1981-11-05,0.78
1981-11-06,0.78
1981-11-09,0.79
1981-11-10,0.79
1981-11-11,0.79
1981-11-12,0.79
1981-11-13,0.78
1981-11-16,0.76
1981-11-17,0.75
1981-11-18,0.75
1981-11-19,0.76
1981-11-20,0.78
1981-11-23,0.79
1981-11-24,0.79
1981-11-25,0.8
1981-11-27,0.8
1981-11-30,0.8
1981-12-01,0.81
1981-12-02,0.8
1981-12-03,0.81
1981-12-04,0.82
1981-12-07,0.82
1981-12-08,0.82
1981-12-09,0.81
1981-12-10,0.81
1981-12-11,0.8
1981-12-14,0.79
1981-12-15,0.79
1981-12-16,0.78
1981-12-17,0.78
1981-12-18,0.78
1981-12-21,0.77
1981-12-22,0.78
1981-12-23,0.78
1981-12-24,0.77
1981-12-28,0.77
1981-12-29,0.78
1981-12-30,0.78
1981-12-31,0.79
1982-01-04,0.78
1982-01-05,0.78
1982-01-06,0.79
1982-01-07,0.81
1982-01-08,0.81
1982-01-11,0.81
1982-01-12,0.81
1982-01-13,0.8
1982-01-14,0.79
1982-01-15,0.78
1982-01-18,0.77
1982-01-19,0.72
1982-01-20,0.69
1982-01-21,0.71
1982-01-22,0.71
1982-01-25,0.7
1982-01-26,0.7
1982-01-27,0.71
1982-01-28,0.72
1982-01-29,0.74
1982-02-01,0.72
1982-02-02,0.72
1982-02-03,0.71
1982-02-04,0.72
1982-02-05,0.73
1982-02-08,0.72
1982-02-09,0.72
1982-02-10,0.73
1982-02-11,0.73
1982-02-12,0.73
1982-02-16,0.72
1982-02-17,0.71
1982-02-18,0.71
1982-02-19,0.7
1982-02-22,0.68
1982-02-23,0.7
1982-02-24,0.7
1982-02-25,0.69
1982-02-26,0.68
1982-03-01,0.69
1982-03-02,0.68
1982-03-03,0.69
1982-03-04,0.69
1982-03-05,0.71
1982-03-08,0.71
1982-03-09,0.72
1982-03-10,0.72
1982-03-11,0.73
1982-03-12,0.72
1982-03-15,0.73
1982-03-16,0.73
1982-03-17,0.73
1982-03-18,0.73
1982-03-19,0.72
1982-03-22,0.74
1982-03-23,0.76
1982-03-24,0.77
1982-03-25,0.78
1982-03-26,0.77
1982-03-29,0.77
1982-03-30,0.77
1982-03-31,0.75
1982-04-01,0.76
1982-04-02,0.77
1982-04-05,0.76
1982-04-06,0.76
1982-04-07,0.77
1982-04-08,0.78
1982-04-12,0.78
1982-04-13,0.79
1982-04-14,0.78
1982-04-15,0.78
1982-04-16,0.79
1982-04-19,0.8
1982-04-20,0.8
1982-04-21,0.8
1982-04-22,0.8
1982-04-23,0.8
1982-04-26,0.8
1982-04-27,0.8
1982-04-28,0.79
1982-04-29,0.79
1982-04-30,0.79
1982-05-03,0.78
1982-05-04,0.79
1982-05-05,0.8
1982-05-06,0.8
1982-05-07,0.8
1982-05-10,0.79
1982-05-11,0.8
1982-05-12,0.79
1982-05-13,0.78
1982-05-14,0.77
1982-05-17,0.76
1982-05-18,0.77
1982-05-19,0.78
1982-05-20,0.77
1982-05-21,0.78
1982-05-24,0.78
1982-05-25,0.79
1982-05-26,0.77
1982-05-27,0.75
1982-05-28,0.75
1982-06-01,0.76
1982-06-02,0.78
1982-06-03,0.79
1982-06-04,0.79
1982-06-07,0.79
1982-06-08,0.79
1982-06-09,0.8
1982-06-10,0.8
1982-06-11,0.8
1982-06-14,0.79
1982-06-15,0.79
1982-06-16,0.78
1982-06-17,0.78
1982-06-18,0.78
1982-06-21,0.79
1982-06-22,0.83
1982-06-23,0.84
1982-06-24,0.82
1982-06-25,0.79
1982-06-28,0.79
1982-06-29,0.79
1982-06-30,0.79
1982-07-01,0.79
1982-07-02,0.79
1982-07-06,0.78
1982-07-07,0.8
1982-07-08,0.8
1982-07-09,0.82
1982-07-12,0.86
1982-07-13,0.85
1982-07-14,0.86
1982-07-15,0.88
1982-07-16,0.89
1982-07-19,0.9
1982-07-20,0.89
1982-07-21,0.88
1982-07-22,0.88
1982-07-23,0.87
1982-07-26,0.87
1982-07-27,0.88
1982-07-28,0.87
1982-07-29,0.86
1982-07-30,0.86
1982-08-02,0.88
1982-08-03,0.89
1982-08-04,0.88
1982-08-05,0.85
1982-08-06,0.83
1982-08-09,0.83
1982-08-10,0.83
1982-08-11,0.82
1982-08-12,0.82
1982-08-13,0.83
1982-08-16,0.84
1982-08-17,0.87
1982-08-18,0.86
1982-08-19,0.86
1982-08-20,0.88
1982-08-23,0.94
1982-08-24,0.92
1982-08-25,0.94
1982-08-26,0.92
1982-08-27,0.9
1982-08-30,0.92
1982-08-31,0.92
1982-09-01,0.91
1982-09-02,0.93
1982-09-03,0.95
1982-09-07,0.93
1982-09-08,0.94
1982-09-09,0.92
1982-09-10,0.93
1982-09-13,0.93
1982-09-14,0.94
1982-09-15,0.96
1982-09-16,0.97
1982-09-17,0.97
1982-09-20,0.97
1982-09-21,1.0
1982-09-22,1.0
1982-09-23,1.03
1982-09-24,1.02
1982-09-27,1.05
1982-09-28,1.02
1982-09-29,0.99
1982-09-30,0.97
1982-10-01,0.98
1982-10-04,1.0
1982-10-05,1.0
1982-10-06,1.04
1982-10-07,1.05
1982-10-08,1.07
1982-10-11,1.08
1982-10-12,1.08
1982-10-13,1.08
1982-10-14,1.04
1982-10-15,1.05
1982-10-18,1.1
1982-10-19,1.07
1982-10-20,1.07
1982-10-21,1.07
1982-10-22,1.07
1982-10-25,1.04
1982-10-26,1.05
1982-10-27,1.06
1982-10-28,1.05
1982-10-29,1.04
1982-11-01,1.07
1982-11-02,1.09
1982-11-03,1.14
1982-11-04,1.18
1982-11-05,1.19
1982-11-08,1.16
1982-11-09,1.18
1982-11-10,1.16
1982-11-11,1.17
1982-11-12,1.15
1982-11-15,1.1
1982-11-16,1.09
1982-11-17,1.1
1982-11-18,1.09
1982-11-19,1.07
1982-11-22,1.07
1982-11-23,1.11
1982-11-24,1.11
1982-11-26,1.12
1982-11-29,1.13
1982-11-30,1.2
1982-12-01,1.23
1982-12-02,1.23
1982-12-03,1.22
1982-12-06,1.27
1982-12-07,1.28
1982-12-08,1.29
1982-12-09,1.29
1982-12-10,1.26
1982-12-13,1.24
1982-12-14,1.18
1982-12-15,1.2
1982-12-16,1.21
1982-12-17,1.22
1982-12-20,1.18
1982-12-21,1.2
1982-12-22,1.21
1982-12-23,1.24
1982-12-27,1.26
1982-12-28,1.24
1982-12-29,1.24
1982-12-30,1.24
1982-12-31,1.26
1983-01-03,1.23
1983-01-04,1.24
1983-01-05,1.24
1983-01-06,1.24
1983-01-07,1.24
1983-01-10,1.26
1983-01-11,1.22
1983-01-12,1.19
1983-01-13,1.16
1983-01-14,1.17
1983-01-17,1.16
1983-01-18,1.14
1983-01-19,1.13
1983-01-20,1.16
1983-01-21,1.16
1983-01-24,1.16
1983-01-25,1.15
1983-01-26,1.13
1983-01-27,1.18
1983-01-28,1.21
1983-01-31,1.21
1983-02-01,1.17
1983-02-02,1.19
1983-02-03,1.2
1983-02-04,1.21
1983-02-07,1.2
1983-02-08,1.18
1983-02-09,1.15
1983-02-10,1.15
1983-02-11,1.16
1983-02-14,1.15
1983-02-15,1.14
1983-02-16,1.15
1983-02-17,1.16
1983-02-18,1.17
1983-02-22,1.15
1983-02-23,1.18
1983-02-24,1.2
1983-02-25,1.21
1983-02-28,1.2
1983-03-01,1.21
1983-03-02,1.23
1983-03-03,1.23
1983-03-04,1.24
1983-03-07,1.27
1983-03-08,1.24
1983-03-09,1.26
1983-03-10,1.22
1983-03-11,1.23
1983-03-14,1.23
1983-03-15,1.23
1983-03-16,1.22
1983-03-17,1.22
1983-03-18,1.22
1983-03-21,1.22
1983-03-22,1.23
1983-03-23,1.27
1983-03-24,1.27
1983-03-25,1.26
1983-03-28,1.26
1983-03-29,1.29
1983-03-30,1.33
1983-03-31,1.31
1983-04-04,1.33
1983-04-05,1.34
1983-04-06,1.34
1983-04-07,1.34
1983-04-08,1.35
1983-04-11,1.38
1983-04-12,1.36
1983-04-13,1.35
1983-04-14,1.33
1983-04-15,1.35
1983-04-18,1.35
1983-04-19,1.35
1983-04-20,1.36
1983-04-21,1.38
1983-04-22,1.4
1983-04-25,1.37
1983-04-26,1.37
1983-04-27,1.37
1983-04-28,1.38
1983-04-29,1.36
1983-05-02,1.35
1983-05-03,1.35
1983-05-04,1.35
1983-05-05,1.35
1983-05-06,1.36
1983-05-09,1.34
1983-05-10,1.35
1983-05-11,1.33
1983-05-12,1.32
1983-05-13,1.3
1983-05-16,1.29
1983-05-17,1.29
1983-05-18,1.29
1983-05-19,1.27
1983-05-20,1.28
1983-05-23,1.28
1983-05-24,1.27
1983-05-25,1.29
1983-05-26,1.25
1983-05-27,1.26
1983-05-31,1.27
1983-06-01,1.28
1983-06-02,1.33
1983-06-03,1.35
1983-06-06,1.34
1983-06-07,1.28
1983-06-08,1.27
1983-06-09,1.27
1983-06-10,1.25
1983-06-13,1.25
1983-06-14,1.25
1983-06-15,1.26
1983-06-16,1.3
1983-06-17,1.3
1983-06-20,1.28
1983-06-21,1.28
1983-06-22,1.24
1983-06-23,1.25
1983-06-24,1.25
1983-06-27,1.24
1983-06-28,1.22
1983-06-29,1.25
1983-06-30,1.24
1983-07-01,1.24
1983-07-05,1.22
1983-07-06,1.2
1983-07-07,1.2
1983-07-08,1.2
1983-07-11,1.21
1983-07-12,1.21
1983-07-13,1.21
1983-07-14,1.2
1983-07-15,1.18
1983-07-18,1.19
1983-07-19,1.2
1983-07-20,1.23
1983-07-21,1.24
1983-07-22,1.24
1983-07-25,1.23
1983-07-26,1.23
1983-07-27,1.21
1983-07-28,1.18
1983-07-29,1.15
1983-08-01,1.15
1983-08-02,1.21
1983-08-03,1.24
1983-08-04,1.24
1983-08-05,1.24
1983-08-08,1.2
1983-08-09,1.21
1983-08-10,1.22
1983-08-11,1.21
1983-08-12,1.22
1983-08-15,1.24
1983-08-16,1.26
1983-08-17,1.29
1983-08-18,1.26
1983-08-19,1.27
1983-08-22,1.27
1983-08-23,1.26
1983-08-24,1.27
1983-08-25,1.27
1983-08-26,1.27
1983-08-29,1.27
1983-08-30,1.26
1983-08-31,1.28
1983-09-01,1.27
1983-09-02,1.28
1983-09-06,1.29
1983-09-07,1.29
1983-09-08,1.2
1983-09-09,1.21
1983-09-12,1.21
1983-09-13,1.21
1983-09-14,1.21
1983-09-15,1.19
1983-09-16,1.21
1983-09-19,1.21
1983-09-20,1.22
1983-09-21,1.25
1983-09-22,1.32
1983-09-23,1.34
1983-09-26,1.32
1983-09-27,1.32
1983-09-28,1.31
1983-09-29,1.3
1983-09-30,1.28
1983-10-03,1.3
1983-10-04,1.32
1983-10-05,1.36
1983-10-06,1.41
1983-10-07,1.39
1983-10-10,1.39
1983-10-11,1.38
1983-10-12,1.37
1983-10-13,1.35
1983-10-14,1.36
1983-10-17,1.36
1983-10-18,1.34
1983-10-19,1.33
1983-10-20,1.34
1983-10-21,1.35
1983-10-24,1.35
1983-10-25,1.34
1983-10-26,1.34
1983-10-27,1.34
1983-10-28,1.32
1983-10-31,1.31
1983-11-01,1.32
1983-11-02,1.33
1983-11-03,1.33
1983-11-04,1.34
1983-11-07,1.32
1983-11-08,1.35
1983-11-09,1.4
1983-11-10,1.4
1983-11-11,1.43
1983-11-14,1.4
1983-11-15,1.4
1983-11-16,1.4
1983-11-17,1.39
1983-11-18,1.38
1983-11-21,1.39
1983-11-22,1.39
1983-11-23,1.39
1983-11-25,1.38
1983-11-28,1.36
1983-11-29,1.39
1983-11-30,1.41
1983-12-01,1.42
1983-12-02,1.44
1983-12-05,1.43
1983-12-06,1.43
1983-12-07,1.43
1983-12-08,1.43
1983-12-09,1.44
1983-12-12,1.46
1983-12-13,1.45
1983-12-14,1.44
1983-12-15,1.41
1983-12-16,1.39
1983-12-19,1.36
1983-12-20,1.38
1983-12-21,1.39
1983-12-22,1.39
1983-12-23,1.41
1983-12-27,1.39
1983-12-28,1.39
1983-12-29,1.37
1983-12-30,1.36
1984-01-03,1.36
1984-01-04,1.4
1984-01-05,1.41
1984-01-06,1.39
1984-01-09,1.37
1984-01-10,1.36
1984-01-11,1.36
1984-01-12,1.3
1984-01-13,1.31
1984-01-16,1.31
1984-01-17,1.34
1984-01-18,1.32
1984-01-19,1.33
1984-01-20,1.32
1984-01-23,1.31
1984-01-24,1.31
1984-01-25,1.3
1984-01-26,1.32
1984-01-27,1.31
1984-01-30,1.3
1984-01-31,1.29
1984-02-01,1.28
1984-02-02,1.27
1984-02-03,1.3
1984-02-06,1.28
1984-02-07,1.3
1984-02-08,1.29
1984-02-09,1.26
1984-02-10,1.27
1984-02-13,1.28
1984-02-14,1.28
1984-02-15,1.27
1984-02-16,1.28
1984-02-17,1.27
1984-02-21,1.27
1984-02-22,1.27
1984-02-23,1.29
1984-02-24,1.34
1984-02-27,1.33
1984-02-28,1.31
1984-02-29,1.32
1984-03-01,1.35
1984-03-02,1.37
1984-03-05,1.37
1984-03-06,1.37
1984-03-07,1.35
1984-03-08,1.34
1984-03-09,1.34
1984-03-12,1.36
1984-03-13,1.38
1984-03-14,1.38
1984-03-15,1.39
1984-03-16,1.41
1984-03-19,1.41
1984-03-20,1.42
1984-03-21,1.42
1984-03-22,1.41
1984-03-23,1.4
1984-03-26,1.41
1984-03-27,1.41
1984-03-28,1.42
1984-03-29,1.42
1984-03-30,1.42
1984-04-02,1.42
1984-04-03,1.42
1984-04-04,1.42
1984-04-05,1.39
1984-04-06,1.41
1984-04-09,1.39
1984-04-10,1.38
1984-04-11,1.38
1984-04-12,1.41
1984-04-13,1.41
1984-04-16,1.42
1984-04-17,1.42
1984-04-18,1.39
1984-04-19,1.41
1984-04-23,1.39
1984-04-24,1.4
1984-04-25,1.4
1984-04-26,1.41
1984-04-27,1.41
1984-04-30,1.41
1984-05-01,1.46
1984-05-02,1.46
1984-05-03,1.46
1984-05-04,1.45
1984-05-07,1.46
1984-05-08,1.49
1984-05-09,1.48
1984-05-10,1.45
1984-05-11,1.44
1984-05-14,1.43
1984-05-15,1.45
1984-05-16,1.46
1984-05-17,1.46
1984-05-18,1.45
1984-05-21,1.44
1984-05-22,1.43
1984-05-23,1.44
1984-05-24,1.42
1984-05-25,1.43
1984-05-29,1.4
1984-05-30,1.41
1984-05-31,1.42
1984-06-01,1.44
1984-06-04,1.43
1984-06-05,1.43
1984-06-06,1.46
1984-06-07,1.47
1984-06-08,1.47
1984-06-11,1.45
1984-06-12,1.46
1984-06-13,1.49
1984-06-14,1.48
1984-06-15,1.48
1984-06-18,1.5
1984-06-19,1.52
1984-06-20,1.54
1984-06-21,1.55
1984-06-22,1.56
1984-06-25,1.55
1984-06-26,1.51
1984-06-27,1.49
1984-06-28,1.51
1984-06-29,1.5
1984-07-02,1.49
1984-07-03,1.5
1984-07-05,1.5
1984-07-06,1.5
1984-07-09,1.52
1984-07-10,1.53
1984-07-11,1.51
1984-07-12,1.51
1984-07-13,1.53
1984-07-16,1.56
1984-07-17,1.55
1984-07-18,1.53
1984-07-19,1.53
1984-07-20,1.52
1984-07-23,1.51
1984-07-24,1.51
1984-07-25,1.52
1984-07-26,1.53
1984-07-27,1.57
1984-07-30,1.54
1984-07-31,1.55
1984-08-01,1.57
1984-08-02,1.59
1984-08-03,1.64
1984-08-06,1.65
1984-08-07,1.66
1984-08-08,1.63
1984-08-09,1.65
1984-08-10,1.63
1984-08-13,1.61
1984-08-14,1.59
1984-08-15,1.59
1984-08-16,1.59
1984-08-17,1.59
1984-08-20,1.59
1984-08-21,1.62
1984-08-22,1.6
1984-08-23,1.59
1984-08-24,1.59
1984-08-27,1.59
1984-08-28,1.6
1984-08-29,1.61
1984-08-30,1.61
1984-08-31,1.62
1984-09-04,1.62
1984-09-05,1.6
1984-09-06,1.63
1984-09-07,1.61
1984-09-10,1.6
1984-09-11,1.59
1984-09-12,1.6
1984-09-13,1.64
1984-09-14,1.65
1984-09-17,1.66
1984-09-18,1.65
1984-09-19,1.63
1984-09-20,1.63
1984-09-21,1.61
1984-09-24,1.62
1984-09-25,1.64
1984-09-26,1.65
1984-09-27,1.66
1984-09-28,1.65
1984-10-01,1.66
1984-10-02,1.64
1984-10-03,1.64
1984-10-04,1.64
1984-10-05,1.64
1984-10-08,1.62
1984-10-09,1.6
1984-10-10,1.61
1984-10-11,1.6
1984-10-12,1.61
1984-10-15,1.65
1984-10-16,1.67
1984-10-17,1.66
1984-10-18,1.71
1984-10-19,1.7
1984-10-22,1.71
1984-10-23,1.71
1984-10-24,1.71
1984-10-25,1.73
1984-10-26,1.71
1984-10-29,1.73
1984-10-30,1.74
1984-10-31,1.72
1984-11-01,1.74
1984-11-02,1.73
1984-11-05,1.72
1984-11-06,1.72
1984-11-07,1.71
1984-11-08,1.7
1984-11-09,1.69
1984-11-12,1.69
1984-11-13,1.68
1984-11-14,1.68
1984-11-15,1.67
1984-11-16,1.65
1984-11-19,1.65
1984-11-20,1.68
1984-11-21,1.67
1984-11-23,1.69
1984-11-26,1.68
1984-11-27,1.68
1984-11-28,1.67
1984-11-29,1.66
1984-11-30,1.65
1984-12-03,1.65
1984-12-04,1.66
1984-12-05,1.64
1984-12-06,1.64
1984-12-07,1.61
1984-12-10,1.63
1984-12-11,1.63
1984-12-12,1.63
1984-12-13,1.63
1984-12-14,1.66
1984-12-17,1.67
1984-12-18,1.71
1984-12-19,1.7
1984-12-20,1.69
1984-12-21,1.66
1984-12-24,1.67
1984-12-26,1.66
1984-12-27,1.65
1984-12-28,1.67
1984-12-31,1.67
1985-01-02,1.65
1985-01-03,1.67
1985-01-04,1.67
1985-01-07,1.68
1985-01-08,1.68
1985-01-09,1.7
1985-01-10,1.72
1985-01-11,1.71
1985-01-14,1.71
1985-01-15,1.7
1985-01-16,1.69
1985-01-17,1.65
1985-01-18,1.67
1985-01-21,1.69
1985-01-22,1.69
1985-01-23,1.69
1985-01-24,1.68
1985-01-25,1.67
1985-01-28,1.65
1985-01-29,1.64
1985-01-30,1.61
1985-01-31,1.6
1985-02-01,1.6
1985-02-04,1.63
1985-02-05,1.64
1985-02-06,1.63
1985-02-07,1.64
1985-02-08,1.65
1985-02-11,1.64
1985-02-12,1.63
1985-02-13,1.63
1985-02-14,1.64
1985-02-15,1.65
1985-02-19,1.66
1985-02-20,1.65
1985-02-21,1.66
1985-02-22,1.66
1985-02-25,1.67
1985-02-26,1.69
1985-02-27,1.69
1985-02-28,1.7
1985-03-01,1.74
1985-03-04,1.76
1985-03-05,1.76
1985-03-06,1.75
1985-03-07,1.76
1985-03-08,1.77
1985-03-11,1.78
1985-03-12,1.75
1985-03-13,1.74
1985-03-14,1.74
1985-03-15,1.71
1985-03-18,1.71
1985-03-19,1.76
1985-03-20,1.79
1985-03-21,1.81
1985-03-22,1.8
1985-03-25,1.81
1985-03-26,1.83
1985-03-27,1.86
1985-03-28,1.87
1985-03-29,1.89
1985-04-01,1.89
1985-04-02,1.87
1985-04-03,1.86
1985-04-04,1.85
1985-04-08,1.83
1985-04-09,1.86
1985-04-10,1.86
1985-04-11,1.86
1985-04-12,1.86
1985-04-15,1.87
1985-04-16,1.88
1985-04-17,1.89
1985-04-18,1.89
1985-04-19,1.93
1985-04-22,1.93
1985-04-23,1.89
1985-04-24,1.86
1985-04-25,1.84
1985-04-26,1.86
1985-04-29,1.84
1985-04-30,1.85
1985-05-01,1.81
1985-05-02,1.8
1985-05-03,1.79
1985-05-06,1.79
1985-05-07,1.84
1985-05-08,1.82
1985-05-09,1.82
1985-05-10,1.8
1985-05-13,1.8
1985-05-14,1.81
1985-05-15,1.84
1985-05-16,1.85
1985-05-17,1.87
1985-05-20,1.87
1985-05-21,1.85
1985-05-22,1.83
1985-05-23,1.82
1985-05-24,1.82
1985-05-28,1.8
1985-05-29,1.8
1985-05-30,1.8
1985-05-31,1.83
1985-06-03,1.84
1985-06-04,1.9
1985-06-05,1.93
1985-06-06,1.91
1985-06-07,1.89
1985-06-10,1.86
1985-06-11,1.9
1985-06-12,1.89
1985-06-13,1.88
1985-06-14,1.88
1985-06-17,1.88
1985-06-18,1.89
1985-06-19,1.88
1985-06-20,1.87
1985-06-21,1.9
1985-06-24,1.89
1985-06-25,1.9
1985-06-26,1.91
1985-06-27,1.9
1985-06-28,1.89
1985-07-01,1.87
1985-07-02,1.87
1985-07-03,1.84
1985-07-05,1.84
1985-07-08,1.86
1985-07-09,1.91
1985-07-10,1.98
1985-07-11,2.04
1985-07-12,2.01
1985-07-15,1.98
1985-07-16,2.01
1985-07-17,2.02
1985-07-18,2.01
1985-07-19,2.03
1985-07-22,2.01
1985-07-23,1.97
1985-07-24,1.96
1985-07-25,1.95
1985-07-26,1.95
1985-07-29,1.93
1985-07-30,1.94
1985-07-31,1.97
1985-08-01,2.01
1985-08-02,1.99
1985-08-05,1.96
1985-08-06,1.94
1985-08-07,1.94
1985-08-08,1.95
1985-08-09,1.95
1985-08-12,1.96
1985-08-13,1.95
1985-08-14,1.96
1985-08-15,1.95
1985-08-16,1.96
1985-08-19,1.97
1985-08-20,1.97
1985-08-21,1.97
1985-08-22,1.94
1985-08-23,1.94
1985-08-26,1.94
1985-08-27,1.94
1985-08-28,1.97
1985-08-29,1.97
1985-08-30,1.95
1985-09-03,1.96
1985-09-04,1.97
1985-09-05,1.95
1985-09-06,1.92
1985-09-09,1.88
1985-09-10,1.88
1985-09-11,1.88
1985-09-12,1.88
1985-09-13,1.89
1985-09-16,1.89
1985-09-17,1.89
1985-09-18,1.89
1985-09-19,1.89
1985-09-20,1.87
1985-09-23,1.92
1985-09-24,1.93
1985-09-25,1.93
1985-09-26,1.94
1985-09-30,1.92
1985-10-01,1.93
1985-10-02,1.92
1985-10-03,1.92
1985-10-04,1.92
1985-10-07,1.93
1985-10-08,1.92
1985-10-09,1.92
1985-10-10,1.93
1985-10-11,1.94
1985-10-14,1.96
1985-10-15,1.96
1985-10-16,1.96
1985-10-17,1.97
1985-10-18,1.96
1985-10-21,1.95
1985-10-22,1.96
1985-10-23,1.97
1985-10-24,1.97
1985-10-25,1.97
1985-10-28,1.97
1985-10-29,1.99
1985-10-30,1.99
1985-10-31,1.98
1985-11-01,2.0
1985-11-04,2.01
1985-11-05,2.06
1985-11-06,2.06
1985-11-07,2.06
1985-11-08,2.08
1985-11-11,2.11
1985-11-12,2.13
1985-11-13,2.13
1985-11-14,2.18
1985-11-15,2.19
1985-11-18,2.2
1985-11-19,2.2
1985-11-20,2.2
1985-11-21,2.24
1985-11-22,2.27
1985-11-25,2.27
1985-11-26,2.3
1985-11-27,2.34
1985-11-29,2.32
1985-12-02,2.28
1985-12-03,2.29
1985-12-04,2.33
1985-12-05,2.35
1985-12-06,2.33
1985-12-09,2.36
1985-12-10,2.38
1985-12-11,2.4
1985-12-12,2.36
1985-12-13,2.4
1985-12-16,2.45
1985-12-17,2.43
1985-12-18,2.41
1985-12-19,2.38
1985-12-20,2.36
1985-12-23,2.34
1985-12-24,2.32
1985-12-26,2.33
1985-12-27,2.35
1985-12-30,2.37
1985-12-31,2.35
1986-01-02,2.32
1986-01-03,2.32
1986-01-06,2.32
1986-01-07,2.36
1986-01-08,2.29
1986-01-09,2.27
1986-01-10,2.27
1986-01-13,2.23
1986-01-14,2.22
1986-01-15,2.23
1986-01-16,2.23
1986-01-17,2.24
1986-01-20,2.21
1986-01-21,2.19
1986-01-22,2.14
1986-01-23,2.2
1986-01-24,2.23
1986-01-27,2.23
1986-01-28,2.27
1986-01-29,2.31
1986-01-30,2.3
1986-01-31,2.33
1986-02-03,2.36
1986-02-04,2.38
1986-02-05,2.38
1986-02-06,2.37
1986-02-07,2.36
1986-02-10,2.39
1986-02-11,2.37
1986-02-12,2.35
1986-02-13,2.38
1986-02-14,2.39
1986-02-18,2.45
1986-02-19,2.41
1986-02-20,2.51
1986-02-21,2.55
1986-02-24,2.56
1986-02-25,2.55
1986-02-26,2.58
1986-02-27,2.71
1986-02-28,2.68
1986-03-03,2.64
1986-03-04,2.62
1986-03-05,2.63
1986-03-06,2.69
1986-03-07,2.75
1986-03-10,2.8
1986-03-11,2.81
1986-03-12,2.88
1986-03-13,2.92
1986-03-14,3.05
1986-03-17,2.99
1986-03-18,3.0
1986-03-19,3.02
1986-03-20,3.02
1986-03-21,2.9
1986-03-24,2.94
1986-03-25,2.92
1986-03-26,2.97
1986-03-27,2.97
1986-03-31,2.95
1986-04-01,2.89
1986-04-02,2.91
1986-04-03,2.85
1986-04-04,2.81
1986-04-07,2.8
1986-04-08,2.88
1986-04-09,2.82
1986-04-10,2.83
1986-04-11,2.81
1986-04-14,2.91
1986-04-15,2.94
1986-04-16,3.08
1986-04-17,3.23
1986-04-18,3.17
1986-04-21,3.28
1986-04-22,3.3
1986-04-23,3.29
1986-04-24,3.25
1986-04-25,3.24
1986-04-28,3.3
1986-04-29,3.23
1986-04-30,3.13
1986-05-01,3.17
1986-05-02,3.14
1986-05-05,3.1
1986-05-06,3.07
1986-05-07,3.05
1986-05-08,3.05
1986-05-09,3.03
1986-05-12,3.06
1986-05-13,3.08
1986-05-14,3.14
1986-05-15,3.03
1986-05-16,3.0
1986-05-19,2.95
1986-05-20,2.99
1986-05-21,2.97
1986-05-22,3.06
1986-05-23,3.04
1986-05-27,3.17
1986-05-28,3.18
1986-05-29,3.26
1986-05-30,3.25
1986-06-02,3.19
1986-06-03,3.21
1986-06-04,3.17
1986-06-05,3.17
1986-06-06,3.22
1986-06-09,3.2
1986-06-10,3.19
1986-06-11,3.18
1986-06-12,3.2
1986-06-13,3.25
1986-06-16,3.31
1986-06-17,3.38
1986-06-18,3.37
1986-06-19,3.35
1986-06-20,3.39
1986-06-23,3.35
1986-06-24,3.42
1986-06-25,3.4
1986-06-26,3.45
1986-06-27,3.44
1986-06-30,3.55
1986-07-01,3.62
1986-07-02,3.72
1986-07-03,3.69
1986-07-07,3.48
1986-07-08,3.43
1986-07-09,3.52
1986-07-10,3.49
1986-07-11,3.52
1986-07-14,3.4
1986-07-15,3.42
1986-07-16,3.52
1986-07-17,3.44
1986-07-18,3.48
1986-07-21,3.42
1986-07-22,3.48
1986-07-23,3.44
1986-07-24,3.4
1986-07-25,3.45
1986-07-28,3.39
1986-07-29,3.3
1986-07-30,3.36
1986-07-31,3.32
1986-08-01,3.24
1986-08-04,3.3
1986-08-05,3.22
1986-08-06,3.23
1986-08-07,3.22
1986-08-08,3.19
1986-08-11,3.31
1986-08-12,3.34
1986-08-13,3.37
1986-08-14,3.31
1986-08-15,3.33
1986-08-18,3.27
1986-08-19,3.22
1986-08-20,3.32
1986-08-21,3.28
1986-08-22,3.27
1986-08-25,3.23
1986-08-26,3.31
1986-08-27,3.24
1986-08-28,3.16
1986-08-29,3.21
1986-09-02,3.09
1986-09-03,3.1
1986-09-04,3.1
1986-09-05,3.0
1986-09-08,3.11
1986-09-09,3.2
1986-09-10,3.18
1986-09-11,2.97
1986-09-12,2.92
1986-09-15,2.9
1986-09-16,2.89
1986-09-17,2.88
1986-09-18,2.88
1986-09-19,2.82
1986-09-22,2.87
1986-09-23,2.93
1986-09-24,2.99
1986-09-25,2.9
1986-09-26,2.9
1986-09-29,2.85
1986-09-30,2.89
1986-10-01,2.91
1986-10-02,2.99
1986-10-03,2.95
1986-10-06,3.03
1986-10-07,2.97
1986-10-08,3.03
1986-10-09,3.04
1986-10-10,3.06
1986-10-13,3.05
1986-10-14,3.04
1986-10-15,3.18
1986-10-16,3.33
1986-10-17,3.28
1986-10-20,3.22
1986-10-21,3.21
1986-10-22,3.22
1986-10-23,3.29
1986-10-24,3.21
1986-10-27,3.23
1986-10-28,3.17
1986-10-29,3.14
1986-10-30,3.17
1986-10-31,3.13
1986-11-03,3.17
1986-11-04,3.14
1986-11-05,3.14
1986-11-06,3.17
1986-11-07,3.12
1986-11-10,3.13
1986-11-11,3.16
1986-11-12,3.19
1986-11-13,3.11
1986-11-14,3.15
1986-11-17,3.11
1986-11-18,3.03
1986-11-19,3.02
1986-11-20,3.09
1986-11-21,3.11
1986-11-24,3.08
1986-11-25,3.06
1986-11-26,3.11
1986-11-28,3.14
1986-12-01,3.08
1986-12-02,3.2
1986-12-03,3.26
1986-12-04,3.31
1986-12-05,3.28
1986-12-08,3.27
1986-12-09,3.32
1986-12-10,3.35
1986-12-11,3.29
1986-12-12,3.26
1986-12-15,3.27
1986-12-16,3.35
1986-12-17,3.31
1986-12-18,3.3
1986-12-19,3.37
1986-12-22,3.4
1986-12-23,3.4
1986-12-24,3.39
1986-12-26,3.33
1986-12-29,3.27
1986-12-30,3.3
1986-12-31,3.25
1987-01-02,3.28
1987-01-05,3.37
1987-01-06,3.35
1987-01-07,3.36
1987-01-08,3.32
1987-01-09,3.29
1987-01-12,3.31
1987-01-13,3.28
1987-01-14,3.31
1987-01-15,3.44
1987-01-16,3.5
1987-01-19,3.58
1987-01-20,3.53
1987-01-21,3.53
1987-01-22,3.65
1987-01-23,3.6
1987-01-26,3.61
1987-01-27,3.68
1987-01-28,3.69
1987-01-29,3.68
1987-01-30,3.67
1987-02-02,3.7
1987-02-03,3.68
1987-02-04,3.7
1987-02-05,3.65
1987-02-06,3.63
1987-02-09,3.59
1987-02-10,3.58
1987-02-11,3.7
1987-02-12,3.7
1987-02-13,3.75
1987-02-17,3.83
1987-02-18,3.9
1987-02-19,3.9
1987-02-20,3.91
1987-02-23,3.8
1987-02-24,3.82
1987-02-25,3.88
1987-02-26,3.84
1987-02-27,3.86
1987-03-02,3.87
1987-03-03,3.88
1987-03-04,4.04
1987-03-05,3.98
1987-03-06,4.0
1987-03-09,3.88
1987-03-10,4.02
1987-03-11,4.22
1987-03-12,4.16
1987-03-13,4.08
1987-03-16,3.99
1987-03-17,4.02
1987-03-18,4.01
1987-03-19,4.1
1987-03-20,4.1
1987-03-23,4.14
1987-03-24,4.13
1987-03-25,4.1
1987-03-26,4.06
1987-03-27,3.97
1987-03-30,3.83
1987-03-31,3.96
1987-04-01,3.96
1987-04-02,3.85
1987-04-03,4.0
1987-04-06,4.02
1987-04-07,3.91
1987-04-08,3.96
1987-04-09,3.96
1987-04-10,3.98
1987-04-13,3.9
1987-04-14,3.69
1987-04-15,3.83
1987-04-16,3.79
1987-04-20,3.82
1987-04-21,3.95
1987-04-22,3.75
1987-04-23,3.73
1987-04-24,3.63
1987-04-27,3.66
1987-04-28,3.61
1987-04-29,3.59
1987-04-30,3.69
1987-05-01,3.62
1987-05-04,3.66
1987-05-05,3.76
1987-05-06,3.63
1987-05-07,3.56
1987-05-08,3.58
1987-05-11,3.56
1987-05-12,3.5
1987-05-13,3.5
1987-05-14,3.49
1987-05-15,3.44
1987-05-18,3.44
1987-05-19,3.42
1987-05-20,3.37
1987-05-21,3.35
1987-05-22,3.45
1987-05-26,3.61
1987-05-27,3.57
1987-05-28,3.63
1987-05-29,3.71
1987-06-01,3.72
1987-06-02,3.7
1987-06-03,3.74
1987-06-04,3.71
1987-06-05,3.69
1987-06-08,3.76
1987-06-09,3.81
1987-06-10,3.81
1987-06-11,3.86
1987-06-12,3.87
1987-06-15,3.85
1987-06-16,3.87
1987-06-17,3.86
1987-06-18,3.89
1987-06-19,3.95
1987-06-22,4.02
1987-06-23,4.01
1987-06-24,3.98
1987-06-25,3.98
1987-06-26,3.91
1987-06-29,3.94
1987-06-30,3.87
1987-07-01,3.82
1987-07-02,3.83
1987-07-06,3.74
1987-07-07,3.79
1987-07-08,3.84
1987-07-09,3.82
1987-07-10,3.86
1987-07-13,3.79
1987-07-14,3.86
1987-07-15,3.91
1987-07-16,3.92
1987-07-17,4.09
1987-07-20,4.05
1987-07-21,3.98
1987-07-22,4.05
1987-07-23,4.09
1987-07-24,4.08
1987-07-27,4.1
1987-07-28,4.08
1987-07-29,4.13
1987-07-30,4.16
1987-07-31,4.15
1987-08-03,4.11
1987-08-04,4.13
1987-08-05,4.13
1987-08-06,4.23
1987-08-07,4.24
1987-08-10,4.32
1987-08-11,4.38
1987-08-12,4.38
1987-08-13,4.4
1987-08-14,4.38
1987-08-17,4.41
1987-08-18,4.38
1987-08-19,4.38
1987-08-20,4.44
1987-08-21,4.4
1987-08-24,4.46
1987-08-25,4.54
1987-08-26,4.53
1987-08-27,4.48
1987-08-28,4.42
1987-08-31,4.41
1987-09-01,4.4
1987-09-02,4.47
1987-09-03,4.48
1987-09-04,4.41
1987-09-08,4.29
1987-09-09,4.31
1987-09-10,4.31
1987-09-11,4.33
1987-09-14,4.4
1987-09-15,4.29
1987-09-16,4.16
1987-09-17,4.19
1987-09-18,4.21
1987-09-21,4.16
1987-09-22,4.32
1987-09-23,4.32
1987-09-24,4.21
1987-09-25,4.21
1987-09-28,4.31
1987-09-29,4.27
1987-09-30,4.24
1987-10-01,4.33
1987-10-02,4.27
1987-10-05,4.2
1987-10-06,4.09
1987-10-07,4.01
1987-10-08,4.0
1987-10-09,3.96
1987-10-12,3.93
1987-10-13,4.11
1987-10-14,3.83
1987-10-15,3.81
1987-10-16,3.55
1987-10-19,2.67
1987-10-20,3.2
1987-10-21,3.61
1987-10-22,3.55
1987-10-23,3.48
1987-10-26,3.17
1987-10-27,3.28
1987-10-28,3.39
1987-10-29,3.68
1987-10-30,3.61
1987-11-02,3.62
1987-11-03,3.56
1987-11-04,3.5
1987-11-05,3.61
1987-11-06,3.48
1987-11-09,3.37
1987-11-10,3.3
1987-11-11,3.35
1987-11-12,3.45
1987-11-13,3.38
1987-11-16,3.36
1987-11-17,3.34
1987-11-18,3.43
1987-11-19,3.35
1987-11-20,3.48
1987-11-23,3.42
1987-11-24,3.44
1987-11-25,3.42
1987-11-27,3.37
1987-11-30,3.26
1987-12-01,3.26
1987-12-02,3.29
1987-12-03,3.2
1987-12-04,3.2
1987-12-07,3.33
1987-12-08,3.44
1987-12-09,3.47
1987-12-10,3.35
1987-12-11,3.43
1987-12-14,3.54
1987-12-15,3.58
1987-12-16,3.53
1987-12-17,3.42
1987-12-18,3.51
1987-12-21,3.51
1987-12-22,3.5
1987-12-23,3.51
1987-12-24,3.47
1987-12-28,3.41
1987-12-29,3.31
1987-12-30,3.41
1987-12-31,3.36
1988-01-04,3.52
1988-01-05,3.48
1988-01-06,3.48
1988-01-07,3.53
1988-01-08,3.22
1988-01-11,3.39
1988-01-12,3.36
1988-01-13,3.32
1988-01-14,3.32
1988-01-15,3.46
1988-01-18,3.44
1988-01-19,3.34
1988-01-20,3.26
1988-01-21,3.24
1988-01-22,3.28
1988-01-25,3.33
1988-01-26,3.26
1988-01-27,3.2
1988-01-28,3.26
1988-01-29,3.32
1988-02-01,3.2
1988-02-02,3.26
1988-02-03,3.21
1988-02-04,3.21
1988-02-05,3.13
1988-02-08,3.14
1988-02-09,3.19
1988-02-10,3.21
1988-02-11,3.24
1988-02-12,3.23
1988-02-16,3.22
1988-02-17,3.3
1988-02-18,3.28
1988-02-19,3.35
1988-02-22,3.4
1988-02-23,3.41
1988-02-24,3.35
1988-02-25,3.31
1988-02-26,3.25
1988-02-29,3.3
1988-03-01,3.35
1988-03-02,3.39
1988-03-03,3.37
1988-03-04,3.35
1988-03-07,3.33
1988-03-08,3.4
1988-03-09,3.42
1988-03-10,3.4
1988-03-11,3.39
1988-03-14,3.46
1988-03-15,3.42
1988-03-16,3.48
1988-03-17,3.56
1988-03-18,3.53
1988-03-21,3.5
1988-03-22,3.52
1988-03-23,3.53
1988-03-24,3.47
1988-03-25,3.41
1988-03-28,3.39
1988-03-29,3.46
1988-03-30,3.42
1988-03-31,3.4
1988-04-04,3.38
1988-04-05,3.39
1988-04-06,3.47
1988-04-07,3.4
1988-04-08,3.42
1988-04-11,3.49
1988-04-12,3.55
1988-04-13,3.56
1988-04-14,3.36
1988-04-15,3.39
1988-04-18,3.35
1988-04-19,3.31
1988-04-20,3.29
1988-04-21,3.32
1988-04-22,3.37
1988-04-25,3.46
1988-04-26,3.42
1988-04-27,3.4
1988-04-28,3.41
1988-04-29,3.4
1988-05-02,3.42
1988-05-03,3.46
1988-05-04,3.4
1988-05-05,3.36
1988-05-06,3.28
1988-05-09,3.27
1988-05-10,3.29
1988-05-11,3.26
1988-05-12,3.27
1988-05-13,3.3
1988-05-16,3.31
1988-05-17,3.24
1988-05-18,3.16
1988-05-19,3.18
1988-05-20,3.19
1988-05-23,3.13
1988-05-24,3.17
1988-05-25,3.19
1988-05-26,3.22
1988-05-27,3.19
1988-05-31,3.38
1988-06-01,3.42
1988-06-02,3.4
1988-06-03,3.41
1988-06-06,3.4
1988-06-07,3.39
1988-06-08,3.49
1988-06-09,3.45
1988-06-10,3.44
1988-06-13,3.45
1988-06-14,3.49
1988-06-15,3.47
1988-06-16,3.39
1988-06-17,3.43
1988-06-20,3.37
1988-06-21,3.43
1988-06-22,3.47
1988-06-23,3.44
1988-06-24,3.44
1988-06-27,3.34
1988-06-28,3.42
1988-06-29,3.45
1988-06-30,3.49
1988-07-01,3.46
1988-07-05,3.47
1988-07-06,3.39
1988-07-07,3.36
1988-07-08,3.3
1988-07-11,3.36
1988-07-12,3.3
1988-07-13,3.31
1988-07-14,3.35
1988-07-15,3.43
1988-07-18,3.36
1988-07-19,3.35
1988-07-20,3.36
1988-07-21,3.31
1988-07-22,3.3
1988-07-25,3.33
1988-07-26,3.37
1988-07-27,3.33
1988-07-28,3.38
1988-07-29,3.44
1988-08-01,3.4
1988-08-02,3.4
1988-08-03,3.48
1988-08-04,3.46
1988-08-05,3.43
1988-08-08,3.43
1988-08-09,3.38
1988-08-10,3.35
1988-08-11,3.35
1988-08-12,3.36
1988-08-15,3.33
1988-08-16,3.4
1988-08-17,3.45
1988-08-18,3.47
1988-08-19,3.47
1988-08-22,3.45
1988-08-23,3.51
1988-08-24,3.52
1988-08-25,3.51
1988-08-26,3.56
1988-08-29,3.61
1988-08-30,3.61
1988-08-31,3.58
1988-09-01,3.54
1988-09-02,3.67
1988-09-06,3.71
1988-09-07,3.73
1988-09-08,3.76
1988-09-09,3.78
1988-09-12,3.79
1988-09-13,3.8
1988-09-14,3.8
1988-09-15,3.8
1988-09-16,3.86
1988-09-19,3.81
1988-09-20,3.82
1988-09-21,3.88
1988-09-22,3.83
1988-09-23,3.92
1988-09-26,3.89
1988-09-27,3.88
1988-09-28,3.9
1988-09-29,3.98
1988-09-30,3.95
1988-10-03,3.89
1988-10-04,3.86
1988-10-05,3.86
1988-10-06,3.82
1988-10-07,3.95
1988-10-10,3.9
1988-10-11,3.9
1988-10-12,3.83
1988-10-13,3.83
1988-10-14,3.82
1988-10-17,3.81
1988-10-18,3.86
1988-10-19,3.82
1988-10-20,3.97
1988-10-21,3.99
1988-10-24,3.97
1988-10-25,4.02
1988-10-26,3.95
1988-10-27,3.87
1988-10-28,3.87
1988-10-31,3.89
1988-11-01,3.92
1988-11-02,3.96
1988-11-03,3.94
1988-11-04,3.9
1988-11-07,3.83
1988-11-08,3.86
1988-11-09,3.81
1988-11-10,3.81
1988-11-11,3.76
1988-11-14,3.76
1988-11-15,3.81
1988-11-16,3.73
1988-11-17,3.74
1988-11-18,3.79
1988-11-21,3.8
1988-11-22,3.82
1988-11-23,3.88
1988-11-25,3.79
1988-11-28,3.82
1988-11-29,3.91
1988-11-30,3.94
1988-12-01,3.87
1988-12-02,3.91
1988-12-05,3.98
1988-12-06,4.03
1988-12-07,4.02
1988-12-08,4.0
1988-12-09,4.02
1988-12-12,4.0
1988-12-13,4.04
1988-12-14,4.0
1988-12-15,4.01
1988-12-16,4.02
1988-12-19,4.09
1988-12-20,4.04
1988-12-21,4.03
1988-12-22,4.03
1988-12-23,4.07
1988-12-27,4.04
1988-12-28,4.04
1988-12-29,4.06
1988-12-30,4.06
1989-01-03,3.95
1989-01-04,4.06
1989-01-05,4.12
1989-01-06,4.09
1989-01-09,4.09
1989-01-10,4.04
1989-01-11,4.04
1989-01-12,4.07
1989-01-13,4.04
1989-01-16,4.04
1989-01-17,4.04
1989-01-18,4.08
1989-01-19,4.09
1989-01-20,4.09
1989-01-23,4.08
1989-01-24,4.11
1989-01-25,4.12
1989-01-26,4.16
1989-01-27,4.18
1989-01-30,4.21
1989-01-31,4.25
1989-02-01,4.26
1989-02-02,4.26
1989-02-03,4.27
1989-02-06,4.32
1989-02-07,4.36
1989-02-08,4.38
1989-02-09,4.34
1989-02-10,4.26
1989-02-13,4.27
1989-02-14,4.25
1989-02-15,4.33
1989-02-16,4.36
1989-02-17,4.45
1989-02-21,4.36
1989-02-22,4.26
1989-02-23,4.29
1989-02-24,4.23
1989-02-27,4.26
1989-02-28,4.34
1989-03-01,4.36
1989-03-02,4.4
1989-03-03,4.42
1989-03-06,4.47
1989-03-07,4.45
1989-03-08,4.52
1989-03-09,4.48
1989-03-10,4.46
1989-03-13,4.57
1989-03-14,4.6
1989-03-15,4.71
1989-03-16,4.73
1989-03-17,4.64
1989-03-20,4.56
1989-03-21,4.57
1989-03-22,4.64
1989-03-23,4.6
1989-03-27,4.63
1989-03-28,4.64
1989-03-29,4.65
1989-03-30,4.63
1989-03-31,4.69
1989-04-03,4.75
1989-04-04,4.83
1989-04-05,4.84
1989-04-06,4.85
1989-04-07,4.88
1989-04-10,4.85
1989-04-11,4.84
1989-04-12,4.75
1989-04-13,4.63
1989-04-14,4.76
1989-04-17,4.76
1989-04-18,4.85
1989-04-19,4.83
1989-04-20,4.78
1989-04-21,4.85
1989-04-24,4.88
1989-04-25,4.89
1989-04-26,4.91
1989-04-27,4.93
1989-04-28,4.96
1989-05-01,5.01
1989-05-02,5.07
1989-05-03,5.02
1989-05-04,4.98
1989-05-05,4.96
1989-05-08,5.02
1989-05-09,5.03
1989-05-10,4.99
1989-05-11,4.95
1989-05-12,5.16
1989-05-15,5.16
1989-05-16,5.19
1989-05-17,5.26
1989-05-18,5.33
1989-05-19,5.42
1989-05-22,5.47
1989-05-23,5.26
1989-05-24,5.28
1989-05-25,5.31
1989-05-26,5.34
1989-05-30,5.21
1989-05-31,5.28
1989-06-01,5.31
1989-06-02,5.43
1989-06-05,5.32
1989-06-06,5.26
1989-06-07,5.31
1989-06-08,5.26
1989-06-09,5.27
1989-06-12,5.23
1989-06-13,5.17
1989-06-14,5.17
1989-06-15,5.11
1989-06-16,5.17
1989-06-19,5.19
1989-06-20,5.2
1989-06-21,5.18
1989-06-22,5.27
1989-06-23,5.51
1989-06-26,5.42
1989-06-27,5.44
1989-06-28,5.38
1989-06-29,5.27
1989-06-30,5.19
1989-07-03,5.22
1989-07-05,5.25
1989-07-06,5.23
1989-07-07,5.37
1989-07-10,5.38
1989-07-11,5.44
1989-07-12,5.43
1989-07-13,5.36
1989-07-14,5.4
1989-07-17,5.44
1989-07-18,5.48
1989-07-19,5.54
1989-07-20,5.58
1989-07-21,5.71
1989-07-24,5.68
1989-07-25,5.75
1989-07-26,5.86
1989-07-27,5.9
1989-07-28,5.84
1989-07-31,6.26
1989-08-01,6.14
1989-08-02,6.21
1989-08-03,6.18
1989-08-04,6.06
1989-08-07,6.14
1989-08-08,6.21
1989-08-09,6.13
1989-08-10,6.14
1989-08-11,5.97
1989-08-14,6.02
1989-08-15,6.09
1989-08-16,6.15
1989-08-17,6.11
1989-08-18,6.12
1989-08-21,5.96
1989-08-22,6.02
1989-08-23,6.11
1989-08-24,6.27
1989-08-25,6.18
1989-08-28,6.21
1989-08-29,6.19
1989-08-30,6.13
1989-08-31,6.12
1989-09-01,6.19
1989-09-05,6.04
1989-09-06,5.96
1989-09-07,5.96
1989-09-08,5.87
1989-09-11,5.83
1989-09-12,5.88
1989-09-13,5.76
1989-09-14,5.89
1989-09-15,5.84
1989-09-18,5.82
1989-09-19,5.79
1989-09-20,5.78
1989-09-21,5.68
1989-09-22,5.77
1989-09-25,5.83
1989-09-26,5.93
1989-09-27,5.98
1989-09-28,6.25
1989-09-29,6.2
1989-10-02,6.34
1989-10-03,6.5
1989-10-04,6.52
1989-10-05,6.49
1989-10-06,6.53
1989-10-09,6.49
1989-10-10,6.53
1989-10-11,6.51
1989-10-12,6.43
1989-10-13,5.99
1989-10-16,6.18
1989-10-17,6.18
1989-10-18,6.29
1989-10-19,6.51
1989-10-20,6.55
1989-10-23,6.67
1989-10-24,6.65
1989-10-25,6.71
1989-10-26,6.58
1989-10-27,6.52
1989-10-30,6.55
1989-10-31,6.7
1989-11-01,6.73
1989-11-02,6.7
1989-11-03,6.64
1989-11-06,6.56
1989-11-07,6.68
1989-11-08,6.89
1989-11-09,6.82
1989-11-10,6.85
1989-11-13,6.82
1989-11-14,6.78
1989-11-15,6.85
1989-11-16,6.95
1989-11-17,7.0
1989-11-20,6.99
1989-11-21,7.12
1989-11-22,7.18
1989-11-24,7.25
1989-11-27,7.21
1989-11-28,7.19
1989-11-29,7.05
1989-11-30,7.18
1989-12-01,7.33
1989-12-04,7.32
1989-12-05,7.2
1989-12-06,7.19
1989-12-07,7.14
1989-12-08,7.25
1989-12-11,7.32
1989-12-12,7.39
1989-12-13,7.46
1989-12-14,7.42
1989-12-15,7.45
1989-12-18,7.36
1989-12-19,7.29
1989-12-20,7.09
1989-12-21,6.88
1989-12-22,7.05
1989-12-26,7.02
1989-12-27,7.1
1989-12-28,7.13
1989-12-29,7.18
1990-01-02,7.25
1990-01-03,7.14
1990-01-04,7.11
1990-01-05,7.05
1990-01-08,7.2
1990-01-09,7.14
1990-01-10,7.1
1990-01-11,7.1
1990-01-12,6.84
1990-01-15,6.73
1990-01-16,6.78
1990-01-17,6.74
1990-01-18,6.7
1990-01-19,6.75
1990-01-22,6.55
1990-01-23,6.6
1990-01-24,6.56
1990-01-25,6.39
1990-01-26,6.27
1990-01-29,6.34
1990-01-30,6.16
1990-01-31,6.4
1990-02-01,6.39
1990-02-02,6.45
1990-02-05,6.42
1990-02-06,6.39
1990-02-07,6.46
1990-02-08,6.45
1990-02-09,6.41
1990-02-12,6.37
1990-02-13,6.23
1990-02-14,6.24
1990-02-15,6.46
1990-02-16,6.37
1990-02-20,6.37
1990-02-21,6.37
1990-02-22,6.3
1990-02-23,6.32
1990-02-26,6.44
1990-02-27,6.49
1990-02-28,6.55
1990-03-01,6.57
1990-03-02,6.53
1990-03-05,6.53
1990-03-06,6.64
1990-03-07,6.63
1990-03-08,6.73
1990-03-09,6.73
1990-03-12,6.74
1990-03-13,6.72
1990-03-14,6.76
1990-03-15,6.75
1990-03-16,6.84
1990-03-19,7.04
1990-03-20,6.96
1990-03-21,6.91
1990-03-22,6.77
1990-03-23,6.93
1990-03-26,6.95
1990-03-27,7.04
1990-03-28,7.09
1990-03-29,7.06
1990-03-30,6.99
1990-04-02,7.1
1990-04-03,7.22
1990-04-04,7.23
1990-04-05,7.24
1990-04-06,7.28
1990-04-09,7.41
1990-04-10,7.49
1990-04-11,7.48
1990-04-12,7.52
1990-04-16,7.51
1990-04-17,7.5
1990-04-18,7.41
1990-04-19,7.23
1990-04-20,7.16
1990-04-23,7.18
1990-04-24,7.2
1990-04-25,7.2
1990-04-26,7.2
1990-04-27,7.03
1990-04-30,7.13
1990-05-01,7.17
1990-05-02,7.23
1990-05-03,7.29
1990-05-04,7.31
1990-05-07,7.36
1990-05-08,7.44
1990-05-09,7.46
1990-05-10,7.48
1990-05-11,7.78
1990-05-14,7.85
1990-05-15,7.83
1990-05-16,7.87
1990-05-17,7.97
1990-05-18,7.94
1990-05-21,8.13
1990-05-22,8.13
1990-05-23,8.39
1990-05-24,8.48
1990-05-25,8.2
1990-05-29,8.5
1990-05-30,8.41
1990-05-31,8.43
1990-06-01,8.46
1990-06-04,8.69
1990-06-05,8.6
1990-06-06,8.48
1990-06-07,8.36
1990-06-08,8.27
1990-06-11,8.35
1990-06-12,8.52
1990-06-13,8.5
1990-06-14,8.43
1990-06-15,8.45
1990-06-18,8.28
1990-06-19,8.26
1990-06-20,8.28
1990-06-21,8.33
1990-06-22,8.14
1990-06-25,8.05
1990-06-26,8.12
1990-06-27,8.33
1990-06-28,8.45
1990-06-29,8.33
1990-07-02,8.38
1990-07-03,8.43
1990-07-05,8.31
1990-07-06,8.4
1990-07-09,8.33
1990-07-10,8.26
1990-07-11,8.35
1990-07-12,8.45
1990-07-13,8.43
1990-07-16,8.52
1990-07-17,8.87
1990-07-18,8.9
1990-07-19,8.96
1990-07-20,8.9
1990-07-23,8.66
1990-07-24,8.64
1990-07-25,8.59
1990-07-26,8.64
1990-07-27,8.57
1990-07-30,8.59
1990-07-31,8.52
1990-08-01,8.52
1990-08-02,8.28
1990-08-03,8.19
1990-08-06,7.79
1990-08-07,7.96
1990-08-08,8.26
1990-08-09,8.4
1990-08-10,8.21
1990-08-13,8.35
1990-08-14,8.35
1990-08-15,8.38
1990-08-16,8.1
1990-08-17,7.89
1990-08-20,7.93
1990-08-21,7.77
1990-08-22,7.42
1990-08-23,7.06
1990-08-24,7.32
1990-08-27,7.82
1990-08-28,7.84
1990-08-29,8.03
1990-08-30,7.74
1990-08-31,7.93
1990-09-04,8.03
1990-09-05,7.98
1990-09-06,7.72
1990-09-07,7.91
1990-09-10,7.97
1990-09-11,7.92
1990-09-12,7.95
1990-09-13,7.78
1990-09-14,7.69
1990-09-17,7.64
1990-09-18,7.78
1990-09-19,7.5
1990-09-20,7.31
1990-09-21,7.38
1990-09-24,7.24
1990-09-25,7.38
1990-09-26,7.31
1990-09-27,7.33
1990-09-28,7.45
1990-10-01,7.85
1990-10-02,7.78
1990-10-03,7.76
1990-10-04,7.88
1990-10-05,7.97
1990-10-08,8.06
1990-10-09,7.73
1990-10-10,7.59
1990-10-11,7.62
1990-10-12,7.85
1990-10-15,7.97
1990-10-16,7.88
1990-10-17,7.85
1990-10-18,8.18
1990-10-19,8.63
1990-10-22,8.51
1990-10-23,8.51
1990-10-24,8.61
1990-10-25,8.49
1990-10-26,8.35
1990-10-29,8.25
1990-10-30,8.47
1990-10-31,8.47
1990-11-01,8.51
1990-11-02,8.51
1990-11-05,8.54
1990-11-06,8.42
1990-11-07,8.32
1990-11-08,8.28
1990-11-09,8.47
1990-11-12,8.56
1990-11-13,8.49
1990-11-14,8.56
1990-11-15,8.54
1990-11-16,8.63
1990-11-19,8.8
1990-11-20,8.75
1990-11-21,8.65
1990-11-23,8.63
1990-11-26,8.5
1990-11-27,8.74
1990-11-28,8.62
1990-11-29,8.48
1990-11-30,8.76
1990-12-03,8.86
1990-12-04,8.88
1990-12-05,9.0
1990-12-06,8.9
1990-12-07,8.88
1990-12-10,8.93
1990-12-11,8.88
1990-12-12,9.14
1990-12-13,9.12
1990-12-14,9.0
1990-12-17,9.07
1990-12-18,9.24
1990-12-19,9.07
1990-12-20,9.12
1990-12-21,9.19
1990-12-24,8.98
1990-12-26,8.98
1990-12-27,8.88
1990-12-28,8.83
1990-12-31,8.81
1991-01-02,8.57
1991-01-03,8.34
1991-01-04,8.55
1991-01-07,8.41
1991-01-08,8.34
1991-01-09,8.15
1991-01-10,8.29
1991-01-11,8.38
1991-01-14,8.41
1991-01-15,8.41
1991-01-16,8.5
1991-01-17,9.05
1991-01-18,9.21
1991-01-21,9.09
1991-01-22,9.09
1991-01-23,9.12
1991-01-24,9.26
1991-01-25,9.05
1991-01-28,9.02
1991-01-29,8.98
1991-01-30,9.24
1991-01-31,9.24
1991-02-01,8.95
1991-02-04,9.14
1991-02-05,9.45
1991-02-06,9.76
1991-02-07,9.38
1991-02-08,9.57
1991-02-11,9.83
1991-02-12,9.64
1991-02-13,9.83
1991-02-14,9.76
1991-02-15,9.95
1991-02-19,9.92
1991-02-20,9.8
1991-02-21,9.97
1991-02-22,10.09
1991-02-25,10.14
1991-02-26,10.07
1991-02-27,10.14
1991-02-28,9.92
1991-03-01,9.99
1991-03-04,9.8
1991-03-05,10.09
1991-03-06,9.92
1991-03-07,9.9
1991-03-08,9.9
1991-03-11,9.9
1991-03-12,9.83
1991-03-13,10.11
1991-03-14,10.21
1991-03-15,10.21
1991-03-18,10.28
1991-03-19,10.14
1991-03-20,10.4
1991-03-21,10.28
1991-03-22,10.28
1991-03-25,10.11
1991-03-26,10.28
1991-03-27,10.33
1991-03-28,10.33
1991-04-01,10.42
1991-04-02,10.75
1991-04-03,10.61
1991-04-04,10.56
1991-04-05,10.3
1991-04-08,10.23
1991-04-09,10.07
1991-04-10,10.07
1991-04-11,10.04
1991-04-12,10.21
1991-04-15,10.3
1991-04-16,10.56
1991-04-17,10.66
1991-04-18,10.47
1991-04-19,10.33
1991-04-22,10.33
1991-04-23,10.28
1991-04-24,10.23
1991-04-25,10.14
1991-04-26,10.09
1991-04-29,9.78
1991-04-30,10.04
1991-05-01,10.33
1991-05-02,10.35
1991-05-03,10.49
1991-05-06,10.52
1991-05-07,10.42
1991-05-08,10.42
1991-05-09,10.66
1991-05-10,10.42
1991-05-13,10.35
1991-05-14,10.26
1991-05-15,10.23
1991-05-16,10.47
1991-05-17,10.45
1991-05-20,10.49
1991-05-21,10.64
1991-05-22,10.66
1991-05-23,10.47
1991-05-24,10.64
1991-05-28,10.75
1991-05-29,10.75
1991-05-30,10.92
1991-05-31,10.9
1991-06-03,10.75
1991-06-04,10.71
1991-06-05,10.52
1991-06-06,10.45
1991-06-07,10.45
1991-06-10,10.54
1991-06-11,10.61
1991-06-12,10.44
1991-06-13,10.59
1991-06-14,10.73
1991-06-17,10.71
1991-06-18,10.54
1991-06-19,10.51
1991-06-20,10.61
1991-06-21,10.61
1991-06-24,10.54
1991-06-25,10.44
1991-06-26,10.51
1991-06-27,10.47
1991-06-28,10.42
1991-07-01,10.71
1991-07-02,10.68
1991-07-03,10.63
1991-07-05,10.68
1991-07-08,10.8
1991-07-09,10.66
1991-07-10,10.59
1991-07-11,10.68
1991-07-12,11.04
1991-07-15,11.02
1991-07-16,11.04
1991-07-17,11.14
1991-07-18,11.45
1991-07-19,11.37
1991-07-22,11.26
1991-07-23,11.16
1991-07-24,11.14
1991-07-25,11.14
1991-07-26,11.07
1991-07-29,11.18
1991-07-30,11.35
1991-07-31,11.5
1991-08-01,11.64
1991-08-02,11.83
1991-08-05,11.88
1991-08-06,12.14
1991-08-07,12.12
1991-08-08,12.04
1991-08-09,12.02
1991-08-12,12.09
1991-08-13,12.14
1991-08-14,12.19
1991-08-15,12.21
1991-08-16,12.0
1991-08-19,11.83
1991-08-20,12.09
1991-08-21,12.45
1991-08-22,12.4
1991-08-23,12.43
1991-08-26,12.4
1991-08-27,12.35
1991-08-28,12.69
1991-08-29,12.62
1991-08-30,12.57
1991-09-03,12.43
1991-09-04,12.28
1991-09-05,12.28
1991-09-06,12.45
1991-09-09,12.38
1991-09-10,12.21
1991-09-11,12.3
1991-09-12,12.42
1991-09-13,12.38
1991-09-16,12.54
1991-09-17,12.5
1991-09-18,12.57
1991-09-19,12.47
1991-09-20,12.42
1991-09-23,12.3
1991-09-24,12.35
1991-09-25,12.35
1991-09-26,12.33
1991-09-27,12.33
1991-09-30,12.38
1991-10-01,12.47
1991-10-02,12.45
1991-10-03,12.28
1991-10-04,12.26
1991-10-07,12.21
1991-10-08,12.33
1991-10-09,12.26
1991-10-10,12.23
1991-10-11,12.09
1991-10-14,12.28
1991-10-15,12.14
1991-10-16,12.07
1991-10-17,12.07
1991-10-18,12.16
1991-10-21,12.11
1991-10-22,12.04
1991-10-23,12.09
1991-10-24,12.04
1991-10-25,12.16
1991-10-28,12.45
1991-10-29,12.59
1991-10-30,12.83
1991-10-31,12.78
1991-11-01,12.69
1991-11-04,12.64
1991-11-05,12.54
1991-11-06,12.59
1991-11-07,12.59
1991-11-08,12.59
1991-11-11,12.74
1991-11-12,12.86
1991-11-13,13.02
1991-11-14,13.12
1991-11-15,12.42
1991-11-18,12.88
1991-11-19,12.74
1991-11-20,12.76
1991-11-21,13.19
1991-11-22,13.33
1991-11-25,13.19
1991-11-26,13.57
1991-11-27,13.45
1991-11-29,13.36
1991-12-02,13.84
1991-12-03,13.77
1991-12-04,13.79
1991-12-05,13.94
1991-12-06,13.77
1991-12-09,13.94
1991-12-10,13.79
1991-12-11,13.89
1991-12-12,13.82
1991-12-13,13.86
1991-12-16,14.13
1991-12-17,14.39
1991-12-18,14.42
1991-12-19,14.44
1991-12-20,14.61
1991-12-23,15.16
1991-12-24,15.36
1991-12-26,15.52
1991-12-27,15.45
1991-12-30,15.64
1991-12-31,15.45
1992-01-02,15.45
1992-01-03,16.03
1992-01-06,15.98
1992-01-07,15.84
1992-01-08,15.55
1992-01-09,15.4
1992-01-10,15.26
1992-01-13,15.19
1992-01-14,15.36
1992-01-15,14.83
1992-01-16,14.25
1992-01-17,14.27
1992-01-20,13.98
1992-01-21,14.13
1992-01-22,14.42
1992-01-23,14.35
1992-01-24,14.42
1992-01-27,14.22
1992-01-28,14.13
1992-01-29,13.77
1992-01-30,14.85
1992-01-31,14.92
1992-02-03,15.19
1992-02-04,15.21
1992-02-05,15.04
1992-02-06,15.14
1992-02-07,15.04
1992-02-10,15.16
1992-02-11,14.97
1992-02-12,15.12
1992-02-13,14.92
1992-02-14,14.83
1992-02-18,14.61
1992-02-19,14.83
1992-02-20,15.23
1992-02-21,15.23
1992-02-24,15.31
1992-02-25,15.33
1992-02-26,15.79
1992-02-27,15.72
1992-02-28,15.74
1992-03-02,15.67
1992-03-03,15.69
1992-03-04,15.5
1992-03-05,15.48
1992-03-06,15.19
1992-03-09,15.48
1992-03-10,15.7
1992-03-11,15.63
1992-03-12,15.68
1992-03-13,15.72
1992-03-16,15.8
1992-03-17,15.92
1992-03-18,15.72
1992-03-19,15.58
1992-03-20,15.65
1992-03-23,15.8
1992-03-24,15.75
1992-03-25,15.89
1992-03-26,15.94
1992-03-27,15.99
1992-03-30,15.87
1992-03-31,15.8
1992-04-01,15.85
1992-04-02,15.63
1992-04-03,16.04
1992-04-06,16.11
1992-04-07,15.63
1992-04-08,15.46
1992-04-09,15.7
1992-04-10,15.92
1992-04-13,15.82
1992-04-14,15.85
1992-04-15,16.11
1992-04-16,16.06
1992-04-20,15.72
1992-04-21,15.7
1992-04-22,15.7
1992-04-23,15.92
1992-04-24,15.65
1992-04-27,15.53
1992-04-28,15.53
1992-04-29,15.77
1992-04-30,16.04
1992-05-01,16.01
1992-05-04,16.14
1992-05-05,15.99
1992-05-06,15.97
1992-05-07,16.11
1992-05-08,16.33
1992-05-11,16.5
1992-05-12,16.57
1992-05-13,16.91
1992-05-14,16.67
1992-05-15,16.77
1992-05-18,17.1
1992-05-19,17.44
1992-05-20,17.2
1992-05-21,17.15
1992-05-22,17.1
1992-05-26,16.77
1992-05-27,17.06
1992-05-28,17.2
1992-05-29,17.0
1992-06-01,17.29
1992-06-02,17.1
1992-06-03,17.0
1992-06-04,16.52
1992-06-05,16.96
1992-06-08,16.86
1992-06-09,16.72
1992-06-10,16.53
1992-06-11,16.58
1992-06-12,16.38
1992-06-15,16.28
1992-06-16,15.8
1992-06-17,15.27
1992-06-18,15.37
1992-06-19,15.66
1992-06-22,15.61
1992-06-23,15.56
1992-06-24,15.46
1992-06-25,15.66
1992-06-26,15.41
1992-06-29,15.66
1992-06-30,15.51
1992-07-01,15.99
1992-07-02,16.24
1992-07-06,16.48
1992-07-07,16.28
1992-07-08,16.48
1992-07-09,16.72
1992-07-10,16.53
1992-07-13,16.33
1992-07-14,16.09
1992-07-15,15.7
1992-07-16,15.7
1992-07-17,15.85
1992-07-20,15.9
1992-07-21,16.04
1992-07-22,15.75
1992-07-23,15.75
1992-07-24,15.7
1992-07-27,15.66
1992-07-28,15.9
1992-07-29,16.24
1992-07-30,16.09
1992-07-31,16.24
1992-08-03,16.67
1992-08-04,16.53
1992-08-05,16.48
1992-08-06,16.48
1992-08-07,16.53
1992-08-10,16.72
1992-08-11,16.63
1992-08-12,16.67
1992-08-13,16.77
1992-08-14,16.82
1992-08-17,16.82
1992-08-18,16.87
1992-08-19,16.72
1992-08-20,16.92
1992-08-21,16.58
1992-08-24,16.53
1992-08-25,16.53
1992-08-26,16.58
1992-08-27,16.63
1992-08-28,16.82
1992-08-31,16.67
1992-09-01,16.96
1992-09-02,16.92
1992-09-03,16.92
1992-09-04,16.92
1992-09-08,16.92
1992-09-09,17.17
1992-09-10,17.17
1992-09-11,17.21
1992-09-14,17.26
1992-09-15,17.21
1992-09-16,17.41
1992-09-17,17.36
1992-09-18,17.5
1992-09-21,17.41
1992-09-22,16.43
1992-09-23,15.85
1992-09-24,16.1
1992-09-25,16.0
1992-09-28,16.04
1992-09-29,15.85
1992-09-30,15.75
1992-10-01,15.56
1992-10-02,15.27
1992-10-05,15.32
1992-10-06,15.07
1992-10-07,14.59
1992-10-08,14.64
1992-10-09,14.39
1992-10-12,14.35
1992-10-13,14.73
1992-10-14,14.98
1992-10-15,15.27
1992-10-16,15.71
1992-10-19,16.0
1992-10-20,15.85
1992-10-21,15.75
1992-10-22,15.75
1992-10-23,15.56
1992-10-26,15.85
1992-10-27,16.1
1992-10-28,16.1
1992-10-29,16.14
1992-10-30,15.8
1992-11-02,16.14
1992-11-03,15.85
1992-11-04,15.66
1992-11-05,15.9
1992-11-06,15.9
1992-11-09,16.0
1992-11-10,15.9
1992-11-11,16.29
1992-11-12,15.95
1992-11-13,16.14
1992-11-16,15.9
1992-11-17,15.85
1992-11-18,15.85
1992-11-19,15.85
1992-11-20,15.9
1992-11-23,15.85
1992-11-24,15.81
1992-11-25,15.86
1992-11-27,15.76
1992-11-30,15.51
1992-12-01,15.47
1992-12-02,15.42
1992-12-03,15.42
1992-12-04,15.47
1992-12-07,15.61
1992-12-08,15.66
1992-12-09,15.57
1992-12-10,15.51
1992-12-11,15.57
1992-12-14,15.42
1992-12-15,15.86
1992-12-16,15.86
1992-12-17,16.2
1992-12-18,17.08
1992-12-21,16.98
1992-12-22,17.03
1992-12-23,17.03
1992-12-24,16.98
1992-12-28,16.98
1992-12-29,16.78
1992-12-30,16.69
1992-12-31,16.35
1993-01-04,16.39
1993-01-05,16.05
1993-01-06,16.15
1993-01-07,15.86
1993-01-08,15.71
1993-01-11,15.91
1993-01-12,16.0
1993-01-13,16.15
1993-01-14,16.88
1993-01-15,16.88
1993-01-18,16.83
1993-01-19,16.39
1993-01-20,16.3
1993-01-21,16.35
1993-01-22,16.0
1993-01-25,16.3
1993-01-26,16.44
1993-01-27,16.2
1993-01-28,16.1
1993-01-29,16.54
1993-02-01,16.78
1993-02-02,16.44
1993-02-03,16.35
1993-02-04,16.3
1993-02-05,16.1
1993-02-08,16.05
1993-02-09,15.91
1993-02-10,15.81
1993-02-11,15.86
1993-02-12,15.81
1993-02-16,15.86
1993-02-17,15.96
1993-02-18,16.1
1993-02-19,16.3
1993-02-22,16.1
1993-02-23,16.15
1993-02-24,16.39
1993-02-25,16.49
1993-02-26,16.54
1993-03-01,16.44
1993-03-02,16.83
1993-03-03,16.69
1993-03-04,16.83
1993-03-05,16.74
1993-03-08,17.08
1993-03-09,16.9
1993-03-10,16.8
1993-03-11,16.75
1993-03-12,16.55
1993-03-15,16.85
1993-03-16,16.9
1993-03-17,16.7
1993-03-18,16.8
1993-03-19,16.61
1993-03-22,16.46
1993-03-23,16.26
1993-03-24,16.41
1993-03-25,16.7
1993-03-26,16.31
1993-03-29,16.41
1993-03-30,16.85
1993-03-31,16.7
1993-04-01,16.8
1993-04-02,16.46
1993-04-05,16.07
1993-04-06,15.67
1993-04-07,15.48
1993-04-08,15.58
1993-04-12,15.43
1993-04-13,15.33
1993-04-14,15.63
1993-04-15,15.53
1993-04-16,14.89
1993-04-19,14.94
1993-04-20,15.09
1993-04-21,15.28
1993-04-22,15.23
1993-04-23,15.23
1993-04-26,15.53
1993-04-27,15.53
1993-04-28,15.43
1993-04-29,15.58
1993-04-30,15.43
1993-05-03,15.53
1993-05-04,15.43
1993-05-05,15.38
1993-05-06,15.23
1993-05-07,15.18
1993-05-10,15.33
1993-05-11,15.72
1993-05-12,15.58
1993-05-13,15.38
1993-05-14,15.63
1993-05-17,15.72
1993-05-18,15.67
1993-05-19,16.21
1993-05-20,16.51
1993-05-21,16.07
1993-05-24,16.07
1993-05-25,16.12
1993-05-26,16.26
1993-05-27,16.16
1993-05-28,16.26
1993-06-01,16.26
1993-06-02,16.31
1993-06-03,16.16
1993-06-04,16.12
1993-06-07,16.07
1993-06-08,15.92
1993-06-09,15.69
1993-06-10,16.13
1993-06-11,16.43
1993-06-14,16.48
1993-06-15,16.48
1993-06-16,16.53
1993-06-17,16.62
1993-06-18,16.33
1993-06-21,16.23
1993-06-22,16.18
1993-06-23,16.43
1993-06-24,16.77
1993-06-25,16.77
1993-06-28,17.02
1993-06-29,17.07
1993-06-30,16.92
1993-07-01,16.92
1993-07-02,16.82
1993-07-06,16.48
1993-07-07,16.87
1993-07-08,17.17
1993-07-09,17.07
1993-07-12,17.41
1993-07-13,17.21
1993-07-14,17.46
1993-07-15,17.51
1993-07-16,17.36
1993-07-19,17.46
1993-07-20,17.56
1993-07-21,17.41
1993-07-22,17.21
1993-07-23,17.31
1993-07-26,17.21
1993-07-27,17.12
1993-07-28,17.17
1993-07-29,17.31
1993-07-30,17.02
1993-08-02,17.12
1993-08-03,17.07
1993-08-04,16.82
1993-08-05,16.97
1993-08-06,16.77
1993-08-09,16.97
1993-08-10,16.82
1993-08-11,17.21
1993-08-12,16.72
1993-08-13,16.82
1993-08-16,16.53
1993-08-17,16.72
1993-08-18,16.82
1993-08-19,17.21
1993-08-20,17.12
1993-08-23,17.17
1993-08-24,17.36
1993-08-25,16.97
1993-08-26,16.87
1993-08-27,16.87
1993-08-30,16.97
1993-08-31,17.07
1993-09-01,16.77
1993-09-02,16.77
1993-09-03,16.97
1993-09-07,16.92
1993-09-08,16.97
1993-09-09,17.04
1993-09-10,17.38
1993-09-13,17.58
1993-09-14,17.43
1993-09-15,17.33
1993-09-16,17.09
1993-09-17,17.18
1993-09-20,16.89
1993-09-21,16.79
1993-09-22,16.89
1993-09-23,16.89
1993-09-24,16.84
1993-09-27,16.99
1993-09-28,16.89
1993-09-29,16.74
1993-09-30,16.69
1993-10-01,16.59
1993-10-04,16.64
1993-10-05,16.54
1993-10-06,16.35
1993-10-07,16.25
1993-10-08,16.3
1993-10-11,16.59
1993-10-12,16.64
1993-10-13,16.64
1993-10-14,17.43
1993-10-15,17.38
1993-10-18,17.24
1993-10-19,17.24
1993-10-20,17.38
1993-10-21,17.24
1993-10-22,16.89
1993-10-25,16.94
1993-10-26,16.94
1993-10-27,16.99
1993-10-28,16.99
1993-10-29,17.14
1993-11-01,17.04
1993-11-02,16.84
1993-11-03,16.59
1993-11-04,16.39
1993-11-05,16.39
1993-11-08,16.39
1993-11-09,16.25
1993-11-10,16.05
1993-11-11,15.85
1993-11-12,16.1
1993-11-15,16.35
1993-11-16,16.64
1993-11-17,16.74
1993-11-18,16.59
1993-11-19,16.84
1993-11-22,16.64
1993-11-23,16.69
1993-11-24,16.66
1993-11-26,16.76
1993-11-29,16.76
1993-11-30,16.66
1993-12-01,16.76
1993-12-02,16.86
1993-12-03,17.01
1993-12-06,17.25
1993-12-07,17.45
1993-12-08,17.35
1993-12-09,17.31
1993-12-10,17.25
1993-12-13,17.35
1993-12-14,17.15
1993-12-15,16.91
1993-12-16,17.21
1993-12-17,16.91
1993-12-20,17.01
1993-12-21,17.25
1993-12-22,17.45
1993-12-23,17.25
1993-12-27,17.55
1993-12-28,17.7
1993-12-29,17.85
1993-12-30,17.8
1993-12-31,17.7
1994-01-03,17.65
1994-01-04,17.5
1994-01-05,17.06
1994-01-06,16.71
1994-01-07,16.91
1994-01-10,17.21
1994-01-11,16.96
1994-01-12,17.15
1994-01-13,16.91
1994-01-14,16.86
1994-01-17,16.51
1994-01-18,16.26
1994-01-19,16.46
1994-01-20,16.41
1994-01-21,16.36
1994-01-24,16.06
1994-01-25,16.16
1994-01-26,16.26
1994-01-27,16.56
1994-01-28,16.36
1994-01-31,16.21
1994-02-01,16.46
1994-02-02,16.46
1994-02-03,16.56
1994-02-04,16.16
1994-02-07,16.16
1994-02-08,15.96
1994-02-09,16.06
1994-02-10,16.16
1994-02-11,16.46
1994-02-14,16.26
1994-02-15,16.21
1994-02-16,16.41
1994-02-17,16.56
1994-02-18,16.46
1994-02-22,16.86
1994-02-23,16.91
1994-02-24,16.66
1994-02-25,16.66
1994-02-28,16.91
1994-03-01,16.81
1994-03-02,16.71
1994-03-03,16.51
1994-03-04,16.51
1994-03-07,16.51
1994-03-08,16.26
1994-03-09,16.29
1994-03-10,16.24
1994-03-11,16.29
1994-03-14,16.59
1994-03-15,16.39
1994-03-16,16.39
1994-03-17,16.54
1994-03-18,16.69
1994-03-21,16.74
1994-03-22,16.79
1994-03-23,16.69
1994-03-24,16.69
1994-03-25,16.64
1994-03-28,16.79
1994-03-29,16.69
1994-03-30,16.34
1994-03-31,16.19
1994-04-04,16.04
1994-04-05,16.14
1994-04-06,16.34
1994-04-07,16.44
1994-04-08,16.39
1994-04-11,16.09
1994-04-12,15.84
1994-04-13,16.14
1994-04-14,15.69
1994-04-15,15.69
1994-04-18,15.69
1994-04-19,15.79
1994-04-20,15.89
1994-04-21,16.14
1994-04-22,15.94
1994-04-25,16.19
1994-04-26,16.14
1994-04-28,16.44
1994-04-29,16.64
1994-05-02,16.69
1994-05-03,16.54
1994-05-04,16.54
1994-05-05,16.39
1994-05-06,16.04
1994-05-09,15.74
1994-05-10,15.84
1994-05-11,15.94
1994-05-12,16.04
1994-05-13,15.74
1994-05-16,15.84
1994-05-17,16.14
1994-05-18,16.19
1994-05-19,16.39
1994-05-20,16.29
1994-05-23,16.09
1994-05-24,15.99
1994-05-25,16.04
1994-05-26,16.24
1994-05-27,16.19
1994-05-31,16.04
1994-06-01,16.34
1994-06-02,16.59
1994-06-03,16.74
1994-06-06,16.79
1994-06-07,16.84
1994-06-08,16.69
1994-06-09,16.27
1994-06-10,16.12
1994-06-13,15.77
1994-06-14,15.97
1994-06-15,15.97
1994-06-16,16.32
1994-06-17,16.02
1994-06-20,16.12
1994-06-21,16.07
1994-06-22,16.32
1994-06-23,16.22
1994-06-24,16.07
1994-06-27,16.22
1994-06-28,16.17
1994-06-29,16.37
1994-06-30,16.27
1994-07-01,16.67
1994-07-05,16.62
1994-07-06,16.62
1994-07-07,16.67
1994-07-08,16.77
1994-07-11,16.82
1994-07-12,16.82
1994-07-13,16.77
1994-07-14,16.87
1994-07-15,16.97
1994-07-18,16.97
1994-07-19,17.02
1994-07-20,16.92
1994-07-21,17.02
1994-07-22,17.07
1994-07-25,17.32
1994-07-26,17.22
1994-07-27,17.37
1994-07-28,17.67
1994-07-29,17.77
1994-08-01,17.77
1994-08-02,17.67
1994-08-03,17.57
1994-08-04,17.57
1994-08-05,17.57
1994-08-08,17.57
1994-08-09,17.57
1994-08-10,17.62
1994-08-11,17.47
1994-08-12,17.82
1994-08-15,17.72
1994-08-16,18.27
1994-08-17,18.47
1994-08-18,19.07
1994-08-19,18.72
1994-08-22,18.62
1994-08-23,18.62
1994-08-24,18.52
1994-08-25,18.52
1994-08-26,18.67
1994-08-29,18.52
1994-08-30,18.47
1994-08-31,18.42
1994-09-01,18.42
1994-09-02,18.52
1994-09-06,18.37
1994-09-07,18.52
1994-09-08,18.47
1994-09-09,18.25
1994-09-12,18.25
1994-09-13,18.5
1994-09-14,18.95
1994-09-15,19.5
1994-09-16,19.2
1994-09-19,19.7
1994-09-20,19.5
1994-09-21,19.55
1994-09-22,19.6
1994-09-23,19.6
1994-09-26,20.0
1994-09-27,19.86
1994-09-28,19.75
1994-09-29,19.65
1994-09-30,19.55
1994-10-03,19.8
1994-10-04,19.45
1994-10-05,19.55
1994-10-06,19.6
1994-10-07,19.55
1994-10-10,19.7
1994-10-11,20.26
1994-10-12,20.06
1994-10-13,20.41
1994-10-14,20.36
1994-10-17,20.26
1994-10-18,20.41
1994-10-19,20.36
1994-10-20,20.1
1994-10-21,20.21
1994-10-24,19.86
1994-10-25,20.21
1994-10-26,20.1
1994-10-27,20.36
1994-10-28,20.31
1994-10-31,20.26
1994-11-01,20.36
1994-11-02,20.21
1994-11-03,20.06
1994-11-04,20.1
1994-11-07,20.21
1994-11-08,20.36
1994-11-09,20.36
1994-11-10,20.31
1994-11-11,20.31
1994-11-14,20.66
1994-11-15,20.71
1994-11-16,21.01
1994-11-17,20.91
1994-11-18,21.11
1994-11-21,21.36
1994-11-22,21.01
1994-11-23,20.81
1994-11-25,20.94
1994-11-28,21.04
1994-11-29,20.99
1994-11-30,20.64
1994-12-01,20.38
1994-12-02,20.79
1994-12-05,20.79
1994-12-06,20.64
1994-12-07,20.54
1994-12-08,20.43
1994-12-09,20.18
1994-12-12,20.13
1994-12-13,20.23
1994-12-14,20.54
1994-12-15,20.58
1994-12-16,20.84
1994-12-19,20.74
1994-12-20,21.04
1994-12-21,21.29
1994-12-22,20.64
1994-12-23,20.84
1994-12-27,21.09
1994-12-28,21.09
1994-12-29,21.14
1994-12-30,20.79
1995-01-03,20.89
1995-01-04,20.43
1995-01-05,20.33
1995-01-06,20.33
1995-01-09,20.03
1995-01-10,19.83
1995-01-11,19.88
1995-01-12,20.08
1995-01-13,20.08
1995-01-16,20.43
1995-01-17,20.54
1995-01-18,20.38
1995-01-19,20.54
1995-01-20,20.54
1995-01-23,20.54
1995-01-24,20.33
1995-01-25,20.43
1995-01-26,20.89
1995-01-27,21.14
1995-01-30,21.24
1995-01-31,21.19
1995-02-01,21.09
1995-02-02,21.14
1995-02-03,21.44
1995-02-06,21.49
1995-02-07,21.65
1995-02-08,21.49
1995-02-09,21.19
1995-02-10,21.44
1995-02-13,21.14
1995-02-14,21.04
1995-02-15,21.34
1995-02-16,21.8
1995-02-17,21.54
1995-02-21,21.65
1995-02-22,21.69
1995-02-23,21.8
1995-02-24,22.1
1995-02-27,22.0
1995-02-28,22.2
1995-03-01,22.3
1995-03-02,22.15
1995-03-03,22.25
1995-03-06,22.55
1995-03-07,22.35
1995-03-08,22.4
1995-03-09,22.29
1995-03-10,23.0
1995-03-13,23.05
1995-03-14,23.05
1995-03-15,23.15
1995-03-16,23.71
1995-03-17,23.6
1995-03-20,23.4
1995-03-21,23.71
1995-03-22,23.91
1995-03-23,23.5
1995-03-24,23.4
1995-03-27,23.25
1995-03-28,23.1
1995-03-29,23.35
1995-03-30,23.0
1995-03-31,22.85
1995-04-03,23.4
1995-04-04,23.66
1995-04-05,23.6
1995-04-06,23.71
1995-04-07,23.81
1995-04-10,23.71
1995-04-11,23.45
1995-04-12,23.66
1995-04-13,23.56
1995-04-17,23.15
1995-04-18,23.66
1995-04-19,23.45
1995-04-20,23.2
1995-04-21,23.56
1995-04-24,23.66
1995-04-25,23.6
1995-04-26,23.56
1995-04-27,23.5
1995-04-28,23.56
1995-05-01,23.35
1995-05-02,23.5
1995-05-03,23.76
1995-05-04,23.91
1995-05-05,24.11
1995-05-08,24.62
1995-05-09,24.72
1995-05-10,24.87
1995-05-11,24.67
1995-05-12,23.91
1995-05-15,23.45
1995-05-16,23.25
1995-05-17,23.5
1995-05-18,23.2
1995-05-19,23.66
1995-05-22,23.81
1995-05-23,24.26
1995-05-24,24.16
1995-05-25,24.31
1995-05-26,24.16
1995-05-30,24.37
1995-05-31,24.97
1995-06-01,24.72
1995-06-02,24.67
1995-06-05,24.47
1995-06-06,24.41
1995-06-07,24.52
1995-06-08,24.62
1995-06-09,24.31
1995-06-12,24.41
1995-06-13,24.61
1995-06-14,24.76
1995-06-15,24.96
1995-06-16,25.37
1995-06-19,25.52
1995-06-20,25.72
1995-06-21,26.03
1995-06-22,26.38
1995-06-23,26.59
1995-06-26,26.74
1995-06-27,26.33
1995-06-28,26.23
1995-06-29,26.03
1995-06-30,25.93
1995-07-03,26.23
1995-07-05,25.98
1995-07-06,26.23
1995-07-07,25.72
1995-07-10,25.93
1995-07-11,26.03
1995-07-12,26.48
1995-07-13,26.28
1995-07-14,25.98
1995-07-17,26.03
1995-07-18,26.23
1995-07-19,26.48
1995-07-20,26.13
1995-07-21,26.48
1995-07-24,26.54
1995-07-25,26.69
1995-07-26,27.05
1995-07-27,27.05
1995-07-28,26.84
1995-07-31,26.69
1995-08-01,27.05
1995-08-02,26.79
1995-08-03,26.74
1995-08-04,26.89
1995-08-07,26.74
1995-08-08,26.84
1995-08-09,27.15
1995-08-10,27.15
1995-08-11,26.84
1995-08-14,26.99
1995-08-15,26.64
1995-08-16,26.23
1995-08-17,26.18
1995-08-18,25.62
1995-08-21,25.68
1995-08-22,25.72
1995-08-23,25.57
1995-08-24,25.93
1995-08-25,26.23
1995-08-28,26.33
1995-08-29,26.28
1995-08-30,26.13
1995-08-31,26.13
1995-09-01,26.08
1995-09-05,25.93
1995-09-06,26.23
1995-09-07,25.98
1995-09-08,25.88
1995-09-11,25.93
1995-09-12,26.28
1995-09-13,26.88
1995-09-14,27.09
1995-09-15,27.19
1995-09-18,27.29
1995-09-19,27.55
1995-09-20,28.21
1995-09-21,28.36
1995-09-22,28.82
1995-09-25,28.62
1995-09-26,28.46
1995-09-27,28.62
1995-09-28,28.06
1995-09-29,28.16
1995-10-02,28.11
1995-10-03,28.92
1995-10-04,29.23
1995-10-05,28.82
1995-10-06,28.87
1995-10-09,29.23
1995-10-10,29.13
1995-10-11,29.02
1995-10-12,28.87
1995-10-13,28.92
1995-10-16,29.23
1995-10-17,28.92
1995-10-18,29.28
1995-10-19,29.99
1995-10-20,29.53
1995-10-23,29.38
1995-10-24,29.59
1995-10-25,29.28
1995-10-26,28.97
1995-10-27,29.23
1995-10-30,29.38
1995-10-31,29.33
1995-11-01,29.28
1995-11-02,29.23
1995-11-03,29.02
1995-11-06,28.72
1995-11-07,29.08
1995-11-08,29.69
1995-11-09,29.28
1995-11-10,29.69
1995-11-13,30.15
1995-11-14,30.2
1995-11-15,30.3
1995-11-16,30.5
1995-11-17,30.61
1995-11-20,30.71
1995-11-21,31.32
1995-11-22,30.61
1995-11-24,30.71
1995-11-27,30.45
1995-11-28,30.76
1995-11-29,30.9
1995-11-30,31.0
1995-12-01,31.02
1995-12-04,31.21
1995-12-05,31.67
1995-12-06,32.49
1995-12-07,32.08
1995-12-08,32.13
1995-12-11,32.49
1995-12-12,32.79
1995-12-13,32.74
1995-12-14,32.23
1995-12-15,32.18
1995-12-18,31.77
1995-12-19,31.62
1995-12-20,30.39
1995-12-21,29.78
1995-12-22,29.47
1995-12-26,30.54
1995-12-27,30.54
1995-12-28,30.64
1995-12-29,30.39
1996-01-02,30.7
1996-01-03,30.95
1996-01-04,30.7
1996-01-05,30.54
1996-01-08,30.75
1996-01-09,30.34
1996-01-10,29.82
1996-01-11,30.13
1996-01-12,29.78
1996-01-15,30.13
1996-01-16,30.64
1996-01-17,29.93
1996-01-18,30.03
1996-01-19,30.03
1996-01-22,29.78
1996-01-23,30.08
1996-01-24,30.75
1996-01-25,30.13
1996-01-26,30.49
1996-01-29,30.39
1996-01-30,30.8
1996-01-31,30.85
1996-02-01,30.9
1996-02-02,30.75
1996-02-05,31.21
1996-02-06,31.36
1996-02-07,31.92
1996-02-08,32.85
1996-02-09,32.59
1996-02-12,32.59
1996-02-13,33.05
1996-02-14,33.15
1996-02-15,33.25
1996-02-16,32.95
1996-02-20,33.0
1996-02-21,33.51
1996-02-22,34.38
1996-02-23,34.02
1996-02-26,33.46
1996-02-27,33.61
1996-02-28,33.3
1996-02-29,33.05
1996-03-01,33.61
1996-03-04,34.38
1996-03-05,34.48
1996-03-06,34.02
1996-03-07,34.18
1996-03-08,32.85
1996-03-11,33.2
1996-03-12,33.25
1996-03-13,33.3
1996-03-14,33.46
1996-03-15,33.2
1996-03-18,33.87
1996-03-19,33.87
1996-03-20,34.59
1996-03-21,34.33
1996-03-22,34.43
1996-03-25,34.69
1996-03-26,34.84
1996-03-27,34.43
1996-03-28,34.43
1996-03-29,33.97
1996-04-01,34.59
1996-04-02,34.49
1996-04-03,34.49
1996-04-04,34.38
1996-04-08,33.87
1996-04-09,33.56
1996-04-10,32.38
1996-04-11,32.79
1996-04-12,33.15
1996-04-15,33.25
1996-04-16,33.41
1996-04-17,32.89
1996-04-18,32.64
1996-04-19,32.33
1996-04-22,33.1
1996-04-23,33.25
1996-04-24,33.0
1996-04-25,33.36
1996-04-26,33.36
1996-04-29,33.3
1996-04-30,33.46
1996-05-01,33.56
1996-05-02,33.0
1996-05-03,32.74
1996-05-06,33.2
1996-05-07,33.41
1996-05-08,33.97
1996-05-09,33.97
1996-05-10,34.43
1996-05-13,35.31
1996-05-14,36.44
1996-05-15,36.54
1996-05-16,37.36
1996-05-17,37.88
1996-05-20,38.18
1996-05-21,38.18
1996-05-22,38.7
1996-05-23,38.29
1996-05-24,39.0
1996-05-28,37.77
1996-05-29,37.77
1996-05-30,38.39
1996-05-31,37.77
1996-06-03,37.98
1996-06-04,38.18
1996-06-05,39.21
1996-06-06,38.39
1996-06-07,38.49
1996-06-10,38.39
1996-06-11,38.59
1996-06-12,38.08
1996-06-13,38.18
1996-06-14,37.67
1996-06-17,37.98
1996-06-18,38.08
1996-06-19,38.28
1996-06-20,38.49
1996-06-21,39.21
1996-06-24,40.14
1996-06-25,39.93
1996-06-26,40.45
1996-06-27,40.24
1996-06-28,40.34
1996-07-01,40.65
1996-07-02,40.75
1996-07-03,40.34
1996-07-05,39.11
1996-07-08,39.01
1996-07-09,39.11
1996-07-10,39.52
1996-07-11,39.21
1996-07-12,38.8
1996-07-15,37.46
1996-07-16,37.98
1996-07-17,37.87
1996-07-18,39.01
1996-07-19,38.8
1996-07-22,39.01
1996-07-23,38.49
1996-07-24,37.77
1996-07-25,37.98
1996-07-26,38.8
1996-07-29,38.08
1996-07-30,38.18
1996-07-31,38.6
1996-08-01,39.63
1996-08-02,40.55
1996-08-05,40.45
1996-08-06,40.65
1996-08-07,40.55
1996-08-08,40.34
1996-08-09,40.14
1996-08-12,40.96
1996-08-13,41.37
1996-08-14,41.68
1996-08-15,42.09
1996-08-16,42.61
1996-08-19,42.51
1996-08-20,42.19
1996-08-21,41.89
1996-08-22,42.81
1996-08-23,42.3
1996-08-26,42.09
1996-08-27,42.51
1996-08-28,42.19
1996-08-29,41.48
1996-08-30,41.16
1996-09-03,41.78
1996-09-04,41.68
1996-09-05,41.16
1996-09-06,42.24
1996-09-09,42.61
1996-09-10,43.12
1996-09-11,42.81
1996-09-12,42.81
1996-09-13,43.74
1996-09-16,43.85
1996-09-17,43.02
1996-09-18,42.81
1996-09-19,42.91
1996-09-20,42.2
1996-09-23,42.2
1996-09-24,42.5
1996-09-25,42.29
1996-09-26,42.5
1996-09-27,41.88
1996-09-30,41.99
1996-10-01,41.37
1996-10-02,41.06
1996-10-03,40.34
1996-10-04,41.26
1996-10-07,41.47
1996-10-08,41.26
1996-10-09,41.06
1996-10-10,40.44
1996-10-11,41.06
1996-10-14,40.75
1996-10-15,40.23
1996-10-16,40.03
1996-10-17,40.64
1996-10-18,41.26
1996-10-21,41.06
1996-10-22,41.37
1996-10-23,41.47
1996-10-24,41.47
1996-10-25,41.16
1996-10-28,40.96
1996-10-29,41.06
1996-10-30,41.58
1996-10-31,41.68
1996-11-01,41.47
1996-11-04,41.88
1996-11-05,42.5
1996-11-06,42.91
1996-11-07,43.23
1996-11-08,43.43
1996-11-11,42.91
1996-11-12,42.4
1996-11-13,42.91
1996-11-14,43.02
1996-11-15,43.53
1996-11-18,43.12
1996-11-19,42.71
1996-11-20,42.61
1996-11-21,41.78
1996-11-22,41.88
1996-11-25,42.4
1996-11-26,42.4
1996-11-27,42.4
1996-11-29,42.3
1996-12-02,42.09
1996-12-03,41.16
1996-12-04,41.06
1996-12-05,40.74
1996-12-06,40.54
1996-12-09,41.57
1996-12-10,41.06
1996-12-11,40.74
1996-12-12,39.61
1996-12-13,39.61
1996-12-16,39.82
1996-12-17,40.23
1996-12-18,40.02
1996-12-19,42.3
1996-12-20,43.75
1996-12-23,43.33
1996-12-24,43.95
1996-12-26,44.05
1996-12-27,44.67
1996-12-30,43.95
1996-12-31,43.54
1997-01-02,42.92
1997-01-03,43.95
1997-01-06,43.54
1997-01-07,44.99
1997-01-08,44.16
1997-01-09,44.57
1997-01-10,44.78
1997-01-13,44.67
1997-01-14,45.91
1997-01-15,47.15
1997-01-16,47.68
1997-01-17,48.6
1997-01-20,48.6
1997-01-21,49.33
1997-01-22,49.12
1997-01-23,47.57
1997-01-24,47.26
1997-01-27,46.64
1997-01-28,45.91
1997-01-29,46.74
1997-01-30,47.47
1997-01-31,47.88
1997-02-03,49.22
1997-02-04,49.12
1997-02-05,48.19
1997-02-06,47.78
1997-02-07,48.19
1997-02-10,48.19
1997-02-11,49.02
1997-02-12,49.84
1997-02-13,50.46
1997-02-14,50.16
1997-02-18,50.88
1997-02-19,51.29
1997-02-20,50.67
1997-02-21,51.29
1997-02-24,52.02
1997-02-25,51.81
1997-02-26,50.46
1997-02-27,50.98
1997-02-28,50.46
1997-03-03,49.95
1997-03-04,49.02
1997-03-05,49.84
1997-03-06,50.36
1997-03-07,50.05
1997-03-10,50.57
1997-03-11,51.29
1997-03-12,50.58
1997-03-13,49.65
1997-03-14,49.33
1997-03-17,49.96
1997-03-18,50.06
1997-03-19,49.44
1997-03-20,48.92
1997-03-21,49.75
1997-03-24,49.54
1997-03-25,49.33
1997-03-26,48.61
1997-03-27,47.58
1997-03-31,46.22
1997-04-01,46.54
1997-04-02,46.22
1997-04-03,45.92
1997-04-04,47.58
1997-04-07,46.75
1997-04-08,47.05
1997-04-09,47.78
1997-04-10,47.26
1997-04-11,44.57
1997-04-14,46.13
1997-04-15,48.09
1997-04-16,48.71
1997-04-17,48.51
1997-04-18,49.44
1997-04-21,48.61
1997-04-22,51.31
1997-04-23,49.96
1997-04-24,49.75
1997-04-25,49.03
1997-04-28,50.69
1997-04-29,51.93
1997-04-30,52.76
1997-05-01,51.51
1997-05-02,53.07
1997-05-05,54.72
1997-05-06,55.14
1997-05-07,54.2
1997-05-08,53.58
1997-05-09,54.2
1997-05-12,55.14
1997-05-13,55.14
1997-05-14,55.55
1997-05-15,56.27
1997-05-16,55.45
1997-05-19,56.38
1997-05-20,56.69
1997-05-21,55.86
1997-05-22,55.14
1997-05-23,56.48
1997-05-27,56.8
1997-05-28,55.76
1997-05-29,55.97
1997-05-30,56.8
1997-06-02,56.07
1997-06-03,56.27
1997-06-04,55.24
1997-06-05,55.14
1997-06-06,56.17
1997-06-09,56.8
1997-06-10,56.69
1997-06-11,56.81
1997-06-12,58.16
1997-06-13,59.71
1997-06-16,59.51
1997-06-17,59.51
1997-06-18,59.3
1997-06-19,59.41
1997-06-20,59.3
1997-06-23,57.95
1997-06-24,58.42
1997-06-25,57.69
1997-06-26,58.05
1997-06-27,58.99
1997-06-30,56.5
1997-07-01,57.01
1997-07-02,58.52
1997-07-03,58.78
1997-07-07,58.05
1997-07-08,58.62
1997-07-09,57.64
1997-07-10,57.84
1997-07-11,58.0
1997-07-14,57.95
1997-07-15,58.26
1997-07-16,58.88
1997-07-17,58.05
1997-07-18,57.54
1997-07-21,56.76
1997-07-22,58.26
1997-07-23,57.38
1997-07-24,58.32
1997-07-25,58.26
1997-07-28,57.9
1997-07-29,57.9
1997-07-30,58.05
1997-07-31,57.43
1997-08-01,57.01
1997-08-04,57.28
1997-08-05,56.5
1997-08-06,56.6
1997-08-07,55.3
1997-08-08,52.09
1997-08-11,51.3
1997-08-12,50.63
1997-08-13,50.22
1997-08-14,49.9
1997-08-15,48.81
1997-08-18,50.17
1997-08-19,50.52
1997-08-20,51.1
1997-08-21,50.32
1997-08-22,50.42
1997-08-25,49.59
1997-08-26,49.02
1997-08-27,48.71
1997-08-28,48.4
1997-08-29,47.62
1997-09-02,49.75
1997-09-03,49.02
1997-09-04,49.54
1997-09-05,49.75
1997-09-08,49.13
1997-09-09,48.81
1997-09-10,47.88
1997-09-11,46.75
1997-09-12,47.52
1997-09-15,47.94
1997-09-16,49.35
1997-09-17,49.19
1997-09-18,48.98
1997-09-19,49.3
1997-09-22,49.84
1997-09-23,49.76
1997-09-24,50.5
1997-09-25,51.01
1997-09-26,51.59
1997-09-29,52.1
1997-09-30,50.81
1997-10-01,51.59
1997-10-02,52.37
1997-10-03,51.95
1997-10-06,52.37
1997-10-07,53.15
1997-10-08,52.26
1997-10-09,51.48
1997-10-10,51.38
1997-10-13,51.06
1997-10-14,50.6
1997-10-15,49.81
1997-10-16,49.09
1997-10-17,48.72
1997-10-20,48.98
1997-10-21,49.97
1997-10-22,49.4
1997-10-23,48.05
1997-10-24,46.22
1997-10-27,44.61
1997-10-28,48.1
1997-10-29,47.58
1997-10-30,46.64
1997-10-31,47.17
1997-11-03,48.51
1997-11-04,48.36
1997-11-05,48.0
1997-11-06,48.21
1997-11-07,47.47
1997-11-10,46.43
1997-11-11,47.11
1997-11-12,47.01
1997-11-13,47.84
1997-11-14,47.94
1997-11-17,49.66
1997-11-18,49.76
1997-11-19,51.75
1997-11-20,52.89
1997-11-21,53.1
1997-11-24,52.1
1997-11-25,53.4
1997-11-26,52.07
1997-11-28,52.17
1997-12-01,53.89
1997-12-02,54.98
1997-12-03,54.93
1997-12-04,54.1
1997-12-05,55.14
1997-12-08,53.05
1997-12-09,53.11
1997-12-10,53.32
1997-12-11,53.11
1997-12-12,54.2
1997-12-15,54.98
1997-12-16,54.83
1997-12-17,54.98
1997-12-18,53.63
1997-12-19,54.62
1997-12-22,55.14
1997-12-23,54.26
1997-12-24,53.94
1997-12-26,53.73
1997-12-29,55.35
1997-12-30,55.97
1997-12-31,55.67
1998-01-02,55.87
1998-01-05,55.46
1998-01-06,55.19
1998-01-07,55.25
1998-01-08,55.61
1998-01-09,53.52
1998-01-12,55.14
1998-01-13,54.56
1998-01-14,53.94
1998-01-15,53.21
1998-01-16,54.26
1998-01-20,55.04
1998-01-21,54.67
1998-01-22,54.62
1998-01-23,53.26
1998-01-26,52.64
1998-01-27,52.79
1998-01-28,53.52
1998-01-29,54.05
1998-01-30,54.05
1998-02-02,55.67
1998-02-03,56.34
1998-02-04,55.97
1998-02-05,56.39
1998-02-06,56.08
1998-02-09,56.23
1998-02-10,56.71
1998-02-11,57.49
1998-02-12,57.8
1998-02-13,57.23
1998-02-17,57.18
1998-02-18,57.69
1998-02-19,57.39
1998-02-20,58.06
1998-02-23,57.75
1998-02-24,57.02
1998-02-25,57.28
1998-02-26,57.49
1998-02-27,57.28
1998-03-02,56.76
1998-03-03,56.92
1998-03-04,57.39
1998-03-05,57.85
1998-03-06,58.85
1998-03-09,60.57
1998-03-10,60.62
1998-03-11,60.59
1998-03-12,59.9
1998-03-13,59.02
1998-03-16,60.01
1998-03-17,60.59
1998-03-18,62.57
1998-03-19,62.68
1998-03-20,64.82
1998-03-23,63.46
1998-03-24,63.57
1998-03-25,63.73
1998-03-26,63.94
1998-03-27,62.78
1998-03-30,65.55
1998-03-31,64.77
1998-04-01,67.43
1998-04-02,67.85
1998-04-03,67.28
1998-04-06,66.29
1998-04-07,66.08
1998-04-08,65.29
1998-04-09,65.71
1998-04-13,65.03
1998-04-14,65.08
1998-04-15,64.15
1998-04-16,62.57
1998-04-17,64.25
1998-04-20,62.99
1998-04-21,62.47
1998-04-22,63.36
1998-04-23,62.52
1998-04-24,61.58
1998-04-27,60.53
1998-04-28,60.59
1998-04-29,61.64
1998-04-30,63.46
1998-05-01,63.73
1998-05-04,63.78
1998-05-05,63.62
1998-05-06,63.57
1998-05-07,63.31
1998-05-08,63.94
1998-05-11,64.77
1998-05-12,65.03
1998-05-13,64.61
1998-05-14,65.03
1998-05-15,64.3
1998-05-18,64.71
1998-05-19,65.29
1998-05-20,66.75
1998-05-21,66.45
1998-05-22,65.92
1998-05-26,64.71
1998-05-27,65.45
1998-05-28,66.03
1998-05-29,65.55
1998-06-01,66.5
1998-06-02,66.6
1998-06-03,66.45
1998-06-04,67.07
1998-06-05,68.64
1998-06-08,67.8
1998-06-09,68.27
1998-06-10,67.96
1998-06-11,66.78
1998-06-12,67.62
1998-06-15,66.46
1998-06-16,66.2
1998-06-17,67.3
1998-06-18,68.19
1998-06-19,67.35
1998-06-22,67.98
1998-06-23,69.18
1998-06-24,70.49
1998-06-25,71.12
1998-06-26,71.91
1998-06-29,72.07
1998-06-30,71.65
1998-07-01,71.86
1998-07-02,71.54
1998-07-06,72.69
1998-07-07,72.01
1998-07-08,73.06
1998-07-09,72.64
1998-07-10,73.06
1998-07-13,72.79
1998-07-14,73.69
1998-07-15,73.58
1998-07-16,73.06
1998-07-17,72.17
1998-07-20,70.86
1998-07-21,70.6
1998-07-22,70.28
1998-07-23,69.55
1998-07-24,69.92
1998-07-27,71.18
1998-07-28,69.86
1998-07-29,68.6
1998-07-30,69.34
1998-07-31,67.46
1998-08-03,68.81
1998-08-04,65.88
1998-08-05,67.35
1998-08-06,68.39
1998-08-07,67.41
1998-08-10,67.14
1998-08-11,66.62
1998-08-12,66.78
1998-08-13,65.99
1998-08-14,64.36
1998-08-17,66.25
1998-08-18,66.25
1998-08-19,65.94
1998-08-20,66.57
1998-08-21,66.46
1998-08-24,66.72
1998-08-25,67.14
1998-08-26,66.36
1998-08-27,62.64
1998-08-28,60.96
1998-08-31,54.57
1998-09-01,57.19
1998-09-02,53.84
1998-09-03,51.9
1998-09-04,52.06
1998-09-08,53.21
1998-09-09,52.48
1998-09-10,51.02
1998-09-11,52.45
1998-09-14,53.18
1998-09-15,51.4
1998-09-16,52.45
1998-09-17,51.08
1998-09-18,51.56
1998-09-21,49.72
1998-09-22,47.36
1998-09-23,48.72
1998-09-24,47.62
1998-09-25,47.2
1998-09-28,48.09
1998-09-29,49.3
1998-09-30,48.41
1998-10-01,47.25
1998-10-02,49.51
1998-10-05,51.61
1998-10-06,52.76
1998-10-07,53.18
1998-10-08,54.18
1998-10-09,53.6
1998-10-12,52.66
1998-10-13,53.76
1998-10-14,54.07
1998-10-15,56.7
1998-10-16,58.12
1998-10-19,57.43
1998-10-20,56.33
1998-10-21,56.28
1998-10-22,58.06
1998-10-23,59.01
1998-10-26,58.69
1998-10-27,57.12
1998-10-28,56.75
1998-10-29,56.96
1998-10-30,56.75
1998-11-02,59.64
1998-11-03,61.27
1998-11-04,60.58
1998-11-05,61.06
1998-11-06,61.0
1998-11-09,60.11
1998-11-10,60.58
1998-11-11,59.95
1998-11-12,59.27
1998-11-13,58.59
1998-11-16,58.8
1998-11-17,58.96
1998-11-18,59.59
1998-11-19,59.95
1998-11-20,61.16
1998-11-23,63.37
1998-11-24,61.74
1998-11-25,61.58
1998-11-27,60.35
1998-11-30,58.97
1998-12-01,58.81
1998-12-02,58.55
1998-12-03,57.34
1998-12-04,58.08
1998-12-07,57.76
1998-12-08,57.76
1998-12-09,56.5
1998-12-10,55.61
1998-12-11,52.93
1998-12-14,53.4
1998-12-15,55.51
1998-12-16,54.6
1998-12-17,54.5
1998-12-18,55.19
1998-12-21,55.35
1998-12-22,56.77
1998-12-23,58.87
1998-12-24,58.45
1998-12-28,57.97
1998-12-29,58.34
1998-12-30,57.08
1998-12-31,56.4
1999-01-04,56.56
1999-01-05,57.71
1999-01-06,59.13
1999-01-07,58.45
1999-01-08,57.24
1999-01-11,55.61
1999-01-12,55.08
1999-01-13,54.87
1999-01-14,53.45
1999-01-15,54.55
1999-01-19,53.97
1999-01-20,53.4
1999-01-21,51.82
1999-01-22,51.25
1999-01-25,52.98
1999-01-26,52.66
1999-01-27,53.82
1999-01-28,54.82
1999-01-29,54.98
1999-02-01,53.87
1999-02-02,54.92
1999-02-03,54.29
1999-02-04,53.5
1999-02-05,52.24
1999-02-08,51.77
1999-02-09,52.14
1999-02-10,53.56
1999-02-11,54.18
1999-02-12,53.77
1999-02-16,54.6
1999-02-17,54.13
1999-02-18,54.39
1999-02-19,55.35
1999-02-22,54.24
1999-02-23,52.82
1999-02-24,52.87
1999-02-25,54.08
1999-02-26,53.77
1999-03-01,53.61
1999-03-02,52.3
1999-03-03,51.88
1999-03-04,52.98
1999-03-05,53.82
1999-03-08,53.87
1999-03-09,53.03
1999-03-10,52.93
1999-03-11,56.01
1999-03-12,58.6
1999-03-15,57.97
1999-03-16,57.97
1999-03-17,56.38
1999-03-18,57.6
1999-03-19,56.96
1999-03-22,57.12
1999-03-23,55.59
1999-03-24,55.17
1999-03-25,55.59
1999-03-26,55.12
1999-03-29,54.69
1999-03-30,53.38
1999-03-31,51.8
1999-04-01,51.43
1999-04-05,51.06
1999-04-06,50.47
1999-04-07,49.74
1999-04-08,51.38
1999-04-09,51.27
1999-04-12,52.22
1999-04-13,53.43
1999-04-14,53.54
1999-04-15,54.22
1999-04-16,55.44
1999-04-19,54.8
1999-04-20,55.06
1999-04-21,57.01
1999-04-22,56.12
1999-04-23,56.12
1999-04-26,56.64
1999-04-27,58.6
1999-04-28,57.34
1999-04-29,57.23
1999-04-30,57.44
1999-05-03,58.23
1999-05-04,57.97
1999-05-05,59.5
1999-05-06,58.33
1999-05-07,57.17
1999-05-10,56.59
1999-05-11,56.49
1999-05-12,56.07
1999-05-13,55.49
1999-05-14,55.06
1999-05-17,56.64
1999-05-18,58.02
1999-05-19,57.76
1999-05-20,57.34
1999-05-21,57.39
1999-05-24,56.38
1999-05-25,56.54
1999-05-26,57.81
1999-05-27,57.49
1999-05-28,57.81
1999-06-01,58.33
1999-06-02,57.91
1999-06-03,58.07
1999-06-04,58.86
1999-06-07,57.17
1999-06-08,57.17
1999-06-09,56.54
1999-06-10,55.8
1999-06-11,54.51
1999-06-14,54.83
1999-06-15,53.93
1999-06-16,54.04
1999-06-17,54.61
1999-06-18,53.67
1999-06-21,52.08
1999-06-22,52.98
1999-06-23,52.24
1999-06-24,52.98
1999-06-25,52.35
1999-06-28,51.65
1999-06-29,51.76
1999-06-30,52.45
1999-07-01,54.88
1999-07-02,54.83
1999-07-06,53.83
1999-07-07,53.3
1999-07-08,53.41
1999-07-09,53.83
1999-07-12,53.35
1999-07-13,52.82
1999-07-14,52.35
1999-07-15,54.14
1999-07-16,54.99
1999-07-19,53.46
1999-07-20,53.24
1999-07-21,52.98
1999-07-22,53.41
1999-07-23,52.66
1999-07-26,53.35
1999-07-27,52.87
1999-07-28,51.92
1999-07-29,52.03
1999-07-30,51.23
1999-08-02,50.81
1999-08-03,51.44
1999-08-04,50.87
1999-08-05,51.5
1999-08-06,50.12
1999-08-09,50.55
1999-08-10,50.6
1999-08-11,50.28
1999-08-12,50.87
1999-08-13,50.6
1999-08-16,50.23
1999-08-17,50.87
1999-08-18,49.49
1999-08-19,49.12
1999-08-20,49.75
1999-08-23,49.75
1999-08-24,50.12
1999-08-25,51.87
1999-08-26,52.08
1999-08-27,52.5
1999-08-30,51.5
1999-08-31,50.6
1999-09-01,50.76
1999-09-02,50.33
1999-09-03,48.54
1999-09-07,46.21
1999-09-08,46.74
1999-09-09,46.53
1999-09-10,46.64
1999-09-13,46.99
1999-09-14,46.45
1999-09-15,45.87
1999-09-16,45.87
1999-09-17,45.81
1999-09-20,46.03
1999-09-21,45.6
1999-09-22,44.49
1999-09-23,43.22
1999-09-24,43.38
1999-09-27,43.27
1999-09-28,43.06
1999-09-29,41.47
1999-09-30,40.94
1999-10-01,41.62
1999-10-04,40.35
1999-10-05,40.67
1999-10-06,44.07
1999-10-07,44.12
1999-10-08,45.02
1999-10-11,44.44
1999-10-12,42.9
1999-10-13,42.16
1999-10-14,42.9
1999-10-15,42.37
1999-10-18,43.27
1999-10-19,44.8
1999-10-20,44.75
1999-10-21,46.08
1999-10-22,46.88
1999-10-25,47.77
1999-10-26,47.09
1999-10-27,48.31
1999-10-28,49.9
1999-10-29,50.06
1999-11-01,50.06
1999-11-02,49.0
1999-11-03,48.26
1999-11-04,48.1
1999-11-05,49.32
1999-11-08,49.9
1999-11-09,48.95
1999-11-10,49.11
1999-11-11,48.15
1999-11-12,48.78
1999-11-15,49.42
1999-11-16,50.27
1999-11-17,50.85
1999-11-18,51.28
1999-11-19,51.33
1999-11-22,55.46
1999-11-23,56.58
1999-11-24,57.64
1999-11-26,56.47
1999-11-29,57.03
1999-11-30,57.24
1999-12-01,57.99
1999-12-02,57.36
1999-12-03,58.09
1999-12-06,54.95
1999-12-07,50.18
1999-12-08,51.03
1999-12-09,52.84
1999-12-10,53.79
1999-12-13,52.73
1999-12-14,52.09
1999-12-15,50.93
1999-12-16,49.75
1999-12-17,50.82
1999-12-20,50.65
1999-12-21,49.7
1999-12-22,49.75
1999-12-23,50.39
1999-12-27,50.6
1999-12-28,50.29
1999-12-29,50.13
1999-12-30,49.7
1999-12-31,49.54
2000-01-03,47.95
2000-01-04,48.0
2000-01-05,48.43
2000-01-06,48.48
2000-01-07,51.67
2000-01-10,50.02
2000-01-11,51.72
2000-01-12,52.3
2000-01-13,51.5
2000-01-14,51.93
2000-01-18,55.28
2000-01-19,55.49
2000-01-20,56.02
2000-01-21,56.87
2000-01-24,55.17
2000-01-25,56.02
2000-01-26,53.63
2000-01-27,50.6
2000-01-28,48.43
2000-01-31,48.85
2000-02-01,49.44
2000-02-02,47.95
2000-02-03,46.99
2000-02-04,47.84
2000-02-07,48.37
2000-02-08,48.64
2000-02-09,48.48
2000-02-10,48.21
2000-02-11,47.25
2000-02-14,46.04
2000-02-15,47.36
2000-02-16,45.55
2000-02-17,44.49
2000-02-18,43.7
2000-02-22,44.01
2000-02-23,43.59
2000-02-24,42.36
2000-02-25,41.41
2000-02-28,41.94
2000-02-29,41.36
2000-03-01,43.37
2000-03-02,42.21
2000-03-03,42.63
2000-03-06,41.67
2000-03-07,40.08
2000-03-08,40.4
2000-03-09,39.76
2000-03-10,38.7
2000-03-13,37.35
2000-03-14,36.97
2000-03-15,40.6
2000-03-16,42.47
2000-03-17,41.94
2000-03-20,41.45
2000-03-21,42.2
2000-03-22,40.17
2000-03-23,40.12
2000-03-24,40.12
2000-03-27,38.63
2000-03-28,38.31
2000-03-29,40.02
2000-03-30,41.45
2000-03-31,40.07
2000-04-03,42.09
2000-04-04,44.71
2000-04-05,40.66
2000-04-06,39.05
2000-04-07,39.43
2000-04-10,38.41
2000-04-11,40.28
2000-04-12,41.4
2000-04-13,40.33
2000-04-14,40.12
2000-04-17,41.4
2000-04-18,41.51
2000-04-19,41.99
2000-04-20,42.2
2000-04-24,42.37
2000-04-25,43.11
2000-04-26,42.2
2000-04-27,41.19
2000-04-28,40.33
2000-05-01,39.48
2000-05-02,39.48
2000-05-03,41.4
2000-05-04,41.4
2000-05-05,40.17
2000-05-08,41.4
2000-05-09,43.11
2000-05-10,45.08
2000-05-11,45.72
2000-05-12,44.6
2000-05-15,44.18
2000-05-16,41.78
2000-05-17,41.19
2000-05-18,42.2
2000-05-19,42.73
2000-05-22,43.27
2000-05-23,42.68
2000-05-24,44.98
2000-05-25,44.98
2000-05-26,46.58
2000-05-30,45.99
2000-05-31,45.57
2000-06-01,45.46
2000-06-02,44.87
2000-06-05,44.39
2000-06-06,44.23
2000-06-07,45.24
2000-06-08,45.08
2000-06-09,44.65
2000-06-12,44.93
2000-06-13,45.72
2000-06-14,45.39
2000-06-15,47.86
2000-06-16,47.53
2000-06-19,46.62
2000-06-20,45.34
2000-06-21,45.82
2000-06-22,48.07
2000-06-23,49.57
2000-06-26,50.53
2000-06-27,49.57
2000-06-28,51.43
2000-06-29,50.58
2000-06-30,49.19
2000-07-03,49.83
2000-07-05,50.31
2000-07-06,50.48
2000-07-07,50.31
2000-07-10,49.3
2000-07-11,48.12
2000-07-12,48.07
2000-07-13,49.62
2000-07-14,49.36
2000-07-17,49.11
2000-07-18,49.83
2000-07-19,51.81
2000-07-20,51.81
2000-07-21,52.12
2000-07-24,50.74
2000-07-25,50.74
2000-07-26,50.37
2000-07-27,51.76
2000-07-28,53.69
2000-07-31,52.51
2000-08-01,53.95
2000-08-02,53.9
2000-08-03,53.95
2000-08-04,53.21
2000-08-07,52.57
2000-08-08,52.19
2000-08-09,51.22
2000-08-10,52.24
2000-08-11,53.31
2000-08-14,54.01
2000-08-15,53.1
2000-08-16,51.98
2000-08-17,51.12
2000-08-18,51.65
2000-08-21,51.22
2000-08-22,49.67
2000-08-23,50.36
2000-08-24,49.62
2000-08-25,47.96
2000-08-28,48.82
2000-08-29,48.22
2000-08-30,46.46
2000-08-31,45.08
2000-09-01,46.46
2000-09-05,48.22
2000-09-06,46.51
2000-09-07,46.25
2000-09-08,46.73
2000-09-11,45.39
2000-09-12,45.82
2000-09-13,45.11
2000-09-14,43.82
2000-09-15,43.65
2000-09-18,45.65
2000-09-19,45.43
2000-09-20,43.17
2000-09-21,42.58
2000-09-22,45.43
2000-09-25,46.02
2000-09-26,47.2
2000-09-27,47.79
2000-09-28,47.63
2000-09-29,47.36
2000-10-02,48.97
2000-10-03,48.38
2000-10-04,49.19
2000-10-05,50.8
2000-10-06,50.21
2000-10-09,49.67
2000-10-10,49.99
2000-10-11,50.31
2000-10-12,49.19
2000-10-13,49.13
2000-10-16,50.37
2000-10-17,49.78
2000-10-18,49.99
2000-10-19,49.08
2000-10-20,47.09
2000-10-23,47.52
2000-10-24,48.22
2000-10-25,49.78
2000-10-26,50.42
2000-10-27,50.64
2000-10-30,51.45
2000-10-31,51.88
2000-11-01,52.3
2000-11-02,52.19
2000-11-03,50.96
2000-11-06,51.98
2000-11-07,51.6
2000-11-08,51.71
2000-11-09,53.53
2000-11-10,53.16
2000-11-13,52.46
2000-11-14,52.03
2000-11-15,52.67
2000-11-16,53.22
2000-11-17,52.79
2000-11-20,48.59
2000-11-21,47.47
2000-11-22,51.17
2000-11-24,50.69
2000-11-27,51.17
2000-11-28,51.93
2000-11-29,53.53
2000-11-30,53.96
2000-12-01,53.58
2000-12-04,54.06
2000-12-05,52.93
2000-12-06,52.45
2000-12-07,53.74
2000-12-08,52.45
2000-12-11,50.24
2000-12-12,49.97
2000-12-13,49.81
2000-12-14,49.11
2000-12-15,46.09
2000-12-18,47.28
2000-12-19,48.89
2000-12-20,48.46
2000-12-21,51.16
2000-12-22,50.73
2000-12-26,51.69
2000-12-27,52.18
2000-12-28,52.61
2000-12-29,52.5
2001-01-02,52.39
2001-01-03,51.05
2001-01-04,49.59
2001-01-05,49.7
2001-01-08,50.51
2001-01-09,51.16
2001-01-10,50.94
2001-01-11,49.44
2001-01-12,48.79
2001-01-16,49.11
2001-01-17,49.92
2001-01-18,49.22
2001-01-19,48.08
2001-01-22,47.98
2001-01-23,49.01
2001-01-24,50.02
2001-01-25,50.51
2001-01-26,49.92
2001-01-29,49.21
2001-01-30,49.89
2001-01-31,49.97
2001-02-01,49.49
2001-02-02,49.75
2001-02-05,51.0
2001-02-06,51.19
2001-02-07,51.69
2001-02-08,52.22
2001-02-09,51.81
2001-02-12,52.4
2001-02-13,51.66
2001-02-14,51.26
2001-02-15,50.29
2001-02-16,51.14
2001-02-20,50.38
2001-02-21,47.32
2001-02-22,45.65
2001-02-23,44.8
2001-02-26,45.21
2001-02-27,44.8
2001-02-28,45.69
2001-03-01,45.4
2001-03-02,45.28
2001-03-05,43.25
2001-03-06,42.91
2001-03-07,43.45
2001-03-08,44.28
2001-03-09,44.37
2001-03-12,43.16
2001-03-13,42.15
2001-03-14,41.22
2001-03-15,41.2
2001-03-16,42.07
2001-03-19,41.85
2001-03-20,41.01
2001-03-21,39.13
2001-03-22,39.53
2001-03-23,39.34
2001-03-26,38.82
2001-03-27,40.3
2001-03-28,39.73
2001-03-29,38.5
2001-03-30,39.05
2001-04-02,39.65
2001-04-03,38.62
2001-04-04,39.13
2001-04-05,39.17
2001-04-06,38.91
2001-04-09,37.96
2001-04-10,37.74
2001-04-11,38.16
2001-04-12,38.54
2001-04-16,39.26
2001-04-17,39.52
2001-04-18,40.42
2001-04-19,41.07
2001-04-20,40.64
2001-04-23,41.03
2001-04-24,40.98
2001-04-25,41.68
2001-04-26,40.55
2001-04-27,40.64
2001-04-30,39.94
2001-05-01,41.18
2001-05-02,41.13
2001-05-03,40.42
2001-05-04,40.49
2001-05-07,40.48
2001-05-08,40.27
2001-05-09,39.57
2001-05-10,39.44
2001-05-11,39.16
2001-05-14,39.78
2001-05-15,39.69
2001-05-16,41.7
2001-05-17,41.62
2001-05-18,41.59
2001-05-21,41.76
2001-05-22,41.33
2001-05-23,42.11
2001-05-24,42.45
2001-05-25,41.65
2001-05-29,41.8
2001-05-30,41.4
2001-05-31,40.99
2001-06-01,41.34
2001-06-04,41.13
2001-06-05,41.18
2001-06-06,40.42
2001-06-07,39.88
2001-06-08,39.78
2001-06-11,39.71
2001-06-12,39.7
2001-06-13,39.8
2001-06-14,39.08
2001-06-15,38.42
2001-06-18,38.0
2001-06-19,37.98
2001-06-20,38.13
2001-06-21,37.84
2001-06-22,37.2
2001-06-25,37.84
2001-06-26,38.15
2001-06-27,38.35
2001-06-28,39.37
2001-06-29,39.06
2001-07-02,39.58
2001-07-03,39.88
2001-07-05,39.27
2001-07-06,38.72
2001-07-09,39.25
2001-07-10,38.78
2001-07-11,39.51
2001-07-12,39.49
2001-07-13,39.94
2001-07-16,40.78
2001-07-17,40.91
2001-07-18,40.12
2001-07-19,40.54
2001-07-20,40.03
2001-07-23,38.61
2001-07-24,38.37
2001-07-25,39.05
2001-07-26,39.06
2001-07-27,38.88
2001-07-30,38.42
2001-07-31,38.72
2001-08-01,38.26
2001-08-02,38.12
2001-08-03,38.8
2001-08-06,38.73
2001-08-07,38.96
2001-08-08,39.5
2001-08-09,39.59
2001-08-10,39.65
2001-08-13,39.76
2001-08-14,39.97
2001-08-15,41.3
2001-08-16,41.42
2001-08-17,41.27
2001-08-20,42.14
2001-08-21,41.94
2001-08-22,41.88
2001-08-23,42.93
2001-08-24,42.72
2001-08-27,42.11
2001-08-28,41.56
2001-08-29,41.41
2001-08-30,42.35
2001-08-31,42.25
2001-09-04,42.97
2001-09-05,43.79
2001-09-06,42.98
2001-09-07,43.17
2001-09-10,43.36
2001-09-17,43.58
2001-09-18,42.94
2001-09-19,42.97
2001-09-20,41.97
2001-09-21,40.63
2001-09-24,41.69
2001-09-25,41.67
2001-09-26,40.7
2001-09-27,40.76
2001-09-28,40.67
2001-10-01,40.01
2001-10-02,40.08
2001-10-03,39.76
2001-10-04,39.2
2001-10-05,39.5
2001-10-08,40.06
2001-10-09,40.09
2001-10-10,40.06
2001-10-11,39.98
2001-10-12,38.89
2001-10-15,38.63
2001-10-16,38.66
2001-10-17,38.44
2001-10-18,40.04
2001-10-19,42.18
2001-10-22,42.52
2001-10-23,42.42
2001-10-24,42.34
2001-10-25,42.92
2001-10-26,42.66
2001-10-29,42.2
2001-10-30,41.81
2001-10-31,41.56
2001-11-01,42.18
2001-11-02,42.43
2001-11-05,42.8
2001-11-06,43.27
2001-11-07,42.88
2001-11-08,42.6
2001-11-09,42.73
2001-11-12,42.81
2001-11-13,43.1
2001-11-14,43.4
2001-11-15,43.4
2001-11-16,43.34
2001-11-19,42.94
2001-11-20,42.54
2001-11-21,42.33
2001-11-23,42.67
2001-11-26,41.94
2001-11-27,41.66
2001-11-28,40.74
2001-11-29,41.02
2001-11-30,40.92
2001-12-03,40.54
2001-12-04,40.56
2001-12-05,41.06
2001-12-06,40.46
2001-12-07,40.6
2001-12-10,39.76
2001-12-11,39.78
2001-12-12,40.06
2001-12-13,40.28
2001-12-14,40.3
2001-12-17,40.21
2001-12-18,40.52
2001-12-19,41.38
2001-12-20,41.62
2001-12-21,42.5
2001-12-24,42.15
2001-12-26,42.28
2001-12-27,41.77
2001-12-28,41.1
2001-12-31,41.08
2002-01-02,41.36
2002-01-03,40.82
2002-01-04,40.46
2002-01-07,39.4
2002-01-08,38.91
2002-01-09,38.83
2002-01-10,39.02
2002-01-11,39.47
2002-01-14,38.78
2002-01-15,38.64
2002-01-16,38.47
2002-01-17,39.25
2002-01-18,39.59
2002-01-22,39.99
2002-01-23,39.02
2002-01-24,38.53
2002-01-25,39.34
2002-01-28,39.39
2002-01-29,38.34
2002-01-30,38.21
2002-01-31,38.12
2002-02-01,38.93
2002-02-04,38.93
2002-02-05,39.86
2002-02-06,40.52
2002-02-07,39.98
2002-02-08,39.95
2002-02-11,40.2
2002-02-12,40.18
2002-02-13,40.41
2002-02-14,40.94
2002-02-15,40.91
2002-02-19,40.33
2002-02-20,40.85
2002-02-21,40.08
2002-02-22,41.21
2002-02-25,41.28
2002-02-26,40.94
2002-02-27,41.37
2002-02-28,41.29
2002-03-01,42.18
2002-03-04,41.62
2002-03-05,41.48
2002-03-06,41.42
2002-03-07,40.91
2002-03-08,41.69
2002-03-11,41.46
2002-03-12,41.9
2002-03-13,41.96
2002-03-14,41.9
2002-03-15,42.56
2002-03-18,42.59
2002-03-19,43.05
2002-03-20,43.23
2002-03-21,44.1
2002-03-22,44.84
2002-03-25,45.28
2002-03-26,46.02
2002-03-27,45.75
2002-03-28,45.73
2002-04-01,45.76
2002-04-02,45.74
2002-04-03,45.27
2002-04-04,45.52
2002-04-05,45.66
2002-04-08,46.37
2002-04-09,46.68
2002-04-10,47.44
2002-04-11,46.5
2002-04-12,46.69
2002-04-15,45.84
2002-04-16,47.14
2002-04-17,47.18
2002-04-18,47.0
2002-04-19,48.05
2002-04-22,48.39
2002-04-23,47.7
2002-04-24,48.11
2002-04-25,48.11
2002-04-26,47.64
2002-04-29,47.81
2002-04-30,48.57
2002-05-01,50.42
2002-05-02,50.43
2002-05-03,49.75
2002-05-06,49.52
2002-05-07,49.57
2002-05-08,49.44
2002-05-09,49.44
2002-05-10,49.31
2002-05-13,49.78
2002-05-14,49.57
2002-05-15,49.6
2002-05-16,49.92
2002-05-17,49.87
2002-05-20,49.17
2002-05-21,48.53
2002-05-22,49.17
2002-05-23,49.6
2002-05-24,49.17
2002-05-28,47.81
2002-05-29,47.38
2002-05-30,47.59
2002-05-31,48.61
2002-06-03,47.28
2002-06-04,47.25
2002-06-05,48.47
2002-06-06,47.38
2002-06-07,47.29
2002-06-10,47.01
2002-06-11,47.25
2002-06-12,47.85
2002-06-13,47.86
2002-06-14,48.17
2002-06-17,48.52
2002-06-18,48.57
2002-06-19,48.37
2002-06-20,48.94
2002-06-21,49.18
2002-06-24,50.02
2002-06-25,48.7
2002-06-26,48.78
2002-06-27,49.26
2002-06-28,49.18
2002-07-01,49.49
2002-07-02,49.78
2002-07-03,49.72
2002-07-05,49.59
2002-07-08,50.31
2002-07-09,49.57
2002-07-10,48.04
2002-07-11,46.64
2002-07-12,44.83
2002-07-15,45.67
2002-07-16,44.24
2002-07-17,43.91
2002-07-18,42.09
2002-07-19,39.6
2002-07-22,40.3
2002-07-23,39.15
2002-07-24,41.15
2002-07-25,41.77
2002-07-26,41.67
2002-07-29,43.41
2002-07-30,42.29
2002-07-31,43.86
2002-08-01,43.85
2002-08-02,44.0
2002-08-05,42.47
2002-08-06,42.04
2002-08-07,43.04
2002-08-08,44.63
2002-08-09,44.88
2002-08-12,44.62
2002-08-13,44.14
2002-08-14,45.62
2002-08-15,45.15
2002-08-16,45.84
2002-08-19,45.41
2002-08-20,45.34
2002-08-21,46.32
2002-08-22,46.02
2002-08-23,46.28
2002-08-26,46.56
2002-08-27,46.13
2002-08-28,45.04
2002-08-29,44.26
2002-08-30,44.79
2002-09-03,43.84
2002-09-04,44.35
2002-09-05,43.34
2002-09-06,43.82
2002-09-09,44.22
2002-09-10,44.76
2002-09-11,45.05
2002-09-12,43.69
2002-09-13,43.78
2002-09-16,44.68
2002-09-17,43.16
2002-09-18,43.47
2002-09-19,42.03
2002-09-20,41.9
2002-09-23,41.44
2002-09-24,41.62
2002-09-25,42.75
2002-09-26,42.7
2002-09-27,42.75
2002-09-30,42.29
2002-10-01,44.14
2002-10-02,44.0
2002-10-03,44.63
2002-10-04,44.88
2002-10-07,44.2
2002-10-08,45.95
2002-10-09,45.52
2002-10-10,45.37
2002-10-11,45.36
2002-10-14,46.33
2002-10-15,46.27
2002-10-16,41.62
2002-10-17,40.47
2002-10-18,40.9
2002-10-21,42.32
2002-10-22,42.22
2002-10-23,42.27
2002-10-24,41.34
2002-10-25,41.41
2002-10-28,40.5
2002-10-29,40.89
2002-10-30,41.31
2002-10-31,40.98
2002-11-01,41.29
2002-11-04,40.29
2002-11-05,40.88
2002-11-06,40.03
2002-11-07,39.52
2002-11-08,39.25
2002-11-11,39.29
2002-11-12,39.07
2002-11-13,39.88
2002-11-14,39.8
2002-11-15,40.53
2002-11-18,40.49
2002-11-19,40.9
2002-11-20,40.63
2002-11-21,40.35
2002-11-22,40.04
2002-11-25,39.77
2002-11-26,39.68
2002-11-27,40.94
2002-11-29,40.42
2002-12-02,40.03
2002-12-03,39.76
2002-12-04,40.42
2002-12-05,39.88
2002-12-06,40.21
2002-12-09,39.94
2002-12-10,41.18
2002-12-11,41.4
2002-12-12,40.62
2002-12-13,40.61
2002-12-16,40.5
2002-12-17,39.78
2002-12-18,39.45
2002-12-19,39.07
2002-12-20,39.04
2002-12-23,39.31
2002-12-24,39.17
2002-12-26,39.1
2002-12-27,38.5
2002-12-30,38.53
2002-12-31,38.83
2003-01-02,39.72
2003-01-03,39.62
2003-01-06,39.78
2003-01-07,39.29
2003-01-08,39.03
2003-01-09,39.44
2003-01-10,40.03
2003-01-13,40.53
2003-01-14,40.5
2003-01-15,39.76
2003-01-16,40.45
2003-01-17,39.94
2003-01-21,39.61
2003-01-22,39.45
2003-01-23,38.88
2003-01-24,37.93
2003-01-27,37.01
2003-01-28,36.4
2003-01-29,35.91
2003-01-30,34.72
2003-01-31,35.83
2003-02-03,35.56
2003-02-04,35.72
2003-02-05,35.47
2003-02-06,35.35
2003-02-07,35.01
2003-02-10,35.48
2003-02-11,34.54
2003-02-12,35.19
2003-02-13,35.41
2003-02-14,36.13
2003-02-18,36.4
2003-02-19,36.02
2003-02-20,35.47
2003-02-21,35.99
2003-02-24,35.27
2003-02-25,35.76
2003-02-26,35.18
2003-02-27,35.66
2003-02-28,35.62
2003-03-03,34.73
2003-03-04,33.98
2003-03-05,33.26
2003-03-06,33.26
2003-03-07,33.39
2003-03-10,32.83
2003-03-11,33.35
2003-03-12,33.9
2003-03-13,35.14
2003-03-14,35.54
2003-03-17,36.52
2003-03-18,36.5
2003-03-19,37.25
2003-03-20,37.0
2003-03-21,37.64
2003-03-24,36.44
2003-03-25,36.52
2003-03-26,36.28
2003-03-27,36.4
2003-03-28,36.28
2003-03-31,36.06
2003-04-01,35.98
2003-04-02,36.92
2003-04-03,36.7
2003-04-04,37.33
2003-04-07,37.15
2003-04-08,37.28
2003-04-09,37.12
2003-04-10,36.92
2003-04-11,36.91
2003-04-14,37.78
2003-04-15,37.89
2003-04-16,35.54
2003-04-17,35.99
2003-04-21,35.73
2003-04-22,36.0
2003-04-23,35.63
2003-04-24,35.55
2003-04-25,35.12
2003-04-28,35.93
2003-04-29,36.37
2003-04-30,35.99
2003-05-01,36.03
2003-05-02,36.52
2003-05-05,36.11
2003-05-06,36.54
2003-05-07,38.55
2003-05-08,38.2
2003-05-09,39.19
2003-05-12,39.64
2003-05-13,39.42
2003-05-14,39.42
2003-05-15,39.77
2003-05-16,39.15
2003-05-19,39.29
2003-05-20,39.66
2003-05-21,39.32
2003-05-22,39.67
2003-05-23,39.37
2003-05-27,39.78
2003-05-28,39.34
2003-05-29,39.75
2003-05-30,40.6
2003-06-02,40.8
2003-06-03,41.08
2003-06-04,41.5
2003-06-05,41.67
2003-06-06,41.77
2003-06-09,41.75
2003-06-10,41.51
2003-06-11,41.89
2003-06-12,42.47
2003-06-13,42.38
2003-06-16,43.14
2003-06-17,42.25
2003-06-18,42.07
2003-06-19,41.28
2003-06-20,41.59
2003-06-23,41.84
2003-06-24,42.22
2003-06-25,41.75
2003-06-26,41.96
2003-06-27,41.63
2003-06-30,41.54
2003-07-01,41.61
2003-07-02,41.51
2003-07-03,41.38
2003-07-07,40.23
2003-07-08,39.58
2003-07-09,39.28
2003-07-10,39.39
2003-07-11,39.3
2003-07-14,39.63
2003-07-15,39.37
2003-07-16,38.41
2003-07-17,40.06
2003-07-18,40.19
2003-07-21,40.28
2003-07-22,40.36
2003-07-23,40.43
2003-07-24,39.85
2003-07-25,40.31
2003-07-28,39.95
2003-07-29,40.15
2003-07-30,40.62
2003-07-31,40.25
2003-08-01,40.05
2003-08-04,40.18
2003-08-05,39.7
2003-08-06,39.47
2003-08-07,40.08
2003-08-08,40.14
2003-08-11,39.94
2003-08-12,39.96
2003-08-13,39.84
2003-08-14,40.33
2003-08-15,40.29
2003-08-18,40.15
2003-08-19,39.65
2003-08-20,39.28
2003-08-21,39.03
2003-08-22,38.74
2003-08-25,39.45
2003-08-26,39.59
2003-08-27,39.35
2003-08-28,39.23
2003-08-29,38.95
2003-09-02,39.19
2003-09-03,39.12
2003-09-04,39.83
2003-09-05,39.52
2003-09-08,39.62
2003-09-09,39.7
2003-09-10,40.23
2003-09-11,40.01
2003-09-12,39.57
2003-09-15,39.13
2003-09-16,38.6
2003-09-17,38.69
2003-09-18,39.22
2003-09-19,38.84
2003-09-22,38.89
2003-09-23,39.05
2003-09-24,38.67
2003-09-25,38.72
2003-09-26,38.7
2003-09-29,38.74
2003-09-30,38.64
2003-10-01,39.48
2003-10-02,39.8
2003-10-03,39.61
2003-10-06,39.94
2003-10-07,40.17
2003-10-08,39.79
2003-10-09,39.51
2003-10-10,39.42
2003-10-13,39.7
2003-10-14,40.07
2003-10-15,40.57
2003-10-16,40.48
2003-10-17,40.52
2003-10-20,41.02
2003-10-21,41.19
2003-10-22,40.76
2003-10-23,40.94
2003-10-24,40.84
2003-10-27,40.65
2003-10-28,40.82
2003-10-29,41.24
2003-10-30,41.38
2003-10-31,41.73
2003-11-03,41.99
2003-11-04,42.18
2003-11-05,42.26
2003-11-06,42.29
2003-11-07,41.94
2003-11-10,41.93
2003-11-11,41.84
2003-11-12,42.35
2003-11-13,42.21
2003-11-14,42.0
2003-11-17,41.99
2003-11-18,41.82
2003-11-19,42.15
2003-11-20,41.78
2003-11-21,41.75
2003-11-24,41.75
2003-11-25,41.89
2003-11-26,42.2
2003-11-28,42.02
2003-12-01,42.49
2003-12-02,42.48
2003-12-03,42.84
2003-12-04,42.62
2003-12-05,42.38
2003-12-08,43.15
2003-12-09,43.16
2003-12-10,43.55
2003-12-11,43.73
2003-12-12,44.62
2003-12-15,45.0
2003-12-16,45.8
2003-12-17,45.34
2003-12-18,45.13
2003-12-19,45.28
2003-12-22,45.33
2003-12-23,45.34
2003-12-24,45.1
2003-12-26,45.15
2003-12-29,45.33
2003-12-30,45.66
2003-12-31,45.86
2004-01-02,45.5
2004-01-05,45.56
2004-01-06,45.37
2004-01-07,45.08
2004-01-08,45.29
2004-01-09,44.82
2004-01-12,45.2
2004-01-13,44.92
2004-01-14,45.01
2004-01-15,44.94
2004-01-16,45.08
2004-01-20,45.12
2004-01-21,44.99
2004-01-22,44.58
2004-01-23,45.22
2004-01-26,45.36
2004-01-27,45.18
2004-01-28,44.64
2004-01-29,44.82
2004-01-30,44.5
2004-02-02,44.83
2004-02-03,45.03
2004-02-04,44.96
2004-02-05,45.53
2004-02-06,46.08
2004-02-09,47.36
2004-02-10,47.15
2004-02-11,46.81
2004-02-12,46.58
2004-02-13,46.22
2004-02-17,46.22
2004-02-18,46.31
2004-02-19,46.09
2004-02-20,46.04
2004-02-23,45.49
2004-02-24,44.99
2004-02-25,44.87
2004-02-26,45.03
2004-02-27,45.15
2004-03-01,44.84
2004-03-02,44.54
2004-03-03,44.41
2004-03-04,44.13
2004-03-05,45.28
2004-03-08,45.06
2004-03-09,45.35
2004-03-10,45.1
2004-03-11,43.76
2004-03-12,44.01
2004-03-15,43.33
2004-03-16,43.74
2004-03-17,44.4
2004-03-18,44.54
2004-03-19,44.31
2004-03-22,43.82
2004-03-23,43.72
2004-03-24,44.04
2004-03-25,44.29
2004-03-26,44.31
2004-03-29,44.87
2004-03-30,45.62
2004-03-31,45.69
2004-04-01,45.94
2004-04-02,46.26
2004-04-05,45.94
2004-04-06,46.2
2004-04-07,46.39
2004-04-08,46.54
2004-04-12,46.19
2004-04-13,46.22
2004-04-14,46.49
2004-04-15,46.5
2004-04-16,47.17
2004-04-19,48.14
2004-04-20,47.48
2004-04-21,47.35
2004-04-22,46.74
2004-04-23,46.37
2004-04-26,46.04
2004-04-27,46.06
2004-04-28,45.6
2004-04-29,45.83
2004-04-30,45.93
2004-05-03,45.98
2004-05-04,45.66
2004-05-05,46.4
2004-05-06,46.39
2004-05-07,46.09
2004-05-10,45.35
2004-05-11,45.46
2004-05-12,45.34
2004-05-13,45.06
2004-05-14,45.41
2004-05-17,45.24
2004-05-18,45.5
2004-05-19,44.83
2004-05-20,45.08
2004-05-21,44.85
2004-05-24,45.26
2004-05-25,45.77
2004-05-26,45.61
2004-05-27,46.61
2004-05-28,46.64
2004-06-01,46.39
2004-06-02,47.18
2004-06-03,47.02
2004-06-04,47.48
2004-06-07,47.88
2004-06-08,47.78
2004-06-09,47.01
2004-06-10,46.89
2004-06-14,46.89
2004-06-15,46.76
2004-06-16,46.72
2004-06-17,46.63
2004-06-18,46.9
2004-06-21,46.7
2004-06-22,46.57
2004-06-23,46.82
2004-06-24,46.58
2004-06-25,45.73
2004-06-28,45.99
2004-06-29,46.13
2004-06-30,46.07
2004-07-01,45.96
2004-07-02,46.12
2004-07-06,46.24
2004-07-07,46.02
2004-07-08,46.15
2004-07-09,46.57
2004-07-12,46.39
2004-07-13,46.24
2004-07-14,46.69
2004-07-15,46.4
2004-07-16,46.16
2004-07-19,45.95
2004-07-20,45.71
2004-07-21,44.9
2004-07-22,44.69
2004-07-23,41.23
2004-07-26,40.43
2004-07-27,39.93
2004-07-28,39.87
2004-07-29,39.3
2004-07-30,40.03
2004-08-02,40.35
2004-08-03,40.26
2004-08-04,40.34
2004-08-05,40.02
2004-08-06,39.7
2004-08-09,39.45
2004-08-10,39.67
2004-08-11,40.57
2004-08-12,40.01
2004-08-13,40.5
2004-08-16,40.63
2004-08-17,40.46
2004-08-18,40.68
2004-08-19,40.18
2004-08-20,40.35
2004-08-23,40.47
2004-08-24,40.18
2004-08-25,40.47
2004-08-26,40.58
2004-08-27,40.82
2004-08-30,40.48
2004-08-31,40.81
2004-09-01,40.74
2004-09-02,41.43
2004-09-03,41.52
2004-09-07,41.66
2004-09-08,39.66
2004-09-09,39.71
2004-09-10,39.21
2004-09-13,39.29
2004-09-14,39.36
2004-09-15,37.79
2004-09-16,36.76
2004-09-17,37.0
2004-09-20,37.13
2004-09-21,37.39
2004-09-22,37.11
2004-09-23,36.74
2004-09-24,36.71
2004-09-27,36.38
2004-09-28,36.71
2004-09-29,36.73
2004-09-30,36.77
2004-10-01,37.01
2004-10-04,37.41
2004-10-05,37.31
2004-10-06,37.55
2004-10-07,36.83
2004-10-08,36.72
2004-10-11,36.73
2004-10-12,36.52
2004-10-13,36.16
2004-10-14,35.94
2004-10-15,35.99
2004-10-18,36.02
2004-10-19,36.15
2004-10-20,36.22
2004-10-21,36.24
2004-10-22,35.71
2004-10-25,35.48
2004-10-26,36.08
2004-10-27,37.12
2004-10-28,37.17
2004-10-29,37.33
2004-11-01,37.21
2004-11-02,37.32
2004-11-03,37.5
2004-11-04,37.97
2004-11-05,38.01
2004-11-08,37.9
2004-11-09,37.86
2004-11-10,37.8
2004-11-11,37.6
2004-11-12,37.45
2004-11-15,37.25
2004-11-16,36.95
2004-11-17,36.98
2004-11-18,36.98
2004-11-19,36.47
2004-11-22,36.6
2004-11-23,36.46
2004-11-24,36.54
2004-11-26,36.59
2004-11-29,36.69
2004-11-30,36.32
2004-12-01,36.74
2004-12-02,37.34
2004-12-03,37.61
2004-12-06,37.31
2004-12-07,37.1
2004-12-08,37.31
2004-12-09,37.7
2004-12-10,37.44
2004-12-13,37.75
2004-12-14,38.15
2004-12-15,38.31
2004-12-16,38.0
2004-12-17,37.83
2004-12-20,37.83
2004-12-21,37.88
2004-12-22,38.41
2004-12-23,38.35
2004-12-27,38.48
2004-12-28,38.66
2004-12-29,38.39
2004-12-30,38.48
2004-12-31,38.47
2005-01-03,38.38
2005-01-04,37.84
2005-01-05,37.66
2005-01-06,37.98
2005-01-07,38.03
2005-01-10,38.24
2005-01-11,38.03
2005-01-12,38.03
2005-01-13,37.64
2005-01-14,37.85
2005-01-18,38.11
2005-01-19,37.97
2005-01-20,38.18
2005-01-21,37.79
2005-01-24,37.84
2005-01-25,38.1
2005-01-26,38.51
2005-01-27,38.58
2005-01-28,38.33
2005-01-31,38.33
2005-02-01,38.27
2005-02-02,38.73
2005-02-03,38.56
2005-02-04,39.24
2005-02-07,39.25
2005-02-08,39.4
2005-02-09,39.5
2005-02-10,39.26
2005-02-11,39.5
2005-02-14,39.6
2005-02-15,39.4
2005-02-16,40.0
2005-02-17,39.72
2005-02-18,39.69
2005-02-22,39.53
2005-02-23,39.34
2005-02-24,39.41
2005-02-25,39.74
2005-02-28,39.54
2005-03-01,39.97
2005-03-02,39.76
2005-03-03,39.89
2005-03-04,40.32
2005-03-07,40.39
2005-03-08,40.11
2005-03-09,39.92
2005-03-10,39.79
2005-03-11,39.5
2005-03-14,39.37
2005-03-15,39.28
2005-03-16,39.0
2005-03-17,39.05
2005-03-18,38.55
2005-03-21,38.68
2005-03-22,38.5
2005-03-23,38.29
2005-03-24,38.31
2005-03-28,38.24
2005-03-29,38.49
2005-03-30,39.01
2005-03-31,38.75
2005-04-01,38.48
2005-04-04,38.56
2005-04-05,38.92
2005-04-06,38.79
2005-04-07,39.17
2005-04-08,39.15
2005-04-11,38.93
2005-04-12,39.36
2005-04-13,39.15
2005-04-14,39.12
2005-04-15,38.39
2005-04-18,38.1
2005-04-19,39.43
2005-04-20,38.94
2005-04-21,39.04
2005-04-22,39.18
2005-04-25,39.69
2005-04-26,39.95
2005-04-27,39.82
2005-04-28,39.7
2005-04-29,40.39
2005-05-02,40.51
2005-05-03,40.69
2005-05-04,40.85
2005-05-05,41.05
2005-05-06,41.09
2005-05-09,41.44
2005-05-10,41.13
2005-05-11,41.17
2005-05-12,41.07
2005-05-13,41.02
2005-05-16,41.16
2005-05-17,41.29
2005-05-18,41.77
2005-05-19,42.08
2005-05-20,41.89
2005-05-23,41.82
2005-05-24,41.86
2005-05-25,41.75
2005-05-26,41.74
2005-05-27,41.78
2005-05-31,41.5
2005-06-01,41.46
2005-06-02,41.64
2005-06-03,41.13
2005-06-06,40.89
2005-06-07,41.02
2005-06-08,40.82
2005-06-09,40.59
2005-06-10,40.87
2005-06-13,40.79
2005-06-14,40.92
2005-06-15,40.84
2005-06-16,40.97
2005-06-17,41.22
2005-06-20,41.09
2005-06-21,40.88
2005-06-22,40.64
2005-06-23,40.31
2005-06-24,39.49
2005-06-27,39.61
2005-06-28,40.12
2005-06-29,39.96
2005-06-30,39.07
2005-07-01,39.5
2005-07-05,39.68
2005-07-06,39.26
2005-07-07,39.08
2005-07-08,39.99
2005-07-11,40.03
2005-07-12,40.07
2005-07-13,40.18
2005-07-14,40.41
2005-07-15,40.32
2005-07-18,40.18
2005-07-19,40.55
2005-07-20,40.55
2005-07-21,41.13
2005-07-22,41.21
2005-07-25,40.85
2005-07-26,40.89
2005-07-27,41.19
2005-07-28,41.54
2005-07-29,40.95
2005-08-01,41.06
2005-08-02,41.44
2005-08-03,41.8
2005-08-04,41.51
2005-08-05,41.23
2005-08-08,40.87
2005-08-09,41.27
2005-08-10,41.08
2005-08-11,41.28
2005-08-12,40.78
2005-08-15,40.75
2005-08-16,40.52
2005-08-17,40.53
2005-08-18,40.74
2005-08-19,41.54
2005-08-22,41.43
2005-08-23,41.35
2005-08-24,41.02
2005-08-25,41.0
2005-08-26,40.77
2005-08-29,41.18
2005-08-30,40.61
2005-08-31,41.18
2005-09-01,41.06
2005-09-02,41.08
2005-09-06,41.66
2005-09-07,41.79
2005-09-08,41.44
2005-09-09,41.22
2005-09-12,41.41
2005-09-13,41.12
2005-09-14,40.99
2005-09-15,41.09
2005-09-16,40.87
2005-09-19,40.84
2005-09-20,40.4
2005-09-21,39.79
2005-09-22,39.76
2005-09-23,39.89
2005-09-26,39.9
2005-09-27,39.87
2005-09-28,40.38
2005-09-29,40.59
2005-09-30,40.68
2005-10-03,40.7
2005-10-04,40.54
2005-10-05,40.14
2005-10-06,40.22
2005-10-07,39.74
2005-10-10,39.54
2005-10-11,39.24
2005-10-12,39.29
2005-10-13,39.29
2005-10-14,39.62
2005-10-17,39.64
2005-10-18,39.32
2005-10-19,39.37
2005-10-20,39.65
2005-10-21,39.49
2005-10-24,39.93
2005-10-25,39.99
2005-10-26,39.88
2005-10-27,39.7
2005-10-28,40.34
2005-10-31,40.29
2005-11-01,40.17
2005-11-02,40.07
2005-11-03,40.1
2005-11-04,39.84
2005-11-07,39.94
2005-11-08,39.69
2005-11-09,39.73
2005-11-10,40.05
2005-11-11,40.27
2005-11-14,40.1
2005-11-15,39.99
2005-11-16,39.69
2005-11-17,39.43
2005-11-18,39.74
2005-11-21,39.7
2005-11-22,39.88
2005-11-23,40.17
2005-11-25,40.31
2005-11-28,40.29
2005-11-29,40.81
2005-11-30,40.47
2005-12-01,40.61
2005-12-02,40.59
2005-12-05,40.43
2005-12-06,40.33
2005-12-07,40.01
2005-12-08,39.7
2005-12-09,39.35
2005-12-12,39.01
2005-12-13,38.83
2005-12-14,38.95
2005-12-15,39.02
2005-12-16,39.07
2005-12-19,39.27
2005-12-20,39.08
2005-12-21,39.07
2005-12-22,39.13
2005-12-23,39.01
2005-12-27,38.84
2005-12-28,38.66
2005-12-29,38.49
2005-12-30,38.21
2006-01-03,38.77
2006-01-04,38.7
2006-01-05,38.89
2006-01-06,39.26
2006-01-09,39.45
2006-01-10,39.48
2006-01-11,39.5
2006-01-12,39.29
2006-01-13,39.16
2006-01-17,38.9
2006-01-18,38.7
2006-01-19,38.8
2006-01-20,38.01
2006-01-23,38.39
2006-01-24,38.77
2006-01-25,39.0
2006-01-26,39.32
2006-01-27,39.79
2006-01-30,39.58
2006-01-31,39.23
2006-02-01,39.34
2006-02-02,39.09
2006-02-03,38.75
2006-02-06,38.81
2006-02-07,38.9
2006-02-08,39.09
2006-02-09,38.87
2006-02-10,39.02
2006-02-13,38.62
2006-02-14,39.19
2006-02-15,39.19
2006-02-16,39.43
2006-02-17,39.62
2006-02-21,39.67
2006-02-22,39.89
2006-02-23,39.84
2006-02-24,40.03
2006-02-27,40.32
2006-02-28,39.79
2006-03-01,40.11
2006-03-02,39.73
2006-03-03,39.63
2006-03-06,39.77
2006-03-07,39.63
2006-03-08,40.03
2006-03-09,40.2
2006-03-10,40.55
2006-03-13,40.57
2006-03-14,40.86
2006-03-15,40.8
2006-03-16,40.77
2006-03-17,40.86
2006-03-20,40.96
2006-03-21,40.82
2006-03-22,40.84
2006-03-23,40.5
2006-03-24,40.74
2006-03-27,40.48
2006-03-28,40.26
2006-03-29,40.26
2006-03-30,40.22
2006-03-31,39.98
2006-04-03,39.98
2006-04-04,40.18
2006-04-05,40.06
2006-04-06,39.81
2006-04-07,39.49
2006-04-10,39.61
2006-04-11,39.43
2006-04-12,39.3
2006-04-13,39.4
2006-04-17,39.19
2006-04-18,39.44
2006-04-19,39.81
2006-04-20,39.93
2006-04-21,39.96
2006-04-24,39.69
2006-04-25,39.49
2006-04-26,39.84
2006-04-27,40.15
2006-04-28,40.07
2006-05-01,40.08
2006-05-02,40.34
2006-05-03,40.03
2006-05-04,40.18
2006-05-05,40.78
2006-05-08,41.42
2006-05-09,41.7
2006-05-10,41.62
2006-05-11,41.42
2006-05-12,41.23
2006-05-15,41.96
2006-05-16,41.86
2006-05-17,41.59
2006-05-18,41.59
2006-05-19,41.68
2006-05-22,41.63
2006-05-23,41.62
2006-05-24,42.05
2006-05-25,42.37
2006-05-26,42.48
2006-05-30,41.7
2006-05-31,42.05
2006-06-01,41.94
2006-06-02,41.91
2006-06-05,41.47
2006-06-06,41.54
2006-06-07,41.42
2006-06-08,41.43
2006-06-09,41.59
2006-06-12,41.36
2006-06-13,41.27
2006-06-14,41.18
2006-06-15,41.4
2006-06-16,41.56
2006-06-19,41.29
2006-06-20,41.17
2006-06-21,41.37
2006-06-22,41.23
2006-06-23,41.12
2006-06-26,41.19
2006-06-27,40.89
2006-06-28,40.8
2006-06-29,41.42
2006-06-30,41.38
2006-07-03,41.71
2006-07-05,41.38
2006-07-06,41.68
2006-07-07,41.53
2006-07-10,41.96
2006-07-11,42.14
2006-07-12,41.91
2006-07-13,41.45
2006-07-14,41.02
2006-07-17,41.07
2006-07-18,41.89
2006-07-19,42.15
2006-07-20,42.17
2006-07-21,42.22
2006-07-24,42.32
2006-07-25,42.56
2006-07-26,42.75
2006-07-27,42.62
2006-07-28,42.82
2006-07-31,42.8
2006-08-01,42.62
2006-08-02,42.62
2006-08-03,42.34
2006-08-04,42.18
2006-08-07,41.94
2006-08-08,42.14
2006-08-09,42.08
2006-08-10,42.22
2006-08-11,42.09
2006-08-14,42.31
2006-08-15,42.63
2006-08-16,42.64
2006-08-17,42.49
2006-08-18,42.62
2006-08-21,42.5
2006-08-22,42.71
2006-08-23,42.63
2006-08-24,42.81
2006-08-25,42.82
2006-08-28,43.0
2006-08-29,43.42
2006-08-30,43.24
2006-08-31,43.1
2006-09-01,43.35
2006-09-05,43.26
2006-09-06,42.99
2006-09-07,42.79
2006-09-08,42.9
2006-09-11,42.85
2006-09-12,43.07
2006-09-13,43.21
2006-09-14,43.18
2006-09-15,43.2
2006-09-18,43.04
2006-09-19,42.98
2006-09-20,43.05
2006-09-21,42.81
2006-09-22,42.61
2006-09-25,43.0
2006-09-26,43.23
2006-09-27,43.3
2006-09-28,43.53
2006-09-29,43.27
2006-10-02,43.1
2006-10-03,43.16
2006-10-04,43.39
2006-10-05,43.42
2006-10-06,43.35
2006-10-09,43.02
2006-10-10,42.67
2006-10-11,42.73
2006-10-12,42.66
2006-10-13,42.63
2006-10-16,42.86
2006-10-17,42.41
2006-10-18,42.58
2006-10-19,43.5
2006-10-20,45.28
2006-10-23,45.79
2006-10-24,45.55
2006-10-25,45.7
2006-10-26,45.66
2006-10-27,45.39
2006-10-30,45.29
2006-10-31,45.25
2006-11-01,45.17
2006-11-02,45.24
2006-11-03,45.04
2006-11-06,45.34
2006-11-07,45.44
2006-11-08,45.4
2006-11-09,45.18
2006-11-10,45.01
2006-11-13,44.95
2006-11-14,45.08
2006-11-15,45.18
2006-11-16,45.66
2006-11-17,45.77
2006-11-20,45.56
2006-11-21,45.51
2006-11-22,45.62
2006-11-24,45.44
2006-11-27,45.08
2006-11-28,45.21
2006-11-29,45.47
2006-11-30,45.66
2006-12-01,45.41
2006-12-04,45.66
2006-12-05,46.8
2006-12-06,47.17
2006-12-07,47.5
2006-12-08,47.69
2006-12-11,47.59
2006-12-12,47.68
2006-12-13,47.62
2006-12-14,47.77
2006-12-15,47.71
2006-12-18,47.68
2006-12-19,47.55
2006-12-20,47.53
2006-12-21,47.44
2006-12-22,47.17
2006-12-26,47.34
2006-12-27,47.47
2006-12-28,47.33
2006-12-29,47.04
2007-01-03,47.37
2007-01-04,47.38
2007-01-05,47.05
2007-01-08,47.36
2007-01-09,47.39
2007-01-10,47.46
2007-01-11,47.52
2007-01-12,47.34
2007-01-16,47.29
2007-01-17,47.38
2007-01-18,47.14
2007-01-19,47.05
2007-01-22,46.83
2007-01-23,46.92
2007-01-24,46.93
2007-01-25,46.74
2007-01-26,46.63
2007-01-29,46.52
2007-01-30,46.61
2007-01-31,46.68
2007-02-01,46.9
2007-02-02,47.03
2007-02-05,46.7
2007-02-06,46.85
2007-02-07,46.83
2007-02-08,46.66
2007-02-09,46.57
2007-02-12,46.72
2007-02-13,47.0
2007-02-14,46.68
2007-02-15,46.65
2007-02-16,46.67
2007-02-20,46.59
2007-02-21,46.38
2007-02-22,46.12
2007-02-23,46.08
2007-02-26,46.53
2007-02-27,45.23
2007-02-28,45.51
2007-03-01,45.36
2007-03-02,44.74
2007-03-05,45.13
2007-03-06,45.76
2007-03-07,45.58
2007-03-08,45.97
2007-03-09,46.38
2007-03-12,46.75
2007-03-13,46.21
2007-03-14,46.19
2007-03-15,46.23
2007-03-16,46.36
2007-03-19,46.48
2007-03-20,46.76
2007-03-21,47.39
2007-03-22,47.38
2007-03-23,47.18
2007-03-26,47.28
2007-03-27,47.15
2007-03-28,47.05
2007-03-29,47.24
2007-03-30,47.13
2007-04-02,47.64
2007-04-03,48.11
2007-04-04,48.57
2007-04-05,48.63
2007-04-09,48.73
2007-04-10,49.18
2007-04-11,48.74
2007-04-12,48.77
2007-04-13,48.98
2007-04-16,49.36
2007-04-17,50.64
2007-04-18,50.73
2007-04-19,50.82
2007-04-20,51.15
2007-04-23,50.72
2007-04-24,50.78
2007-04-25,50.81
2007-04-26,51.14
2007-04-27,51.12
2007-04-30,51.25
2007-05-01,51.68
2007-05-02,51.76
2007-05-03,51.96
2007-05-04,52.25
2007-05-07,52.64
2007-05-08,52.11
2007-05-09,52.15
2007-05-10,51.53
2007-05-11,51.74
2007-05-14,51.65
2007-05-15,51.51
2007-05-16,51.79
2007-05-17,51.26
2007-05-18,51.68
2007-05-21,50.97
2007-05-22,50.55
2007-05-23,50.4
2007-05-24,50.32
2007-05-25,50.95
2007-05-29,51.24
2007-05-30,52.09
2007-05-31,52.03
2007-06-01,51.85
2007-06-04,51.72
2007-06-05,51.38
2007-06-06,51.06
2007-06-07,50.45
2007-06-08,50.74
2007-06-11,50.7
2007-06-12,50.22
2007-06-13,50.77
2007-06-14,50.72
2007-06-15,50.99
2007-06-18,51.17
2007-06-19,50.8
2007-06-20,50.9
2007-06-21,51.49
2007-06-22,51.03
2007-06-25,51.18
2007-06-26,51.35
2007-06-27,51.84
2007-06-28,52.03
2007-06-29,51.71
2007-07-02,51.96
2007-07-03,52.29
2007-07-05,52.07
2007-07-06,52.0
2007-07-09,52.1
2007-07-10,51.5
2007-07-11,51.49
2007-07-12,52.03
2007-07-13,52.5
2007-07-16,53.23
2007-07-17,52.56
2007-07-18,52.82
2007-07-19,53.08
2007-07-20,52.6
2007-07-23,53.02
2007-07-24,52.61
2007-07-25,53.43
2007-07-26,52.37
2007-07-27,51.68
2007-07-30,51.79
2007-07-31,51.51
2007-08-01,52.66
2007-08-02,53.04
2007-08-03,52.67
2007-08-06,53.61
2007-08-07,53.84
2007-08-08,55.22
2007-08-09,55.21
2007-08-10,54.35
2007-08-13,53.89
2007-08-14,53.52
2007-08-15,53.21
2007-08-16,52.97
2007-08-17,53.83
2007-08-20,53.89
2007-08-21,53.41
2007-08-22,53.33
2007-08-23,53.36
2007-08-24,53.38
2007-08-27,53.39
2007-08-28,52.65
2007-08-29,52.9
2007-08-30,52.79
2007-08-31,53.16
2007-09-04,53.75
2007-09-05,53.07
2007-09-06,54.03
2007-09-07,53.96
2007-09-10,53.94
2007-09-11,55.02
2007-09-12,55.54
2007-09-13,55.57
2007-09-14,56.1
2007-09-17,54.98
2007-09-18,56.11
2007-09-19,56.31
2007-09-20,56.01
2007-09-21,56.24
2007-09-24,56.39
2007-09-25,56.71
2007-09-26,57.04
2007-09-27,57.02
2007-09-28,57.16
2007-10-01,57.59
2007-10-02,57.61
2007-10-03,57.26
2007-10-04,57.56
2007-10-05,57.76
2007-10-08,57.49
2007-10-09,57.57
2007-10-10,57.56
2007-10-11,56.88
2007-10-12,57.49
2007-10-15,57.33
2007-10-16,57.45
2007-10-17,58.77
2007-10-18,59.04
2007-10-19,58.44
2007-10-22,58.93
2007-10-23,59.43
2007-10-24,59.86
2007-10-25,60.97
2007-10-26,61.24
2007-10-29,61.51
2007-10-30,61.4
2007-10-31,61.43
2007-11-01,60.57
2007-11-02,60.18
2007-11-05,60.01
2007-11-06,60.68
2007-11-07,59.64
2007-11-08,61.14
2007-11-09,60.5
2007-11-12,59.54
2007-11-13,60.71
2007-11-14,61.03
2007-11-15,61.62
2007-11-16,62.28
2007-11-19,61.96
2007-11-20,62.45
2007-11-21,61.91
2007-11-23,61.96
2007-11-26,61.4
2007-11-27,62.64
2007-11-28,62.99
2007-11-29,62.79
2007-11-30,62.1
2007-12-03,62.2
2007-12-04,62.75
2007-12-05,63.05
2007-12-06,63.07
2007-12-07,63.15
2007-12-10,63.27
2007-12-11,62.97
2007-12-12,63.77
2007-12-13,64.09
2007-12-14,63.81
2007-12-17,62.47
2007-12-18,62.22
2007-12-19,62.85
2007-12-20,62.28
2007-12-21,63.07
2007-12-24,63.21
2007-12-26,63.01
2007-12-27,62.3
2007-12-28,62.27
2007-12-31,61.37
2008-01-02,61.09
2008-01-03,61.73
2008-01-04,61.85
2008-01-07,63.31
2008-01-08,63.57
2008-01-09,65.27
2008-01-10,65.56
2008-01-11,63.77
2008-01-14,64.3
2008-01-15,63.61
2008-01-16,62.65
2008-01-17,62.04
2008-01-18,60.74
