Price,Close
Ticker,PEP
Date,
1977-01-03,0.66
1977-01-04,0.65
1977-01-05,0.65
1977-01-06,0.65
1977-01-07,0.65
1977-01-10,0.65
1977-01-11,0.64
1977-01-12,0.64
1977-01-13,0.65
1977-01-14,0.64
1977-01-17,0.64
1977-01-18,0.63
1977-01-19,0.63
1977-01-20,0.62
1977-01-21,0.62
1977-01-24,0.61
1977-01-25,0.61
1977-01-26,0.6
1977-01-27,0.59
1977-01-28,0.59
1977-01-31,0.59
1977-02-01,0.6
1977-02-02,0.6
1977-02-03,0.6
1977-02-04,0.6
1977-02-07,0.6
1977-02-08,0.6
1977-02-09,0.6
1977-02-10,0.6
1977-02-11,0.6
1977-02-14,0.6
1977-02-15,0.6
1977-02-16,0.61
1977-02-17,0.6
1977-02-18,0.61
1977-02-22,0.61
1977-02-23,0.6
1977-02-24,0.59
1977-02-25,0.61
1977-02-28,0.61
1977-03-01,0.63
1977-03-02,0.63
1977-03-03,0.64
1977-03-04,0.62
1977-03-07,0.6
1977-03-08,0.59
1977-03-09,0.57
1977-03-10,0.59
1977-03-11,0.6
1977-03-14,0.61
1977-03-15,0.61
1977-03-16,0.61
1977-03-17,0.61
1977-03-18,0.61
1977-03-21,0.6
1977-03-22,0.6
1977-03-23,0.6
1977-03-24,0.59
1977-03-25,0.6
1977-03-28,0.6
1977-03-29,0.6
1977-03-30,0.59
1977-03-31,0.59
1977-04-01,0.6
1977-04-04,0.59
1977-04-05,0.59
1977-04-06,0.59
1977-04-07,0.6
1977-04-11,0.61
1977-04-12,0.61
1977-04-13,0.61
1977-04-14,0.62
1977-04-15,0.61
1977-04-18,0.61
1977-04-19,0.61
1977-04-20,0.61
1977-04-21,0.61
1977-04-22,0.6
1977-04-25,0.59
1977-04-26,0.59
1977-04-27,0.58
1977-04-28,0.58
1977-04-29,0.58
1977-05-02,0.59
1977-05-03,0.59
1977-05-04,0.6
1977-05-05,0.6
1977-05-06,0.6
1977-05-09,0.6
1977-05-10,0.61
1977-05-11,0.6
1977-05-12,0.61
1977-05-13,0.61
1977-05-16,0.6
1977-05-17,0.59
1977-05-18,0.59
1977-05-19,0.59
1977-05-20,0.58
1977-05-23,0.58
1977-05-24,0.58
1977-05-25,0.58
1977-05-26,0.58
1977-05-27,0.57
1977-05-31,0.56
1977-06-01,0.58
1977-06-02,0.6
1977-06-03,0.61
1977-06-06,0.61
1977-06-07,0.6
1977-06-08,0.61
1977-06-09,0.6
1977-06-10,0.6
1977-06-13,0.6
1977-06-14,0.61
1977-06-15,0.61
1977-06-16,0.6
1977-06-17,0.58
1977-06-20,0.58
1977-06-21,0.58
1977-06-22,0.59
1977-06-23,0.58
1977-06-24,0.58
1977-06-27,0.58
1977-06-28,0.57
1977-06-29,0.57
1977-06-30,0.57
1977-07-01,0.57
1977-07-05,0.58
1977-07-06,0.58
1977-07-07,0.58
1977-07-08,0.59
1977-07-11,0.59
1977-07-12,0.59
1977-07-13,0.59
1977-07-15,0.6
1977-07-18,0.62
1977-07-19,0.63
1977-07-20,0.63
1977-07-21,0.63
1977-07-22,0.63
1977-07-25,0.63
1977-07-26,0.63
1977-07-27,0.63
1977-07-28,0.61
1977-07-29,0.61
1977-08-01,0.61
1977-08-02,0.61
1977-08-03,0.62
1977-08-04,0.63
1977-08-05,0.64
1977-08-08,0.64
1977-08-09,0.64
1977-08-10,0.64
1977-08-11,0.64
1977-08-12,0.64
1977-08-15,0.65
1977-08-16,0.64
1977-08-17,0.64
1977-08-18,0.64
1977-08-19,0.65
1977-08-22,0.66
1977-08-23,0.68
1977-08-24,0.66
1977-08-25,0.66
1977-08-26,0.66
1977-08-29,0.65
1977-08-30,0.64
1977-08-31,0.64
1977-09-01,0.65
1977-09-02,0.65
1977-09-06,0.65
1977-09-07,0.65
1977-09-08,0.65
1977-09-09,0.65
1977-09-12,0.64
1977-09-13,0.63
1977-09-14,0.64
1977-09-15,0.64
1977-09-16,0.64
1977-09-19,0.64
1977-09-20,0.63
1977-09-21,0.62
1977-09-22,0.62
1977-09-23,0.62
1977-09-26,0.62
1977-09-27,0.62
1977-09-28,0.62
1977-09-29,0.63
1977-09-30,0.64
1977-10-03,0.65
1977-10-04,0.66
1977-10-05,0.66
1977-10-06,0.66
1977-10-07,0.66
1977-10-10,0.65
1977-10-11,0.65
1977-10-12,0.64
1977-10-13,0.64
1977-10-14,0.63
1977-10-17,0.63
1977-10-18,0.64
1977-10-19,0.64
1977-10-20,0.64
1977-10-21,0.64
1977-10-24,0.64
1977-10-25,0.64
1977-10-26,0.64
1977-10-27,0.64
1977-10-28,0.64
1977-10-31,0.64
1977-11-01,0.63
1977-11-02,0.61
1977-11-03,0.62
1977-11-04,0.62
1977-11-07,0.62
1977-11-08,0.61
1977-11-09,0.62
1977-11-10,0.64
1977-11-11,0.67
1977-11-14,0.67
1977-11-15,0.68
1977-11-16,0.67
1977-11-17,0.67
1977-11-18,0.68
1977-11-21,0.67
1977-11-22,0.68
1977-11-23,0.7
1977-11-25,0.7
1977-11-28,0.69
1977-11-29,0.68
1977-11-30,0.67
1977-12-01,0.67
1977-12-02,0.68
1977-12-05,0.69
1977-12-06,0.66
1977-12-07,0.66
1977-12-08,0.67
1977-12-09,0.68
1977-12-12,0.68
1977-12-13,0.69
1977-12-14,0.69
1977-12-15,0.68
1977-12-16,0.69
1977-12-19,0.69
1977-12-20,0.69
1977-12-21,0.69
1977-12-22,0.69
1977-12-23,0.7
1977-12-27,0.71
1977-12-28,0.71
1977-12-29,0.73
1977-12-30,0.72
1978-01-03,0.71
1978-01-04,0.7
1978-01-05,0.69
1978-01-06,0.68
1978-01-09,0.66
1978-01-10,0.66
1978-01-11,0.66
1978-01-12,0.66
1978-01-13,0.66
1978-01-16,0.66
1978-01-17,0.67
1978-01-18,0.68
1978-01-19,0.67
1978-01-20,0.66
1978-01-23,0.66
1978-01-24,0.67
1978-01-25,0.67
1978-01-26,0.66
1978-01-27,0.66
1978-01-30,0.66
1978-01-31,0.66
1978-02-01,0.66
1978-02-02,0.66
1978-02-03,0.66
1978-02-06,0.66
1978-02-07,0.66
1978-02-08,0.66
1978-02-09,0.67
1978-02-10,0.66
1978-02-13,0.65
1978-02-14,0.64
1978-02-15,0.65
1978-02-16,0.64
1978-02-17,0.64
1978-02-21,0.64
1978-02-22,0.63
1978-02-23,0.63
1978-02-24,0.64
1978-02-27,0.64
1978-02-28,0.63
1978-03-01,0.64
1978-03-02,0.64
1978-03-03,0.64
1978-03-06,0.64
1978-03-07,0.65
1978-03-08,0.65
1978-03-09,0.65
1978-03-10,0.66
1978-03-13,0.67
1978-03-14,0.66
1978-03-15,0.66
1978-03-16,0.67
1978-03-17,0.67
1978-03-20,0.68
1978-03-21,0.68
1978-03-22,0.68
1978-03-23,0.68
1978-03-27,0.67
1978-03-28,0.69
1978-03-29,0.68
1978-03-30,0.68
1978-03-31,0.67
1978-04-03,0.67
1978-04-04,0.67
1978-04-05,0.69
1978-04-06,0.7
1978-04-07,0.7
1978-04-10,0.7
1978-04-11,0.7
1978-04-12,0.71
1978-04-13,0.71
1978-04-14,0.72
1978-04-17,0.75
1978-04-18,0.74
1978-04-19,0.74
1978-04-20,0.74
1978-04-21,0.73
1978-04-24,0.75
1978-04-25,0.75
1978-04-26,0.75
1978-04-27,0.74
1978-04-28,0.76
1978-05-01,0.76
1978-05-02,0.77
1978-05-03,0.75
1978-05-04,0.76
1978-05-05,0.78
1978-05-08,0.77
1978-05-09,0.78
1978-05-10,0.78
1978-05-11,0.78
1978-05-12,0.82
1978-05-15,0.83
1978-05-16,0.84
1978-05-17,0.83
1978-05-18,0.82
1978-05-19,0.8
1978-05-22,0.8
1978-05-23,0.78
1978-05-24,0.77
1978-05-25,0.77
1978-05-26,0.77
1978-05-30,0.77
1978-05-31,0.79
1978-06-01,0.79
1978-06-02,0.8
1978-06-05,0.83
1978-06-06,0.84
1978-06-07,0.84
1978-06-08,0.84
1978-06-09,0.83
1978-06-12,0.83
1978-06-13,0.81
1978-06-14,0.79
1978-06-15,0.78
1978-06-16,0.78
1978-06-19,0.78
1978-06-20,0.77
1978-06-21,0.77
1978-06-22,0.77
1978-06-23,0.78
1978-06-26,0.77
1978-06-27,0.76
1978-06-28,0.76
1978-06-29,0.77
1978-06-30,0.77
1978-07-03,0.76
1978-07-05,0.75
1978-07-06,0.74
1978-07-07,0.74
1978-07-10,0.74
1978-07-11,0.75
1978-07-12,0.76
1978-07-13,0.76
1978-07-14,0.79
1978-07-17,0.8
1978-07-18,0.78
1978-07-19,0.8
1978-07-20,0.81
1978-07-21,0.78
1978-07-24,0.78
1978-07-25,0.78
1978-07-26,0.79
1978-07-27,0.79
1978-07-28,0.78
1978-07-31,0.8
1978-08-01,0.8
1978-08-02,0.83
1978-08-03,0.87
1978-08-04,0.86
1978-08-07,0.85
1978-08-08,0.86
1978-08-09,0.86
1978-08-10,0.84
1978-08-11,0.83
1978-08-14,0.83
1978-08-15,0.83
1978-08-16,0.85
1978-08-17,0.86
1978-08-18,0.85
1978-08-21,0.84
1978-08-22,0.84
1978-08-23,0.85
1978-08-24,0.85
1978-08-25,0.85
1978-08-28,0.84
1978-08-29,0.83
1978-08-30,0.82
1978-08-31,0.83
1978-09-01,0.83
1978-09-05,0.82
1978-09-06,0.84
1978-09-07,0.83
1978-09-08,0.84
1978-09-11,0.84
1978-09-12,0.83
1978-09-13,0.83
1978-09-14,0.82
1978-09-15,0.79
1978-09-18,0.78
1978-09-19,0.79
1978-09-20,0.78
1978-09-21,0.76
1978-09-22,0.76
1978-09-25,0.76
1978-09-26,0.76
1978-09-27,0.75
1978-09-28,0.74
1978-09-29,0.75
1978-10-02,0.78
1978-10-03,0.76
1978-10-04,0.76
1978-10-05,0.75
1978-10-06,0.75
1978-10-09,0.75
1978-10-10,0.75
1978-10-11,0.76
1978-10-12,0.76
1978-10-13,0.75
1978-10-16,0.75
1978-10-17,0.72
1978-10-18,0.71
1978-10-19,0.7
1978-10-20,0.69
1978-10-23,0.7
1978-10-24,0.7
1978-10-25,0.69
1978-10-26,0.7
1978-10-27,0.67
1978-10-30,0.7
1978-10-31,0.69
1978-11-01,0.72
1978-11-02,0.69
1978-11-03,0.69
1978-11-06,0.68
1978-11-07,0.67
1978-11-08,0.66
1978-11-09,0.66
1978-11-10,0.66
1978-11-13,0.66
1978-11-14,0.66
1978-11-15,0.66
1978-11-16,0.67
1978-11-17,0.67
1978-11-20,0.68
1978-11-21,0.67
1978-11-22,0.68
1978-11-24,0.69
1978-11-27,0.69
1978-11-28,0.69
1978-11-29,0.68
1978-11-30,0.68
1978-12-01,0.7
1978-12-04,0.7
1978-12-05,0.72
1978-12-06,0.71
1978-12-07,0.7
1978-12-08,0.69
1978-12-11,0.69
1978-12-12,0.69
1978-12-13,0.67
1978-12-14,0.67
1978-12-15,0.67
1978-12-18,0.65
1978-12-19,0.66
1978-12-20,0.65
1978-12-21,0.65
1978-12-22,0.67
1978-12-26,0.67
1978-12-27,0.67
1978-12-28,0.68
1978-12-29,0.68
1979-01-02,0.68
1979-01-03,0.68
1979-01-04,0.7
1979-01-05,0.69
1979-01-08,0.69
1979-01-09,0.7
1979-01-10,0.7
1979-01-11,0.71
1979-01-12,0.71
1979-01-15,0.72
1979-01-16,0.71
1979-01-17,0.7
1979-01-18,0.69
1979-01-19,0.69
1979-01-22,0.69
1979-01-23,0.69
1979-01-24,0.68
1979-01-25,0.68
1979-01-26,0.69
1979-01-29,0.68
1979-01-30,0.67
1979-01-31,0.67
1979-02-01,0.66
1979-02-02,0.65
1979-02-05,0.64
1979-02-06,0.63
1979-02-07,0.63
1979-02-08,0.65
1979-02-09,0.64
1979-02-12,0.63
1979-02-13,0.64
1979-02-14,0.64
1979-02-15,0.64
1979-02-16,0.64
1979-02-20,0.65
1979-02-21,0.65
1979-02-22,0.65
1979-02-23,0.64
1979-02-26,0.64
1979-02-27,0.63
1979-02-28,0.63
1979-03-01,0.63
1979-03-02,0.63
1979-03-05,0.65
1979-03-06,0.65
1979-03-07,0.65
1979-03-08,0.65
1979-03-09,0.65
1979-03-12,0.65
1979-03-13,0.66
1979-03-14,0.66
1979-03-15,0.66
1979-03-16,0.66
1979-03-19,0.66
1979-03-20,0.66
1979-03-21,0.67
1979-03-22,0.68
1979-03-23,0.66
1979-03-26,0.66
1979-03-27,0.67
1979-03-28,0.67
1979-03-29,0.67
1979-03-30,0.67
1979-04-02,0.67
1979-04-03,0.67
1979-04-04,0.67
1979-04-05,0.67
1979-04-06,0.67
1979-04-09,0.66
1979-04-10,0.67
1979-04-11,0.67
1979-04-12,0.65
1979-04-16,0.64
1979-04-17,0.65
1979-04-18,0.65
1979-04-19,0.65
1979-04-20,0.66
1979-04-23,0.66
1979-04-24,0.66
1979-04-25,0.67
1979-04-26,0.67
1979-04-27,0.66
1979-04-30,0.65
1979-05-01,0.65
1979-05-02,0.66
1979-05-03,0.65
1979-05-04,0.64
1979-05-07,0.63
1979-05-08,0.63
1979-05-09,0.63
1979-05-10,0.61
1979-05-11,0.61
1979-05-14,0.61
1979-05-15,0.61
1979-05-16,0.59
1979-05-17,0.61
1979-05-18,0.62
1979-05-21,0.62
1979-05-22,0.61
1979-05-23,0.61
1979-05-24,0.61
1979-05-25,0.61
1979-05-29,0.61
1979-05-30,0.61
1979-05-31,0.62
1979-06-01,0.62
1979-06-04,0.62
1979-06-05,0.64
1979-06-06,0.66
1979-06-07,0.66
1979-06-08,0.65
1979-06-11,0.65
1979-06-12,0.65
1979-06-13,0.65
1979-06-14,0.65
1979-06-15,0.65
1979-06-18,0.65
1979-06-19,0.65
1979-06-20,0.65
1979-06-21,0.65
1979-06-22,0.66
1979-06-25,0.65
1979-06-26,0.66
1979-06-27,0.67
1979-06-28,0.68
1979-06-29,0.69
1979-07-02,0.66
1979-07-03,0.66
1979-07-05,0.66
1979-07-06,0.66
1979-07-09,0.67
1979-07-10,0.66
1979-07-11,0.66
1979-07-12,0.65
1979-07-13,0.66
1979-07-16,0.67
1979-07-17,0.66
1979-07-18,0.65
1979-07-19,0.64
1979-07-20,0.64
1979-07-23,0.64
1979-07-24,0.64
1979-07-25,0.65
1979-07-26,0.67
1979-07-27,0.68
1979-07-30,0.68
1979-07-31,0.7
1979-08-01,0.7
1979-08-02,0.71
1979-08-03,0.72
1979-08-06,0.73
1979-08-07,0.75
1979-08-08,0.75
1979-08-09,0.74
1979-08-10,0.74
1979-08-13,0.76
1979-08-14,0.77
1979-08-15,0.77
1979-08-16,0.77
1979-08-17,0.77
1979-08-20,0.76
1979-08-21,0.76
1979-08-22,0.75
1979-08-23,0.73
1979-08-24,0.73
1979-08-27,0.74
1979-08-28,0.74
1979-08-29,0.74
1979-08-30,0.75
1979-08-31,0.75
1979-09-04,0.75
1979-09-05,0.75
1979-09-06,0.75
1979-09-07,0.75
1979-09-10,0.76
1979-09-11,0.75
1979-09-12,0.76
1979-09-13,0.76
1979-09-14,0.76
1979-09-17,0.75
1979-09-18,0.75
1979-09-19,0.75
1979-09-20,0.76
1979-09-21,0.76
1979-09-24,0.75
1979-09-25,0.75
1979-09-26,0.75
1979-09-27,0.77
1979-09-28,0.76
1979-10-01,0.76
1979-10-02,0.75
1979-10-03,0.73
1979-10-04,0.72
1979-10-05,0.73
1979-10-08,0.73
1979-10-09,0.71
1979-10-10,0.7
1979-10-11,0.7
1979-10-12,0.69
1979-10-15,0.69
1979-10-16,0.68
1979-10-17,0.68
1979-10-18,0.68
1979-10-19,0.67
1979-10-22,0.66
1979-10-23,0.66
1979-10-24,0.65
1979-10-25,0.64
1979-10-26,0.65
1979-10-29,0.65
1979-10-30,0.67
1979-10-31,0.65
1979-11-01,0.64
1979-11-02,0.65
1979-11-05,0.66
1979-11-06,0.67
1979-11-07,0.66
1979-11-08,0.68
1979-11-09,0.68
1979-11-12,0.7
1979-11-13,0.69
1979-11-14,0.68
1979-11-15,0.69
1979-11-16,0.69
1979-11-19,0.69
1979-11-20,0.68
1979-11-21,0.67
1979-11-23,0.67
1979-11-26,0.68
1979-11-27,0.69
1979-11-28,0.69
1979-11-29,0.7
1979-11-30,0.7
1979-12-03,0.69
1979-12-04,0.7
1979-12-05,0.7
1979-12-06,0.69
1979-12-07,0.69
1979-12-10,0.7
1979-12-11,0.71
1979-12-12,0.72
1979-12-13,0.73
1979-12-14,0.73
1979-12-17,0.72
1979-12-18,0.7
1979-12-19,0.7
1979-12-20,0.69
1979-12-21,0.68
1979-12-24,0.69
1979-12-26,0.69
1979-12-27,0.69
1979-12-28,0.69
1979-12-31,0.69
1980-01-02,0.68
1980-01-03,0.68
1980-01-04,0.69
1980-01-07,0.69
1980-01-08,0.69
1980-01-09,0.7
1980-01-10,0.71
1980-01-11,0.7
1980-01-14,0.68
1980-01-15,0.66
1980-01-16,0.65
1980-01-17,0.63
1980-01-18,0.64
1980-01-21,0.65
1980-01-22,0.66
1980-01-23,0.66
1980-01-24,0.65
1980-01-25,0.68
1980-01-28,0.66
1980-01-29,0.66
1980-01-30,0.68
1980-01-31,0.68
1980-02-01,0.68
1980-02-04,0.67
1980-02-05,0.68
1980-02-06,0.67
1980-02-07,0.65
1980-02-08,0.65
1980-02-11,0.63
1980-02-12,0.64
1980-02-13,0.65
1980-02-14,0.64
1980-02-15,0.62
1980-02-19,0.64
1980-02-20,0.63
1980-02-21,0.63
1980-02-22,0.61
1980-02-25,0.62
1980-02-26,0.61
1980-02-27,0.59
1980-02-28,0.6
1980-02-29,0.58
1980-03-03,0.58
1980-03-04,0.56
1980-03-05,0.56
1980-03-06,0.56
1980-03-07,0.57
1980-03-10,0.59
1980-03-11,0.6
1980-03-12,0.59
1980-03-13,0.58
1980-03-14,0.59
1980-03-17,0.59
1980-03-18,0.58
1980-03-19,0.58
1980-03-20,0.58
1980-03-21,0.59
1980-03-24,0.57
1980-03-25,0.57
1980-03-26,0.56
1980-03-27,0.57
1980-03-28,0.61
1980-03-31,0.65
1980-04-01,0.65
1980-04-02,0.66
1980-04-03,0.66
1980-04-07,0.63
1980-04-08,0.64
1980-04-09,0.64
1980-04-10,0.65
1980-04-11,0.64
1980-04-14,0.62
1980-04-15,0.61
1980-04-16,0.61
1980-04-17,0.61
1980-04-18,0.6
1980-04-21,0.6
1980-04-22,0.62
1980-04-23,0.63
1980-04-24,0.66
1980-04-25,0.66
1980-04-28,0.67
1980-04-29,0.66
1980-04-30,0.66
1980-05-01,0.66
1980-05-02,0.69
1980-05-05,0.69
1980-05-06,0.69
1980-05-07,0.69
1980-05-08,0.69
1980-05-09,0.69
1980-05-12,0.68
1980-05-13,0.71
1980-05-14,0.72
1980-05-15,0.73
1980-05-16,0.73
1980-05-19,0.73
1980-05-20,0.72
1980-05-21,0.71
1980-05-22,0.71
1980-05-23,0.72
1980-05-27,0.72
1980-05-28,0.72
1980-05-29,0.7
1980-05-30,0.72
1980-06-02,0.72
1980-06-03,0.71
1980-06-04,0.72
1980-06-05,0.73
1980-06-06,0.73
1980-06-09,0.73
1980-06-10,0.74
1980-06-11,0.72
1980-06-12,0.71
1980-06-13,0.72
1980-06-16,0.73
1980-06-17,0.73
1980-06-18,0.72
1980-06-19,0.71
1980-06-20,0.7
1980-06-23,0.68
1980-06-24,0.69
1980-06-25,0.7
1980-06-26,0.7
1980-06-27,0.69
1980-06-30,0.69
1980-07-01,0.69
1980-07-02,0.7
1980-07-03,0.7
1980-07-07,0.72
1980-07-08,0.74
1980-07-09,0.73
1980-07-10,0.72
1980-07-11,0.72
1980-07-14,0.71
1980-07-15,0.71
1980-07-16,0.71
1980-07-17,0.7
1980-07-18,0.7
1980-07-21,0.68
1980-07-22,0.69
1980-07-23,0.69
1980-07-24,0.71
1980-07-25,0.72
1980-07-28,0.74
1980-07-29,0.76
1980-07-30,0.77
1980-07-31,0.77
1980-08-01,0.78
1980-08-04,0.77
1980-08-05,0.77
1980-08-06,0.79
1980-08-07,0.8
1980-08-08,0.8
1980-08-11,0.81
1980-08-12,0.79
1980-08-13,0.79
1980-08-14,0.8
1980-08-15,0.8
1980-08-18,0.77
1980-08-19,0.76
1980-08-20,0.79
1980-08-21,0.8
1980-08-22,0.78
1980-08-25,0.77
1980-08-26,0.79
1980-08-27,0.79
1980-08-28,0.76
1980-08-29,0.76
1980-09-02,0.76
1980-09-03,0.74
1980-09-04,0.74
1980-09-05,0.74
1980-09-08,0.74
1980-09-09,0.73
1980-09-10,0.73
1980-09-11,0.73
1980-09-12,0.74
1980-09-15,0.74
1980-09-16,0.74
1980-09-17,0.75
1980-09-18,0.75
1980-09-19,0.76
1980-09-22,0.77
1980-09-23,0.76
1980-09-24,0.77
1980-09-25,0.76
1980-09-26,0.74
1980-09-29,0.71
1980-09-30,0.74
1980-10-01,0.73
1980-10-02,0.72
1980-10-03,0.72
1980-10-06,0.72
1980-10-07,0.72
1980-10-08,0.73
1980-10-09,0.73
1980-10-10,0.72
1980-10-13,0.72
1980-10-14,0.72
1980-10-15,0.73
1980-10-16,0.73
1980-10-17,0.73
1980-10-20,0.73
1980-10-21,0.73
1980-10-22,0.73
1980-10-23,0.72
1980-10-24,0.74
1980-10-27,0.73
1980-10-28,0.73
1980-10-29,0.75
1980-10-30,0.74
1980-10-31,0.73
1980-11-03,0.72
1980-11-05,0.72
1980-11-06,0.71
1980-11-07,0.72
1980-11-10,0.72
1980-11-11,0.72
1980-11-12,0.73
1980-11-13,0.72
1980-11-14,0.71
1980-11-17,0.72
1980-11-18,0.73
1980-11-19,0.71
1980-11-20,0.71
1980-11-21,0.7
1980-11-24,0.71
1980-11-25,0.72
1980-11-26,0.73
1980-11-28,0.73
1980-12-01,0.72
1980-12-02,0.71
1980-12-03,0.72
1980-12-04,0.72
1980-12-05,0.72
1980-12-08,0.73
1980-12-09,0.74
1980-12-10,0.74
1980-12-11,0.72
1980-12-12,0.71
1980-12-15,0.71
1980-12-16,0.71
1980-12-17,0.71
1980-12-18,0.72
1980-12-19,0.72
1980-12-22,0.74
1980-12-23,0.76
1980-12-24,0.76
1980-12-26,0.76
1980-12-29,0.77
1980-12-30,0.78
1980-12-31,0.79
1981-01-02,0.8
1981-01-05,0.82
1981-01-06,0.84
1981-01-07,0.82
1981-01-08,0.82
1981-01-09,0.85
1981-01-12,0.85
1981-01-13,0.84
1981-01-14,0.84
1981-01-15,0.85
1981-01-16,0.85
1981-01-19,0.84
1981-01-20,0.83
1981-01-21,0.82
1981-01-22,0.83
1981-01-23,0.83
1981-01-26,0.83
1981-01-27,0.83
1981-01-28,0.85
1981-01-29,0.87
1981-01-30,0.89
1981-02-02,0.87
1981-02-03,0.88
1981-02-04,0.87
1981-02-05,0.88
1981-02-06,0.87
1981-02-09,0.87
1981-02-10,0.89
1981-02-11,0.91
1981-02-12,0.93
1981-02-13,0.92
1981-02-17,0.9
1981-02-18,0.91
1981-02-19,0.9
1981-02-20,0.89
1981-02-23,0.92
1981-02-24,0.92
1981-02-25,0.92
1981-02-26,0.94
1981-02-27,0.95
1981-03-02,0.96
1981-03-03,0.95
1981-03-04,0.98
1981-03-05,0.98
1981-03-06,0.96
1981-03-09,0.98
1981-03-10,0.98
1981-03-11,0.97
1981-03-12,1.0
1981-03-13,1.02
1981-03-16,1.01
1981-03-17,0.99
1981-03-18,1.02
1981-03-19,1.03
1981-03-20,1.03
1981-03-23,1.02
1981-03-24,1.01
1981-03-25,1.04
1981-03-26,1.0
1981-03-27,0.97
1981-03-30,0.99
1981-03-31,0.98
1981-04-01,0.99
1981-04-02,1.0
1981-04-03,1.0
1981-04-06,1.0
1981-04-07,1.01
1981-04-08,1.01
1981-04-09,1.04
1981-04-10,1.06
1981-04-13,1.06
1981-04-14,1.04
1981-04-15,1.03
1981-04-16,1.03
1981-04-20,1.07
1981-04-21,1.07
1981-04-22,1.07
1981-04-23,1.07
1981-04-24,1.06
1981-04-27,1.05
1981-04-28,1.01
1981-04-29,0.99
1981-04-30,0.97
1981-05-01,0.98
1981-05-04,0.97
1981-05-05,0.98
1981-05-06,0.99
1981-05-07,1.0
1981-05-08,1.01
1981-05-11,1.0
1981-05-12,1.0
1981-05-13,1.0
1981-05-14,0.98
1981-05-15,0.98
1981-05-18,0.99
1981-05-19,1.01
1981-05-20,1.0
1981-05-21,1.01
1981-05-22,1.01
1981-05-26,1.02
1981-05-27,1.03
1981-05-28,1.04
1981-05-29,1.03
1981-06-01,1.02
1981-06-02,1.03
1981-06-03,1.03
1981-06-04,1.03
1981-06-05,1.05
1981-06-08,1.06
1981-06-09,1.06
1981-06-10,1.08
1981-06-11,1.1
1981-06-12,1.1
1981-06-15,1.1
1981-06-16,1.08
1981-06-17,1.07
1981-06-18,1.04
1981-06-19,1.04
1981-06-22,1.04
1981-06-23,1.05
1981-06-24,1.07
1981-06-25,1.08
1981-06-26,1.09
1981-06-29,1.09
1981-06-30,1.05
1981-07-01,1.04
1981-07-02,1.01
1981-07-06,1.0
1981-07-07,1.01
1981-07-08,1.0
1981-07-09,1.0
1981-07-10,1.03
1981-07-13,1.03
1981-07-14,1.03
1981-07-15,1.01
1981-07-16,1.01
1981-07-17,1.02
1981-07-20,1.02
1981-07-21,1.03
1981-07-22,1.02
1981-07-23,1.01
1981-07-24,1.01
1981-07-27,1.01
1981-07-28,1.0
1981-07-29,1.0
1981-07-30,1.0
1981-07-31,1.02
1981-08-03,1.02
1981-08-04,1.03
1981-08-05,1.03
1981-08-06,1.04
1981-08-07,1.02
1981-08-10,1.02
1981-08-11,1.03
1981-08-12,1.02
1981-08-13,1.05
1981-08-14,1.03
1981-08-17,1.01
1981-08-18,0.99
1981-08-19,1.02
1981-08-20,1.03
1981-08-21,1.02
1981-08-24,0.98
1981-08-25,0.99
1981-08-26,1.0
1981-08-27,0.99
1981-08-28,0.98
1981-08-31,0.98
1981-09-01,0.98
1981-09-02,0.98
1981-09-03,0.97
1981-09-04,0.96
1981-09-08,0.95
1981-09-09,0.95
1981-09-10,0.99
1981-09-11,1.0
1981-09-14,1.0
1981-09-15,0.99
1981-09-16,0.97
1981-09-17,0.91
1981-09-18,0.93
1981-09-21,0.94
1981-09-22,0.95
1981-09-23,0.94
1981-09-24,0.96
1981-09-25,0.94
1981-09-28,0.97
1981-09-29,0.96
1981-09-30,0.96
1981-10-01,0.97
1981-10-02,0.97
1981-10-05,0.99
1981-10-06,1.0
1981-10-07,1.02
1981-10-08,1.06
1981-10-09,1.05
1981-10-12,1.05
1981-10-13,1.06
1981-10-14,1.05
1981-10-15,1.05
1981-10-16,1.05
1981-10-19,1.05
1981-10-20,1.08
1981-10-21,1.08
1981-10-22,1.07
1981-10-23,1.06
1981-10-26,1.06
1981-10-27,1.08
1981-10-28,1.12
1981-10-29,1.12
1981-10-30,1.13
1981-11-02,1.11
1981-11-03,1.11
1981-11-04,1.1
1981-11-05,1.06
1981-11-06,1.06
1981-11-09,1.06
1981-11-10,1.05
1981-11-11,1.06
1981-11-12,1.07
1981-11-13,1.08
1981-11-16,1.07
1981-11-17,1.08
1981-11-18,1.1
1981-11-19,1.11
1981-11-20,1.11
1981-11-23,1.11
1981-11-24,1.11
1981-11-25,1.12
1981-11-27,1.14
1981-11-30,1.15
1981-12-01,1.17
1981-12-02,1.15
1981-12-03,1.13
1981-12-04,1.12
1981-12-07,1.12
1981-12-08,1.1
1981-12-09,1.09
1981-12-10,1.08
1981-12-11,1.08
1981-12-14,1.08
1981-12-15,1.1
1981-12-16,1.08
1981-12-17,1.09
1981-12-18,1.09
1981-12-21,1.1
1981-12-22,1.11
1981-12-23,1.11
1981-12-24,1.11
1981-12-28,1.11
1981-12-29,1.11
1981-12-30,1.11
1981-12-31,1.11
1982-01-04,1.11
1982-01-05,1.1
1982-01-06,1.11
1982-01-07,1.09
1982-01-08,1.11
1982-01-11,1.09
1982-01-12,1.09
1982-01-13,1.08
1982-01-14,1.07
1982-01-15,1.07
1982-01-18,1.08
1982-01-19,1.07
1982-01-20,1.06
1982-01-21,1.04
1982-01-22,1.06
1982-01-25,1.06
1982-01-26,1.06
1982-01-27,1.05
1982-01-28,1.07
1982-01-29,1.12
1982-02-01,1.12
1982-02-02,1.12
1982-02-03,1.12
1982-02-04,1.11
1982-02-05,1.15
1982-02-08,1.12
1982-02-09,1.06
1982-02-10,1.07
1982-02-11,1.07
1982-02-12,1.07
1982-02-16,1.06
1982-02-17,1.05
1982-02-18,1.05
1982-02-19,1.07
1982-02-22,1.07
1982-02-23,1.08
1982-02-24,1.07
1982-02-25,1.07
1982-02-26,1.03
1982-03-01,1.02
1982-03-02,1.03
1982-03-03,0.99
1982-03-04,0.97
1982-03-05,0.97
1982-03-08,0.98
1982-03-09,1.01
1982-03-10,1.03
1982-03-11,1.02
1982-03-12,1.0
1982-03-15,1.03
1982-03-16,1.02
1982-03-17,1.01
1982-03-18,1.05
1982-03-19,1.07
1982-03-22,1.09
1982-03-23,1.1
1982-03-24,1.09
1982-03-25,1.1
1982-03-26,1.11
1982-03-29,1.1
1982-03-30,1.12
1982-03-31,1.11
1982-04-01,1.13
1982-04-02,1.16
1982-04-05,1.16
1982-04-06,1.16
1982-04-07,1.17
1982-04-08,1.18
1982-04-12,1.16
1982-04-13,1.17
1982-04-14,1.15
1982-04-15,1.16
1982-04-16,1.19
1982-04-19,1.2
1982-04-20,1.19
1982-04-21,1.19
1982-04-22,1.2
1982-04-23,1.2
1982-04-26,1.2
1982-04-27,1.19
1982-04-28,1.17
1982-04-29,1.18
1982-04-30,1.19
1982-05-03,1.18
1982-05-04,1.2
1982-05-05,1.2
1982-05-06,1.2
1982-05-07,1.19
1982-05-10,1.18
1982-05-11,1.19
1982-05-12,1.19
1982-05-13,1.18
1982-05-14,1.18
1982-05-17,1.16
1982-05-18,1.14
1982-05-19,1.14
1982-05-20,1.16
1982-05-21,1.17
1982-05-24,1.18
1982-05-25,1.18
1982-05-26,1.18
1982-05-27,1.19
1982-05-28,1.18
1982-06-01,1.17
1982-06-02,1.16
1982-06-03,1.14
1982-06-04,1.14
1982-06-07,1.14
1982-06-08,1.15
1982-06-09,1.16
1982-06-10,1.18
1982-06-11,1.19
1982-06-14,1.18
1982-06-15,1.19
1982-06-16,1.21
1982-06-17,1.19
1982-06-18,1.19
1982-06-21,1.19
1982-06-22,1.18
1982-06-23,1.2
1982-06-24,1.19
1982-06-25,1.19
1982-06-28,1.2
1982-06-29,1.19
1982-06-30,1.2
1982-07-01,1.2
1982-07-02,1.18
1982-07-06,1.18
1982-07-07,1.17
1982-07-08,1.18
1982-07-09,1.2
1982-07-12,1.25
1982-07-13,1.24
1982-07-14,1.25
1982-07-15,1.25
1982-07-16,1.27
1982-07-19,1.27
1982-07-20,1.29
1982-07-21,1.27
1982-07-22,1.27
1982-07-23,1.24
1982-07-26,1.23
1982-07-27,1.23
1982-07-28,1.2
1982-07-29,1.2
1982-07-30,1.21
1982-08-02,1.21
1982-08-03,1.22
1982-08-04,1.2
1982-08-05,1.18
1982-08-06,1.17
1982-08-09,1.13
1982-08-10,1.13
1982-08-11,1.12
1982-08-12,1.13
1982-08-13,1.12
1982-08-16,1.17
1982-08-17,1.23
1982-08-18,1.24
1982-08-19,1.24
1982-08-20,1.29
1982-08-23,1.31
1982-08-24,1.29
1982-08-25,1.3
1982-08-26,1.29
1982-08-27,1.28
1982-08-30,1.31
1982-08-31,1.33
1982-09-01,1.32
1982-09-02,1.34
1982-09-03,1.37
1982-09-07,1.36
1982-09-08,1.38
1982-09-09,1.36
1982-09-10,1.35
1982-09-13,1.36
1982-09-14,1.38
1982-09-15,1.39
1982-09-16,1.39
1982-09-17,1.38
1982-09-20,1.41
1982-09-21,1.44
1982-09-22,1.45
1982-09-23,1.46
1982-09-24,1.46
1982-09-27,1.48
1982-09-28,1.5
1982-09-29,1.45
1982-09-30,1.43
1982-10-01,1.43
1982-10-04,1.44
1982-10-05,1.46
1982-10-06,1.48
1982-10-07,1.54
1982-10-08,1.53
1982-10-11,1.54
1982-10-12,1.54
1982-10-13,1.55
1982-10-14,1.53
1982-10-15,1.48
1982-10-18,1.48
1982-10-19,1.39
1982-10-20,1.37
1982-10-21,1.35
1982-10-22,1.36
1982-10-25,1.29
1982-10-26,1.33
1982-10-27,1.35
1982-10-28,1.34
1982-10-29,1.34
1982-11-01,1.33
1982-11-02,1.35
1982-11-03,1.42
1982-11-04,1.42
1982-11-05,1.42
1982-11-08,1.33
1982-11-09,1.33
1982-11-10,1.3
1982-11-11,1.33
1982-11-12,1.33
1982-11-15,1.25
1982-11-16,1.25
1982-11-17,1.29
1982-11-18,1.3
1982-11-19,1.28
1982-11-22,1.23
1982-11-23,1.25
1982-11-24,1.24
1982-11-26,1.25
1982-11-29,1.24
1982-11-30,1.29
1982-12-01,1.32
1982-12-02,1.32
1982-12-03,1.3
1982-12-06,1.33
1982-12-07,1.33
1982-12-08,1.3
1982-12-09,1.29
1982-12-10,1.29
1982-12-13,1.28
1982-12-14,1.09
1982-12-15,1.07
1982-12-16,1.09
1982-12-17,1.12
1982-12-20,1.08
1982-12-21,1.06
1982-12-22,1.07
1982-12-23,1.08
1982-12-27,1.09
1982-12-28,1.09
1982-12-29,1.12
1982-12-30,1.12
1982-12-31,1.13
1983-01-03,1.09
1983-01-04,1.11
1983-01-05,1.12
1983-01-06,1.15
1983-01-07,1.14
1983-01-10,1.15
1983-01-11,1.14
1983-01-12,1.13
1983-01-13,1.12
1983-01-14,1.14
1983-01-17,1.14
1983-01-18,1.16
1983-01-19,1.18
1983-01-20,1.14
1983-01-21,1.1
1983-01-24,1.07
1983-01-25,1.08
1983-01-26,1.08
1983-01-27,1.07
1983-01-28,1.08
1983-01-31,1.09
1983-02-01,1.07
1983-02-02,1.09
1983-02-03,1.09
1983-02-04,1.08
1983-02-07,1.1
1983-02-08,1.1
1983-02-09,1.06
1983-02-10,1.1
1983-02-11,1.1
1983-02-14,1.1
1983-02-15,1.1
1983-02-16,1.1
1983-02-17,1.09
1983-02-18,1.09
1983-02-22,1.08
1983-02-23,1.08
1983-02-24,1.09
1983-02-25,1.14
1983-02-28,1.12
1983-03-01,1.17
1983-03-02,1.21
1983-03-03,1.21
1983-03-04,1.2
1983-03-07,1.18
1983-03-08,1.17
1983-03-09,1.16
1983-03-10,1.12
1983-03-11,1.12
1983-03-14,1.11
1983-03-15,1.12
1983-03-16,1.12
1983-03-17,1.12
1983-03-18,1.12
1983-03-21,1.14
1983-03-22,1.16
1983-03-23,1.18
1983-03-24,1.18
1983-03-25,1.17
1983-03-28,1.16
1983-03-29,1.15
1983-03-30,1.16
1983-03-31,1.15
1983-04-04,1.16
1983-04-05,1.16
1983-04-06,1.15
1983-04-07,1.14
1983-04-08,1.14
1983-04-11,1.15
1983-04-12,1.16
1983-04-13,1.14
1983-04-14,1.14
1983-04-15,1.14
1983-04-18,1.14
1983-04-19,1.22
1983-04-20,1.26
1983-04-21,1.25
1983-04-22,1.27
1983-04-25,1.25
1983-04-26,1.24
1983-04-27,1.22
1983-04-28,1.23
1983-04-29,1.22
1983-05-02,1.24
1983-05-03,1.24
1983-05-04,1.26
1983-05-05,1.25
1983-05-06,1.26
1983-05-09,1.25
1983-05-10,1.27
1983-05-11,1.26
1983-05-12,1.25
1983-05-13,1.2
1983-05-16,1.18
1983-05-17,1.2
1983-05-18,1.22
1983-05-19,1.2
1983-05-20,1.2
1983-05-23,1.18
1983-05-24,1.18
1983-05-25,1.18
1983-05-26,1.17
1983-05-27,1.16
1983-05-31,1.16
1983-06-01,1.15
1983-06-02,1.16
1983-06-03,1.18
1983-06-06,1.19
1983-06-07,1.18
1983-06-08,1.16
1983-06-09,1.16
1983-06-10,1.15
1983-06-13,1.17
1983-06-14,1.17
1983-06-15,1.16
1983-06-16,1.15
1983-06-17,1.15
1983-06-20,1.15
1983-06-21,1.15
1983-06-22,1.17
1983-06-23,1.17
1983-06-24,1.17
1983-06-27,1.16
1983-06-28,1.15
1983-06-29,1.14
1983-06-30,1.15
1983-07-01,1.17
1983-07-05,1.14
1983-07-06,1.14
1983-07-07,1.14
1983-07-08,1.14
1983-07-11,1.15
1983-07-12,1.13
1983-07-13,1.13
1983-07-14,1.13
1983-07-15,1.12
1983-07-18,1.11
1983-07-19,1.12
1983-07-20,1.13
1983-07-21,1.11
1983-07-22,1.11
1983-07-25,1.11
1983-07-26,1.12
1983-07-27,1.15
1983-07-28,1.12
1983-07-29,1.11
1983-08-01,1.1
1983-08-02,1.13
1983-08-03,1.13
1983-08-04,1.12
1983-08-05,1.11
1983-08-08,1.1
1983-08-09,1.1
1983-08-10,1.1
1983-08-11,1.1
1983-08-12,1.1
1983-08-15,1.1
1983-08-16,1.09
1983-08-17,1.1
1983-08-18,1.09
1983-08-19,1.09
1983-08-22,1.09
1983-08-23,1.08
1983-08-24,1.08
1983-08-25,1.1
1983-08-26,1.1
1983-08-29,1.1
1983-08-30,1.1
1983-08-31,1.11
1983-09-01,1.11
1983-09-02,1.09
1983-09-06,1.11
1983-09-07,1.1
1983-09-08,1.1
1983-09-09,1.11
1983-09-12,1.08
1983-09-13,1.08
1983-09-14,1.08
1983-09-15,1.09
1983-09-16,1.09
1983-09-19,1.08
1983-09-20,1.11
1983-09-21,1.12
1983-09-22,1.16
1983-09-23,1.15
1983-09-26,1.16
1983-09-27,1.15
1983-09-28,1.14
1983-09-29,1.14
1983-09-30,1.11
1983-10-03,1.1
1983-10-04,1.11
1983-10-05,1.13
1983-10-06,1.19
1983-10-07,1.18
1983-10-10,1.2
1983-10-11,1.18
1983-10-12,1.17
1983-10-13,1.15
1983-10-14,1.15
1983-10-17,1.15
1983-10-18,1.13
1983-10-19,1.13
1983-10-20,1.12
1983-10-21,1.13
1983-10-24,1.14
1983-10-25,1.13
1983-10-26,1.12
1983-10-27,1.14
1983-10-28,1.16
1983-10-31,1.17
1983-11-01,1.2
1983-11-02,1.22
1983-11-03,1.22
1983-11-04,1.19
1983-11-07,1.2
1983-11-08,1.19
1983-11-09,1.2
1983-11-10,1.23
1983-11-11,1.25
1983-11-14,1.22
1983-11-15,1.23
1983-11-16,1.23
1983-11-17,1.24
1983-11-18,1.25
1983-11-21,1.25
1983-11-22,1.27
1983-11-23,1.25
1983-11-25,1.24
1983-11-28,1.25
1983-11-29,1.25
1983-11-30,1.24
1983-12-01,1.21
1983-12-02,1.2
1983-12-05,1.21
1983-12-06,1.22
1983-12-07,1.23
1983-12-08,1.22
1983-12-09,1.21
1983-12-12,1.21
1983-12-13,1.24
1983-12-14,1.23
1983-12-15,1.22
1983-12-16,1.23
1983-12-19,1.23
1983-12-20,1.2
1983-12-21,1.23
1983-12-22,1.24
1983-12-23,1.24
1983-12-27,1.24
1983-12-28,1.27
1983-12-29,1.25
1983-12-30,1.27
1984-01-03,1.25
1984-01-04,1.25
1984-01-05,1.25
1984-01-06,1.25
1984-01-09,1.24
1984-01-10,1.24
1984-01-11,1.23
1984-01-12,1.21
1984-01-13,1.21
1984-01-16,1.22
1984-01-17,1.22
1984-01-18,1.22
1984-01-19,1.22
1984-01-20,1.21
1984-01-23,1.21
1984-01-24,1.22
1984-01-25,1.21
1984-01-26,1.21
1984-01-27,1.21
1984-01-30,1.21
1984-01-31,1.21
1984-02-01,1.21
1984-02-02,1.22
1984-02-03,1.21
1984-02-06,1.18
1984-02-07,1.18
1984-02-08,1.18
1984-02-09,1.15
1984-02-10,1.16
1984-02-13,1.16
1984-02-14,1.16
1984-02-15,1.16
1984-02-16,1.16
1984-02-17,1.17
1984-02-21,1.18
1984-02-22,1.18
1984-02-23,1.19
1984-02-24,1.2
1984-02-27,1.19
1984-02-28,1.18
1984-02-29,1.22
1984-03-01,1.23
1984-03-02,1.25
1984-03-05,1.24
1984-03-06,1.23
1984-03-07,1.22
1984-03-08,1.21
1984-03-09,1.21
1984-03-12,1.23
1984-03-13,1.24
1984-03-14,1.25
1984-03-15,1.23
1984-03-16,1.26
1984-03-19,1.22
1984-03-20,1.23
1984-03-21,1.22
1984-03-22,1.21
1984-03-23,1.22
1984-03-26,1.21
1984-03-27,1.25
1984-03-28,1.26
1984-03-29,1.28
1984-03-30,1.29
1984-04-02,1.27
1984-04-03,1.27
1984-04-04,1.26
1984-04-05,1.26
1984-04-06,1.27
1984-04-09,1.29
1984-04-10,1.32
1984-04-11,1.3
1984-04-12,1.31
1984-04-13,1.31
1984-04-16,1.31
1984-04-17,1.33
1984-04-18,1.33
1984-04-19,1.34
1984-04-23,1.33
1984-04-24,1.33
1984-04-25,1.35
1984-04-26,1.36
1984-04-27,1.36
1984-04-30,1.36
1984-05-01,1.38
1984-05-02,1.36
1984-05-03,1.34
1984-05-04,1.33
1984-05-07,1.36
1984-05-08,1.37
1984-05-09,1.39
1984-05-10,1.37
1984-05-11,1.36
1984-05-14,1.36
1984-05-15,1.35
1984-05-16,1.36
1984-05-17,1.35
1984-05-18,1.34
1984-05-21,1.34
1984-05-22,1.35
1984-05-23,1.38
1984-05-24,1.34
1984-05-25,1.34
1984-05-29,1.34
1984-05-30,1.35
1984-05-31,1.36
1984-06-01,1.39
1984-06-04,1.43
1984-06-05,1.43
1984-06-06,1.43
1984-06-07,1.44
1984-06-08,1.44
1984-06-11,1.42
1984-06-12,1.43
1984-06-13,1.45
1984-06-14,1.43
1984-06-15,1.43
1984-06-18,1.46
1984-06-19,1.45
1984-06-20,1.46
1984-06-21,1.45
1984-06-22,1.46
1984-06-25,1.45
1984-06-26,1.43
1984-06-27,1.43
1984-06-28,1.44
1984-06-29,1.41
1984-07-02,1.41
1984-07-03,1.41
1984-07-05,1.43
1984-07-06,1.42
1984-07-09,1.43
1984-07-10,1.42
1984-07-11,1.4
1984-07-12,1.39
1984-07-13,1.41
1984-07-16,1.41
1984-07-17,1.4
1984-07-18,1.4
1984-07-19,1.4
1984-07-20,1.39
1984-07-23,1.39
1984-07-24,1.38
1984-07-25,1.38
1984-07-26,1.44
1984-07-27,1.48
1984-07-30,1.45
1984-07-31,1.47
1984-08-01,1.5
1984-08-02,1.49
1984-08-03,1.51
1984-08-06,1.47
1984-08-07,1.47
1984-08-08,1.46
1984-08-09,1.47
1984-08-10,1.45
1984-08-13,1.45
1984-08-14,1.45
1984-08-15,1.45
1984-08-16,1.46
1984-08-17,1.48
1984-08-20,1.5
1984-08-21,1.5
1984-08-22,1.49
1984-08-23,1.48
1984-08-24,1.48
1984-08-27,1.48
1984-08-28,1.48
1984-08-29,1.48
1984-08-30,1.48
1984-08-31,1.47
1984-09-04,1.45
1984-09-05,1.43
1984-09-06,1.44
1984-09-07,1.43
1984-09-10,1.44
1984-09-11,1.45
1984-09-12,1.47
1984-09-13,1.51
1984-09-14,1.54
1984-09-17,1.53
1984-09-18,1.52
1984-09-19,1.53
1984-09-20,1.5
1984-09-21,1.48
1984-09-24,1.47
1984-09-25,1.49
1984-09-26,1.49
1984-09-27,1.51
1984-09-28,1.5
1984-10-01,1.48
1984-10-02,1.47
1984-10-03,1.45
1984-10-04,1.45
1984-10-05,1.44
1984-10-08,1.44
1984-10-09,1.41
1984-10-10,1.44
1984-10-11,1.47
1984-10-12,1.49
1984-10-15,1.52
1984-10-16,1.49
1984-10-17,1.48
1984-10-18,1.51
1984-10-19,1.5
1984-10-22,1.49
1984-10-23,1.49
1984-10-24,1.49
1984-10-25,1.49
1984-10-26,1.49
1984-10-29,1.49
1984-10-30,1.53
1984-10-31,1.52
1984-11-01,1.53
1984-11-02,1.51
1984-11-05,1.5
1984-11-06,1.51
1984-11-07,1.54
1984-11-08,1.54
1984-11-09,1.55
1984-11-12,1.53
1984-11-13,1.52
1984-11-14,1.53
1984-11-15,1.52
1984-11-16,1.51
1984-11-19,1.47
1984-11-20,1.52
1984-11-21,1.51
1984-11-23,1.53
1984-11-26,1.52
1984-11-27,1.5
1984-11-28,1.49
1984-11-29,1.49
1984-11-30,1.47
1984-12-03,1.43
1984-12-04,1.42
1984-12-05,1.38
1984-12-06,1.4
1984-12-07,1.41
1984-12-10,1.43
1984-12-11,1.42
1984-12-12,1.41
1984-12-13,1.42
1984-12-14,1.44
1984-12-17,1.45
1984-12-18,1.48
1984-12-19,1.46
1984-12-20,1.45
1984-12-21,1.44
1984-12-24,1.44
1984-12-26,1.44
1984-12-27,1.44
1984-12-28,1.45
1984-12-31,1.48
1985-01-02,1.45
1985-01-03,1.46
1985-01-04,1.45
1985-01-07,1.44
1985-01-08,1.42
1985-01-09,1.43
1985-01-10,1.42
1985-01-11,1.42
1985-01-14,1.45
1985-01-15,1.45
1985-01-16,1.44
1985-01-17,1.46
1985-01-18,1.46
1985-01-21,1.48
1985-01-22,1.51
1985-01-23,1.51
1985-01-24,1.51
1985-01-25,1.51
1985-01-28,1.48
1985-01-29,1.5
1985-01-30,1.5
1985-01-31,1.49
1985-02-01,1.48
1985-02-04,1.51
1985-02-05,1.52
1985-02-06,1.5
1985-02-07,1.55
1985-02-08,1.62
1985-02-11,1.61
1985-02-12,1.63
1985-02-13,1.65
1985-02-14,1.65
1985-02-15,1.66
1985-02-19,1.67
1985-02-20,1.66
1985-02-21,1.65
1985-02-22,1.66
1985-02-25,1.64
1985-02-26,1.68
1985-02-27,1.66
1985-02-28,1.66
1985-03-01,1.67
1985-03-04,1.67
1985-03-05,1.71
1985-03-06,1.68
1985-03-07,1.68
1985-03-08,1.67
1985-03-11,1.68
1985-03-12,1.7
1985-03-13,1.68
1985-03-14,1.69
1985-03-15,1.68
1985-03-18,1.69
1985-03-19,1.76
1985-03-20,1.84
1985-03-21,1.81
1985-03-22,1.8
1985-03-25,1.78
1985-03-26,1.78
1985-03-27,1.85
1985-03-28,1.89
1985-03-29,1.9
1985-04-01,1.88
1985-04-02,1.84
1985-04-03,1.86
1985-04-04,1.89
1985-04-08,1.86
1985-04-09,1.84
1985-04-10,1.84
1985-04-11,1.85
1985-04-12,1.86
1985-04-15,1.85
1985-04-16,1.84
1985-04-17,1.85
1985-04-18,1.82
1985-04-19,1.82
1985-04-22,1.81
1985-04-23,1.87
1985-04-24,1.84
1985-04-25,1.83
1985-04-26,1.85
1985-04-29,1.87
1985-04-30,1.88
1985-05-01,1.85
1985-05-02,1.84
1985-05-03,1.85
1985-05-06,1.84
1985-05-07,1.85
1985-05-08,1.84
1985-05-09,1.87
1985-05-10,1.89
1985-05-13,1.88
1985-05-14,1.87
1985-05-15,1.89
1985-05-16,1.88
1985-05-17,1.88
1985-05-20,1.95
1985-05-21,1.97
1985-05-22,1.95
1985-05-23,1.95
1985-05-24,1.99
1985-05-28,1.97
1985-05-29,1.99
1985-05-30,1.99
1985-05-31,2.03
1985-06-03,2.05
1985-06-04,2.07
1985-06-05,2.05
1985-06-06,2.07
1985-06-07,2.09
1985-06-10,2.09
1985-06-11,2.07
1985-06-12,2.06
1985-06-13,2.06
1985-06-14,2.07
1985-06-17,2.05
1985-06-18,2.06
1985-06-19,2.05
1985-06-20,2.04
1985-06-21,2.08
1985-06-24,2.07
1985-06-25,2.09
1985-06-26,2.09
1985-06-27,2.1
1985-06-28,2.11
1985-07-01,2.1
1985-07-02,2.1
1985-07-03,2.11
1985-07-05,2.12
1985-07-08,2.09
1985-07-09,2.04
1985-07-10,2.02
1985-07-11,2.07
1985-07-12,2.1
1985-07-15,2.1
1985-07-16,2.11
1985-07-17,2.1
1985-07-18,2.08
1985-07-19,2.09
1985-07-22,2.07
1985-07-23,2.08
1985-07-24,2.05
1985-07-25,2.02
1985-07-26,1.98
1985-07-29,1.94
1985-07-30,1.97
1985-07-31,2.01
1985-08-01,2.04
1985-08-02,2.03
1985-08-05,2.04
1985-08-06,1.99
1985-08-07,2.0
1985-08-08,2.0
1985-08-09,2.01
1985-08-12,2.02
1985-08-13,2.03
1985-08-14,2.03
1985-08-15,2.02
1985-08-16,2.01
1985-08-19,2.02
1985-08-20,2.04
1985-08-21,2.08
1985-08-22,2.06
1985-08-23,2.06
1985-08-26,2.04
1985-08-27,2.05
1985-08-28,2.07
1985-08-29,2.08
1985-08-30,2.09
1985-09-03,2.07
1985-09-04,2.05
1985-09-05,2.07
1985-09-06,2.07
1985-09-09,2.08
1985-09-10,2.07
1985-09-11,2.06
1985-09-12,2.05
1985-09-13,2.05
1985-09-16,2.06
1985-09-17,2.07
1985-09-18,2.07
1985-09-19,2.08
1985-09-20,2.09
1985-09-23,2.11
1985-09-24,2.09
1985-09-25,2.09
1985-09-26,2.1
1985-09-30,2.12
1985-10-01,2.16
1985-10-02,2.17
1985-10-03,2.13
1985-10-04,2.11
1985-10-07,2.11
1985-10-08,2.15
1985-10-09,2.16
1985-10-10,2.19
1985-10-11,2.25
1985-10-14,2.26
1985-10-15,2.23
1985-10-16,2.24
1985-10-17,2.23
1985-10-18,2.22
1985-10-21,2.22
1985-10-22,2.22
1985-10-23,2.25
1985-10-24,2.23
1985-10-25,2.21
1985-10-28,2.19
1985-10-29,2.2
1985-10-30,2.21
1985-10-31,2.22
1985-11-01,2.26
1985-11-04,2.28
1985-11-05,2.31
1985-11-06,2.31
1985-11-07,2.29
1985-11-08,2.29
1985-11-11,2.3
1985-11-12,2.34
1985-11-13,2.34
1985-11-14,2.39
1985-11-15,2.35
1985-11-18,2.36
1985-11-19,2.34
1985-11-20,2.34
1985-11-21,2.36
1985-11-22,2.34
1985-11-25,2.34
1985-11-26,2.37
1985-11-27,2.46
1985-11-29,2.42
1985-12-02,2.41
1985-12-03,2.42
1985-12-04,2.47
1985-12-05,2.48
1985-12-06,2.47
1985-12-09,2.53
1985-12-10,2.58
1985-12-11,2.61
1985-12-12,2.58
1985-12-13,2.65
1985-12-16,2.64
1985-12-17,2.61
1985-12-18,2.54
1985-12-19,2.47
1985-12-20,2.5
1985-12-23,2.49
1985-12-24,2.5
1985-12-26,2.5
1985-12-27,2.54
1985-12-30,2.57
1985-12-31,2.59
1986-01-02,2.56
1986-01-03,2.58
1986-01-06,2.58
1986-01-07,2.61
1986-01-08,2.56
1986-01-09,2.51
1986-01-10,2.51
1986-01-13,2.49
1986-01-14,2.45
1986-01-15,2.45
1986-01-16,2.45
1986-01-17,2.49
1986-01-20,2.47
1986-01-21,2.44
1986-01-22,2.38
1986-01-23,2.37
1986-01-24,2.43
1986-01-27,2.49
1986-01-28,2.5
1986-01-29,2.5
1986-01-30,2.51
1986-01-31,2.53
1986-02-03,2.56
1986-02-04,2.6
1986-02-05,2.58
1986-02-06,2.51
1986-02-07,2.52
1986-02-10,2.5
1986-02-11,2.51
1986-02-12,2.49
1986-02-13,2.48
1986-02-14,2.52
1986-02-18,2.54
1986-02-19,2.52
1986-02-20,2.5
1986-02-21,2.61
1986-02-24,2.66
1986-02-25,2.67
1986-02-26,2.65
1986-02-27,2.72
1986-02-28,2.75
1986-03-03,2.76
1986-03-04,2.78
1986-03-05,2.77
1986-03-06,2.81
1986-03-07,2.83
1986-03-10,2.84
1986-03-11,2.87
1986-03-12,2.93
1986-03-13,2.93
1986-03-14,3.05
1986-03-17,2.99
1986-03-18,3.01
1986-03-19,3.0
1986-03-20,2.98
1986-03-21,2.89
1986-03-24,2.93
1986-03-25,2.91
1986-03-26,2.95
1986-03-27,3.0
1986-03-31,3.07
1986-04-01,3.0
1986-04-02,3.0
1986-04-03,3.01
1986-04-04,2.93
1986-04-07,2.93
1986-04-08,2.97
1986-04-09,2.98
1986-04-10,3.0
1986-04-11,3.01
1986-04-14,3.11
1986-04-15,3.13
1986-04-16,3.24
1986-04-17,3.31
1986-04-18,3.31
1986-04-21,3.37
1986-04-22,3.39
1986-04-23,3.39
1986-04-24,3.33
1986-04-25,3.27
1986-04-28,3.27
1986-04-29,3.25
1986-04-30,3.16
1986-05-01,3.18
1986-05-02,3.18
1986-05-05,3.21
1986-05-06,3.18
1986-05-07,3.14
1986-05-08,3.14
1986-05-09,3.17
1986-05-12,3.18
1986-05-13,3.18
1986-05-14,3.19
1986-05-15,3.14
1986-05-16,3.09
1986-05-19,3.13
1986-05-20,3.18
1986-05-21,3.18
1986-05-22,3.31
1986-05-23,3.31
1986-05-27,3.41
1986-05-28,3.52
1986-05-29,3.78
1986-05-30,3.64
1986-06-02,3.61
1986-06-03,3.64
1986-06-04,3.64
1986-06-05,3.73
1986-06-06,3.74
1986-06-09,3.57
1986-06-10,3.6
1986-06-11,3.63
1986-06-12,3.61
1986-06-13,3.67
1986-06-16,3.69
1986-06-17,3.61
1986-06-18,3.6
1986-06-19,3.56
1986-06-20,3.59
1986-06-23,3.53
1986-06-24,3.67
1986-06-25,3.73
1986-06-26,3.69
1986-06-27,3.64
1986-06-30,3.64
1986-07-01,3.75
1986-07-02,3.79
1986-07-03,3.77
1986-07-07,3.56
1986-07-08,3.4
1986-07-09,3.46
1986-07-10,3.45
1986-07-11,3.45
1986-07-14,3.32
1986-07-15,3.24
1986-07-16,3.3
1986-07-17,3.33
1986-07-18,3.33
1986-07-21,3.32
1986-07-22,3.36
1986-07-23,3.44
1986-07-24,3.56
1986-07-25,3.63
1986-07-28,3.46
1986-07-29,3.4
1986-07-30,3.42
1986-07-31,3.3
1986-08-01,3.36
1986-08-04,3.4
1986-08-05,3.36
1986-08-06,3.32
1986-08-07,3.41
1986-08-08,3.4
1986-08-11,3.5
1986-08-12,3.48
1986-08-13,3.49
1986-08-14,3.5
1986-08-15,3.45
1986-08-18,3.52
1986-08-19,3.48
1986-08-20,3.5
1986-08-21,3.49
1986-08-22,3.48
1986-08-25,3.42
1986-08-26,3.5
1986-08-27,3.4
1986-08-28,3.36
1986-08-29,3.44
1986-09-02,3.34
1986-09-03,3.29
1986-09-04,3.22
1986-09-05,3.06
1986-09-08,3.13
1986-09-09,3.24
1986-09-10,3.12
1986-09-11,3.0
1986-09-12,3.05
1986-09-15,3.0
1986-09-16,2.96
1986-09-17,2.87
1986-09-18,2.86
1986-09-19,2.78
1986-09-22,2.86
1986-09-23,2.97
1986-09-24,3.09
1986-09-25,2.96
1986-09-26,2.9
1986-09-29,2.79
1986-09-30,2.87
1986-10-01,2.86
1986-10-02,2.89
1986-10-03,2.85
1986-10-06,2.83
1986-10-07,2.82
1986-10-08,2.81
1986-10-09,2.82
1986-10-10,2.89
1986-10-13,2.89
1986-10-14,2.96
1986-10-15,3.0
1986-10-16,3.04
1986-10-17,3.0
1986-10-20,2.97
1986-10-21,2.93
1986-10-22,2.96
1986-10-23,3.02
1986-10-24,2.94
1986-10-27,3.04
1986-10-28,3.04
1986-10-29,3.08
1986-10-30,3.08
1986-10-31,2.98
1986-11-03,3.0
1986-11-04,2.96
1986-11-05,3.01
1986-11-06,3.12
1986-11-07,3.05
1986-11-10,3.06
1986-11-11,3.08
1986-11-12,3.15
1986-11-13,3.0
1986-11-14,3.04
1986-11-17,3.0
1986-11-18,2.9
1986-11-19,2.93
1986-11-20,3.01
1986-11-21,3.04
1986-11-24,3.06
1986-11-25,3.01
1986-11-26,3.04
1986-11-28,3.0
1986-12-01,2.96
1986-12-02,3.09
1986-12-03,3.01
1986-12-04,3.04
1986-12-05,2.96
1986-12-08,3.01
1986-12-09,2.97
1986-12-10,2.99
1986-12-11,2.92
1986-12-12,2.92
1986-12-15,2.89
1986-12-16,2.9
1986-12-17,2.9
1986-12-18,2.86
1986-12-19,2.97
1986-12-22,2.9
1986-12-23,2.84
1986-12-24,2.82
1986-12-26,2.86
1986-12-29,2.85
1986-12-30,2.84
1986-12-31,2.84
1987-01-02,2.86
1987-01-05,2.93
1987-01-06,2.96
1987-01-07,2.97
1987-01-08,2.99
1987-01-09,2.99
1987-01-12,3.04
1987-01-13,3.08
1987-01-14,3.18
1987-01-15,3.29
1987-01-16,3.29
1987-01-19,3.42
1987-01-20,3.34
1987-01-21,3.38
1987-01-22,3.46
1987-01-23,3.38
1987-01-26,3.41
1987-01-27,3.49
1987-01-28,3.46
1987-01-29,3.44
1987-01-30,3.4
1987-02-02,3.44
1987-02-03,3.38
1987-02-04,3.44
1987-02-05,3.52
1987-02-06,3.44
1987-02-09,3.37
1987-02-10,3.41
1987-02-11,3.49
1987-02-12,3.44
1987-02-13,3.41
1987-02-17,3.5
1987-02-18,3.48
1987-02-19,3.55
1987-02-20,3.64
1987-02-23,3.56
1987-02-24,3.59
1987-02-25,3.64
1987-02-26,3.6
1987-02-27,3.63
1987-03-02,3.61
1987-03-03,3.6
1987-03-04,3.7
1987-03-05,3.8
1987-03-06,3.82
1987-03-09,3.73
1987-03-10,3.86
1987-03-11,3.88
1987-03-12,3.88
1987-03-13,3.84
1987-03-16,3.75
1987-03-17,3.81
1987-03-18,3.81
1987-03-19,3.81
1987-03-20,3.84
1987-03-23,3.81
1987-03-24,3.86
1987-03-25,3.82
1987-03-26,3.81
1987-03-27,3.63
1987-03-30,3.58
1987-03-31,3.75
1987-04-01,3.67
1987-04-02,3.69
1987-04-03,3.74
1987-04-06,3.78
1987-04-07,3.73
1987-04-08,3.73
1987-04-09,3.62
1987-04-10,3.6
1987-04-13,3.34
1987-04-14,3.4
1987-04-15,3.45
1987-04-16,3.51
1987-04-20,3.53
1987-04-21,3.6
1987-04-22,3.49
1987-04-23,3.53
1987-04-24,3.42
1987-04-27,3.37
1987-04-28,3.45
1987-04-29,3.44
1987-04-30,3.51
1987-05-01,3.49
1987-05-04,3.55
1987-05-05,3.64
1987-05-06,3.48
1987-05-07,3.53
1987-05-08,3.53
1987-05-11,3.47
1987-05-12,3.51
1987-05-13,3.52
1987-05-14,3.52
1987-05-15,3.44
1987-05-18,3.38
1987-05-19,3.32
1987-05-20,3.47
1987-05-21,3.58
1987-05-22,3.6
1987-05-26,3.75
1987-05-27,3.74
1987-05-28,3.79
1987-05-29,3.84
1987-06-01,3.79
1987-06-02,3.84
1987-06-03,3.88
1987-06-04,3.86
1987-06-05,3.89
1987-06-08,4.01
1987-06-09,3.99
1987-06-10,4.01
1987-06-11,4.03
1987-06-12,4.02
1987-06-15,4.06
1987-06-16,4.06
1987-06-17,4.03
1987-06-18,4.07
1987-06-19,4.07
1987-06-22,4.1
1987-06-23,4.05
1987-06-24,4.02
1987-06-25,4.09
1987-06-26,3.99
1987-06-29,4.01
1987-06-30,3.96
1987-07-01,3.91
1987-07-02,3.99
1987-07-06,3.95
1987-07-07,3.96
1987-07-08,4.18
1987-07-09,4.17
1987-07-10,4.2
1987-07-13,4.17
1987-07-14,4.25
1987-07-15,4.23
1987-07-16,4.24
1987-07-17,4.34
1987-07-20,4.28
1987-07-21,4.2
1987-07-22,4.27
1987-07-23,4.29
1987-07-24,4.25
1987-07-27,4.24
1987-07-28,4.28
1987-07-29,4.29
1987-07-30,4.32
1987-07-31,4.29
1987-08-03,4.18
1987-08-04,4.12
1987-08-05,4.23
1987-08-06,4.29
1987-08-07,4.29
1987-08-10,4.35
1987-08-11,4.46
1987-08-12,4.47
1987-08-13,4.46
1987-08-14,4.49
1987-08-17,4.47
1987-08-18,4.43
1987-08-19,4.4
1987-08-20,4.46
1987-08-21,4.42
1987-08-24,4.38
1987-08-25,4.5
1987-08-26,4.6
1987-08-27,4.6
1987-08-28,4.43
1987-08-31,4.29
1987-09-01,4.35
1987-09-02,4.34
1987-09-03,4.27
1987-09-04,4.2
1987-09-08,4.19
1987-09-09,4.18
1987-09-10,4.31
1987-09-11,4.42
1987-09-14,4.44
1987-09-15,4.3
1987-09-16,4.34
1987-09-17,4.27
1987-09-18,4.29
1987-09-21,4.2
1987-09-22,4.37
1987-09-23,4.42
1987-09-24,4.31
1987-09-25,4.22
1987-09-28,4.31
1987-09-29,4.33
1987-09-30,4.4
1987-10-01,4.44
1987-10-02,4.48
1987-10-05,4.38
1987-10-06,4.16
1987-10-07,4.2
1987-10-08,4.13
1987-10-09,4.06
1987-10-12,4.02
1987-10-13,4.23
1987-10-14,4.08
1987-10-15,3.98
1987-10-16,3.68
1987-10-19,3.43
1987-10-20,3.43
1987-10-21,3.68
1987-10-22,3.57
1987-10-23,3.64
1987-10-26,3.28
1987-10-27,3.43
1987-10-28,3.5
1987-10-29,3.83
1987-10-30,3.75
1987-11-02,3.79
1987-11-03,3.64
1987-11-04,3.54
1987-11-05,3.64
1987-11-06,3.54
1987-11-09,3.4
1987-11-10,3.44
1987-11-11,3.47
1987-11-12,3.61
1987-11-13,3.54
1987-11-16,3.58
1987-11-17,3.54
1987-11-18,3.62
1987-11-19,3.55
1987-11-20,3.57
1987-11-23,3.61
1987-11-24,3.71
1987-11-25,3.64
1987-11-27,3.61
1987-11-30,3.43
1987-12-01,3.47
1987-12-02,3.58
1987-12-03,3.4
1987-12-04,3.41
1987-12-07,3.45
1987-12-08,3.53
1987-12-09,3.52
1987-12-10,3.35
1987-12-11,3.38
1987-12-14,3.57
1987-12-15,3.56
1987-12-16,3.56
1987-12-17,3.52
1987-12-18,3.64
1987-12-21,3.7
1987-12-22,3.75
1987-12-23,3.81
1987-12-24,3.77
1987-12-28,3.64
1987-12-29,3.57
1987-12-30,3.7
1987-12-31,3.71
1988-01-04,3.86
1988-01-05,3.84
1988-01-06,3.78
1988-01-07,3.84
1988-01-08,3.43
1988-01-11,3.63
1988-01-12,3.56
1988-01-13,3.57
1988-01-14,3.56
1988-01-15,3.8
1988-01-18,3.75
1988-01-19,3.7
1988-01-20,3.55
1988-01-21,3.59
1988-01-22,3.59
1988-01-25,3.74
1988-01-26,3.74
1988-01-27,3.66
1988-01-28,3.7
1988-01-29,3.73
1988-02-01,3.66
1988-02-02,3.81
1988-02-03,3.77
1988-02-04,3.8
1988-02-05,3.77
1988-02-08,3.75
1988-02-09,3.8
1988-02-10,3.86
1988-02-11,3.88
1988-02-12,3.86
1988-02-16,3.92
1988-02-17,3.92
1988-02-18,3.88
1988-02-19,3.93
1988-02-22,3.95
1988-02-23,3.93
1988-02-24,3.89
1988-02-25,3.84
1988-02-26,3.86
1988-02-29,3.95
1988-03-01,3.95
1988-03-02,3.93
1988-03-03,3.93
1988-03-04,3.93
1988-03-07,3.93
1988-03-08,3.94
1988-03-09,3.88
1988-03-10,3.83
1988-03-11,3.84
1988-03-14,3.94
1988-03-15,3.93
1988-03-16,3.95
1988-03-17,3.97
1988-03-18,3.91
1988-03-21,3.84
1988-03-22,3.88
1988-03-23,3.91
1988-03-24,3.88
1988-03-25,3.81
1988-03-28,3.84
1988-03-29,3.91
1988-03-30,3.91
1988-03-31,3.91
1988-04-04,3.84
1988-04-05,3.88
1988-04-06,4.04
1988-04-07,4.05
1988-04-08,4.08
1988-04-11,4.11
1988-04-12,4.11
1988-04-13,4.11
1988-04-14,3.91
1988-04-15,3.93
1988-04-18,3.84
1988-04-19,3.77
1988-04-20,3.74
1988-04-21,3.76
1988-04-22,3.87
1988-04-25,3.98
1988-04-26,4.04
1988-04-27,4.02
1988-04-28,3.95
1988-04-29,3.88
1988-05-02,3.93
1988-05-03,3.91
1988-05-04,3.86
1988-05-05,3.84
1988-05-06,3.76
1988-05-09,3.76
1988-05-10,3.76
1988-05-11,3.73
1988-05-12,3.79
1988-05-13,3.86
1988-05-16,3.87
1988-05-17,3.8
1988-05-18,3.74
1988-05-19,3.79
1988-05-20,3.76
1988-05-23,3.72
1988-05-24,3.77
1988-05-25,3.83
1988-05-26,3.86
1988-05-27,3.86
1988-05-31,4.05
1988-06-01,4.18
1988-06-02,4.12
1988-06-03,4.18
1988-06-06,4.16
1988-06-07,4.1
1988-06-08,4.21
1988-06-09,4.17
1988-06-10,4.16
1988-06-13,4.2
1988-06-14,4.21
1988-06-15,4.2
1988-06-16,4.03
1988-06-17,4.06
1988-06-20,4.02
1988-06-21,4.06
1988-06-22,4.13
1988-06-23,4.12
1988-06-24,4.19
1988-06-27,4.09
1988-06-28,4.17
1988-06-29,4.16
1988-06-30,4.19
1988-07-01,4.14
1988-07-05,4.16
1988-07-06,4.02
1988-07-07,4.05
1988-07-08,4.03
1988-07-11,4.05
1988-07-12,4.02
1988-07-13,4.0
1988-07-14,4.02
1988-07-15,4.05
1988-07-18,4.03
1988-07-19,4.02
1988-07-20,4.0
1988-07-21,3.86
1988-07-22,3.88
1988-07-25,3.86
1988-07-26,3.93
1988-07-27,3.82
1988-07-28,3.93
1988-07-29,4.06
1988-08-01,4.07
1988-08-02,4.06
1988-08-03,4.1
1988-08-04,4.07
1988-08-05,4.03
1988-08-08,4.05
1988-08-09,4.02
1988-08-10,3.91
1988-08-11,3.95
1988-08-12,3.92
1988-08-15,3.89
1988-08-16,3.92
1988-08-17,3.98
1988-08-18,4.0
1988-08-19,3.96
1988-08-22,3.91
1988-08-23,3.86
1988-08-24,3.98
1988-08-25,3.91
1988-08-26,3.95
1988-08-29,4.05
1988-08-30,4.03
1988-08-31,4.03
1988-09-01,3.98
1988-09-02,4.13
1988-09-06,4.23
1988-09-07,4.21
1988-09-08,4.27
1988-09-09,4.21
1988-09-12,4.24
1988-09-13,4.21
1988-09-14,4.17
1988-09-15,4.2
1988-09-16,4.3
1988-09-19,4.24
1988-09-20,4.3
1988-09-21,4.35
1988-09-22,4.31
1988-09-23,4.35
1988-09-26,4.3
1988-09-27,4.28
1988-09-28,4.32
1988-09-29,4.38
1988-09-30,4.44
1988-10-03,4.41
1988-10-04,4.35
1988-10-05,4.38
1988-10-06,4.37
1988-10-07,4.52
1988-10-10,4.48
1988-10-11,4.44
1988-10-12,4.3
1988-10-13,4.41
1988-10-14,4.47
1988-10-17,4.51
1988-10-18,4.59
1988-10-19,4.54
1988-10-20,4.64
1988-10-21,4.64
1988-10-24,4.89
1988-10-25,4.82
1988-10-26,4.73
1988-10-27,4.61
1988-10-28,4.58
1988-10-31,4.69
1988-11-01,4.65
1988-11-02,4.62
1988-11-03,4.66
1988-11-04,4.59
1988-11-07,4.51
1988-11-08,4.55
1988-11-09,4.54
1988-11-10,4.56
1988-11-11,4.42
1988-11-14,4.48
1988-11-15,4.55
1988-11-16,4.4
1988-11-17,4.41
1988-11-18,4.47
1988-11-21,4.48
1988-11-22,4.49
1988-11-23,4.52
1988-11-25,4.45
1988-11-28,4.41
1988-11-29,4.52
1988-11-30,4.62
1988-12-01,4.4
1988-12-02,4.37
1988-12-05,4.42
1988-12-06,4.39
1988-12-07,4.48
1988-12-08,4.48
1988-12-09,4.52
1988-12-12,4.46
1988-12-13,4.43
1988-12-14,4.43
1988-12-15,4.43
1988-12-16,4.4
1988-12-19,4.46
1988-12-20,4.49
1988-12-21,4.5
1988-12-22,4.49
1988-12-23,4.5
1988-12-27,4.46
1988-12-28,4.43
1988-12-29,4.53
1988-12-30,4.49
1989-01-03,4.49
1989-01-04,4.53
1989-01-05,4.52
1989-01-06,4.49
1989-01-09,4.48
1989-01-10,4.46
1989-01-11,4.48
1989-01-12,4.49
1989-01-13,4.4
1989-01-16,4.4
1989-01-17,4.46
1989-01-18,4.42
1989-01-19,4.36
1989-01-20,4.31
1989-01-23,4.31
1989-01-24,4.38
1989-01-25,4.35
1989-01-26,4.4
1989-01-27,4.45
1989-01-30,4.48
1989-01-31,4.63
1989-02-01,4.58
1989-02-02,4.58
1989-02-03,4.58
1989-02-06,4.56
1989-02-07,4.67
1989-02-08,4.69
1989-02-09,4.6
1989-02-10,4.52
1989-02-13,4.53
1989-02-14,4.53
1989-02-15,4.55
1989-02-16,4.6
1989-02-17,4.69
1989-02-21,4.66
1989-02-22,4.49
1989-02-23,4.55
1989-02-24,4.43
1989-02-27,4.5
1989-02-28,4.55
1989-03-01,4.58
1989-03-02,4.6
1989-03-03,4.62
1989-03-06,4.73
1989-03-07,4.64
1989-03-08,4.63
1989-03-09,4.58
1989-03-10,4.68
1989-03-13,4.76
1989-03-14,4.8
1989-03-15,4.94
1989-03-16,5.03
1989-03-17,4.87
1989-03-20,4.8
1989-03-21,4.88
1989-03-22,4.97
1989-03-23,4.97
1989-03-27,4.94
1989-03-28,4.96
1989-03-29,5.0
1989-03-30,5.04
1989-03-31,5.08
1989-04-03,5.13
1989-04-04,5.08
1989-04-05,5.13
1989-04-06,5.11
1989-04-07,5.1
1989-04-10,5.08
1989-04-11,5.08
1989-04-12,5.08
1989-04-13,5.1
1989-04-14,5.24
1989-04-17,5.23
1989-04-18,5.31
1989-04-19,5.31
1989-04-20,5.26
1989-04-21,5.33
1989-04-24,5.34
1989-04-25,5.33
1989-04-26,5.31
1989-04-27,5.36
1989-04-28,5.44
1989-05-01,5.51
1989-05-02,5.64
1989-05-03,5.71
1989-05-04,5.68
1989-05-05,5.66
1989-05-08,5.58
1989-05-09,5.5
1989-05-10,5.57
1989-05-11,5.73
1989-05-12,6.01
1989-05-15,6.0
1989-05-16,5.96
1989-05-17,6.14
1989-05-18,6.11
1989-05-19,6.13
1989-05-22,6.13
1989-05-23,5.97
1989-05-24,5.88
1989-05-25,5.98
1989-05-26,6.11
1989-05-30,6.01
1989-05-31,6.18
1989-06-01,6.21
1989-06-02,6.28
1989-06-05,6.28
1989-06-06,6.23
1989-06-07,6.23
1989-06-08,6.14
1989-06-09,6.13
1989-06-12,6.08
1989-06-13,5.95
1989-06-14,6.08
1989-06-15,5.97
1989-06-16,5.94
1989-06-19,5.9
1989-06-20,6.0
1989-06-21,6.08
1989-06-22,6.14
1989-06-23,6.34
1989-06-26,6.38
1989-06-27,6.5
1989-06-28,6.46
1989-06-29,6.18
1989-06-30,6.11
1989-07-03,6.1
1989-07-05,6.04
1989-07-06,6.13
1989-07-07,6.34
1989-07-10,6.28
1989-07-11,6.38
1989-07-12,6.37
1989-07-13,6.37
1989-07-14,6.37
1989-07-17,6.4
1989-07-18,6.33
1989-07-19,6.56
1989-07-20,6.66
1989-07-21,6.73
1989-07-24,6.57
1989-07-25,6.6
1989-07-26,6.77
1989-07-27,6.9
1989-07-28,6.89
1989-07-31,7.13
1989-08-01,6.94
1989-08-02,7.03
1989-08-03,6.92
1989-08-04,6.74
1989-08-07,6.87
1989-08-08,6.84
1989-08-09,6.77
1989-08-10,6.74
1989-08-11,6.73
1989-08-14,6.66
1989-08-15,6.61
1989-08-16,6.73
1989-08-17,6.63
1989-08-18,6.66
1989-08-21,6.57
1989-08-22,6.66
1989-08-23,6.84
1989-08-24,7.0
1989-08-25,6.92
1989-08-28,6.93
1989-08-29,6.83
1989-08-30,6.92
1989-08-31,6.77
1989-09-01,6.74
1989-09-05,6.64
1989-09-06,6.57
1989-09-07,6.56
1989-09-08,6.48
1989-09-11,6.48
1989-09-12,6.59
1989-09-13,6.51
1989-09-14,6.5
1989-09-15,6.53
1989-09-18,6.47
1989-09-19,6.57
1989-09-20,6.47
1989-09-21,6.46
1989-09-22,6.51
1989-09-25,6.46
1989-09-26,6.46
1989-09-27,6.64
1989-09-28,6.8
1989-09-29,6.79
1989-10-02,6.84
1989-10-03,7.03
1989-10-04,7.02
1989-10-05,6.97
1989-10-06,6.99
1989-10-09,6.92
1989-10-10,6.95
1989-10-11,6.92
1989-10-12,6.87
1989-10-13,6.22
1989-10-16,6.59
1989-10-17,6.74
1989-10-18,6.89
1989-10-19,6.99
1989-10-20,6.97
1989-10-23,7.02
1989-10-24,6.99
1989-10-25,7.07
1989-10-26,6.96
1989-10-27,6.89
1989-10-30,6.9
1989-10-31,7.15
1989-11-01,7.09
1989-11-02,7.0
1989-11-03,6.97
1989-11-06,6.87
1989-11-07,6.87
1989-11-08,7.03
1989-11-09,7.0
1989-11-10,6.99
1989-11-13,7.03
1989-11-14,7.02
1989-11-15,7.12
1989-11-16,7.2
1989-11-17,7.22
1989-11-20,7.2
1989-11-21,7.23
1989-11-22,7.39
1989-11-24,7.46
1989-11-27,7.39
1989-11-28,7.33
1989-11-29,7.16
1989-11-30,7.32
1989-12-01,7.42
1989-12-04,7.42
1989-12-05,7.33
1989-12-06,7.23
1989-12-07,7.23
1989-12-08,7.41
1989-12-11,7.44
1989-12-12,7.55
1989-12-13,7.55
1989-12-14,7.45
1989-12-15,7.49
1989-12-18,7.33
1989-12-19,7.23
1989-12-20,7.22
1989-12-21,7.15
1989-12-22,7.26
1989-12-26,7.25
1989-12-27,7.28
1989-12-28,7.29
1989-12-29,7.41
1990-01-02,7.44
1990-01-03,7.36
1990-01-04,7.29
1990-01-05,7.19
1990-01-08,7.32
1990-01-09,7.22
1990-01-10,7.03
1990-01-11,6.97
1990-01-12,6.8
1990-01-15,6.67
1990-01-16,6.91
1990-01-17,6.91
1990-01-18,6.86
1990-01-19,6.94
1990-01-22,6.78
1990-01-23,6.78
1990-01-24,6.76
1990-01-25,6.63
1990-01-26,6.48
1990-01-29,6.54
1990-01-30,6.51
1990-01-31,6.65
1990-02-01,6.74
1990-02-02,6.8
1990-02-05,6.76
1990-02-06,6.87
1990-02-07,6.89
1990-02-08,6.94
1990-02-09,6.97
1990-02-12,6.96
1990-02-13,6.8
1990-02-14,6.81
1990-02-15,6.87
1990-02-16,6.83
1990-02-20,6.71
1990-02-21,6.6
1990-02-22,6.55
1990-02-23,6.57
1990-02-26,6.63
1990-02-27,6.7
1990-02-28,6.77
1990-03-01,6.68
1990-03-02,6.58
1990-03-05,6.58
1990-03-06,6.67
1990-03-07,6.77
1990-03-08,6.9
1990-03-09,6.81
1990-03-12,6.95
1990-03-13,6.9
1990-03-14,6.87
1990-03-15,6.9
1990-03-16,6.99
1990-03-19,7.18
1990-03-20,7.15
1990-03-21,7.15
1990-03-22,7.05
1990-03-23,7.16
1990-03-26,7.26
1990-03-27,7.38
1990-03-28,7.42
1990-03-29,7.35
1990-03-30,7.28
1990-04-02,7.31
1990-04-03,7.44
1990-04-04,7.38
1990-04-05,7.41
1990-04-06,7.56
1990-04-09,7.73
1990-04-10,7.72
1990-04-11,7.76
1990-04-12,7.86
1990-04-16,7.87
1990-04-17,7.87
1990-04-18,7.72
1990-04-19,7.61
1990-04-20,7.6
1990-04-23,7.56
1990-04-24,7.56
1990-04-25,7.53
1990-04-26,7.57
1990-04-27,7.5
1990-04-30,7.7
1990-05-01,7.64
1990-05-02,7.77
1990-05-03,7.85
1990-05-04,7.93
1990-05-07,7.89
1990-05-08,7.87
1990-05-09,7.8
1990-05-10,7.83
1990-05-11,8.09
1990-05-14,8.06
1990-05-15,7.99
1990-05-16,7.96
1990-05-17,8.02
1990-05-18,8.06
1990-05-21,8.25
1990-05-22,8.25
1990-05-23,8.35
1990-05-24,8.31
1990-05-25,8.17
1990-05-29,8.35
1990-05-30,8.5
1990-05-31,8.59
1990-06-01,8.72
1990-06-04,8.87
1990-06-05,8.84
1990-06-06,8.74
1990-06-07,8.65
1990-06-08,8.53
1990-06-11,8.52
1990-06-12,8.67
1990-06-13,8.67
1990-06-14,8.65
1990-06-15,8.64
1990-06-18,8.56
1990-06-19,8.67
1990-06-20,8.74
1990-06-21,8.78
1990-06-22,8.75
1990-06-25,8.65
1990-06-26,8.81
1990-06-27,8.93
1990-06-28,9.1
1990-06-29,9.06
1990-07-02,9.09
1990-07-03,9.19
1990-07-05,9.07
1990-07-06,9.32
1990-07-09,9.2
1990-07-10,9.18
1990-07-11,9.34
1990-07-12,9.34
1990-07-13,9.47
1990-07-16,9.58
1990-07-17,9.69
1990-07-18,9.55
1990-07-19,9.63
1990-07-20,9.45
1990-07-23,9.15
1990-07-24,9.16
1990-07-25,9.15
1990-07-26,9.31
1990-07-27,9.26
1990-07-30,9.07
1990-07-31,8.99
1990-08-01,9.0
1990-08-02,8.87
1990-08-03,8.88
1990-08-06,8.43
1990-08-07,8.5
1990-08-08,8.78
1990-08-09,8.94
1990-08-10,8.87
1990-08-13,8.93
1990-08-14,9.04
1990-08-15,9.2
1990-08-16,8.78
1990-08-17,8.55
1990-08-20,8.55
1990-08-21,8.23
1990-08-22,7.94
1990-08-23,7.69
1990-08-24,8.14
1990-08-27,8.52
1990-08-28,8.53
1990-08-29,8.77
1990-08-30,8.56
1990-08-31,8.77
1990-09-04,8.69
1990-09-05,8.84
1990-09-06,8.58
1990-09-07,8.84
1990-09-10,8.74
1990-09-11,8.83
1990-09-12,8.96
1990-09-13,8.79
1990-09-14,8.7
1990-09-17,8.52
1990-09-18,8.39
1990-09-19,8.22
1990-09-20,8.0
1990-09-21,7.82
1990-09-24,7.6
1990-09-25,7.73
1990-09-26,7.73
1990-09-27,7.78
1990-09-28,8.08
1990-10-01,8.66
1990-10-02,8.61
1990-10-03,8.48
1990-10-04,8.7
1990-10-05,8.52
1990-10-08,8.57
1990-10-09,8.08
1990-10-10,8.08
1990-10-11,7.95
1990-10-12,8.35
1990-10-15,8.52
1990-10-16,8.3
1990-10-17,8.0
1990-10-18,8.39
1990-10-19,8.79
1990-10-22,8.74
1990-10-23,8.66
1990-10-24,8.61
1990-10-25,8.57
1990-10-26,8.35
1990-10-29,8.08
1990-10-30,8.39
1990-10-31,8.44
1990-11-01,8.48
1990-11-02,8.57
1990-11-05,8.79
1990-11-06,8.57
1990-11-07,8.35
1990-11-08,8.39
1990-11-09,8.57
1990-11-12,8.79
1990-11-13,8.88
1990-11-14,9.01
1990-11-15,8.92
1990-11-16,8.96
1990-11-19,9.14
1990-11-20,8.96
1990-11-21,9.05
1990-11-23,9.01
1990-11-26,9.01
1990-11-27,9.14
1990-11-28,8.92
1990-11-29,8.79
1990-11-30,9.01
1990-12-03,9.14
1990-12-04,9.31
1990-12-05,9.45
1990-12-06,9.45
1990-12-07,9.36
1990-12-10,9.31
1990-12-11,9.13
1990-12-12,9.35
1990-12-13,9.39
1990-12-14,9.17
1990-12-17,9.17
1990-12-18,9.31
1990-12-19,9.35
1990-12-20,9.35
1990-12-21,9.31
1990-12-24,9.22
1990-12-26,9.09
1990-12-27,9.09
1990-12-28,9.09
1990-12-31,9.17
1991-01-02,9.09
1991-01-03,8.82
1991-01-04,8.78
1991-01-07,8.56
1991-01-08,8.6
1991-01-09,8.6
1991-01-10,8.56
1991-01-11,8.64
1991-01-14,8.6
1991-01-15,8.51
1991-01-16,8.78
1991-01-17,9.48
1991-01-18,9.61
1991-01-21,9.44
1991-01-22,9.31
1991-01-23,9.48
1991-01-24,9.88
1991-01-25,9.57
1991-01-28,9.31
1991-01-29,9.57
1991-01-30,9.75
1991-01-31,9.7
1991-02-01,9.53
1991-02-04,9.53
1991-02-05,10.14
1991-02-06,10.67
1991-02-07,10.45
1991-02-08,10.41
1991-02-11,10.81
1991-02-12,10.67
1991-02-13,10.94
1991-02-14,11.2
1991-02-15,11.29
1991-02-19,11.38
1991-02-20,11.16
1991-02-21,11.38
1991-02-22,11.73
1991-02-25,11.82
1991-02-26,11.55
1991-02-27,11.86
1991-02-28,11.55
1991-03-01,11.64
1991-03-04,11.28
1991-03-05,11.99
1991-03-06,11.59
1991-03-07,11.59
1991-03-08,11.5
1991-03-11,11.37
1991-03-12,11.06
1991-03-13,11.41
1991-03-14,11.72
1991-03-15,11.81
1991-03-18,11.72
1991-03-19,11.5
1991-03-20,11.86
1991-03-21,11.9
1991-03-22,11.63
1991-03-25,11.59
1991-03-26,12.08
1991-03-27,12.08
1991-03-28,12.12
1991-04-01,12.03
1991-04-02,12.61
1991-04-03,12.03
1991-04-04,12.08
1991-04-05,11.77
1991-04-08,11.5
1991-04-09,11.46
1991-04-10,11.5
1991-04-11,11.68
1991-04-12,11.72
1991-04-15,11.86
1991-04-16,12.03
1991-04-17,11.86
1991-04-18,11.72
1991-04-19,11.63
1991-04-22,11.5
1991-04-23,11.55
1991-04-24,11.59
1991-04-25,11.37
1991-04-26,11.41
1991-04-29,10.79
1991-04-30,11.28
1991-05-01,11.63
1991-05-02,11.46
1991-05-03,11.24
1991-05-06,11.32
1991-05-07,11.19
1991-05-08,11.24
1991-05-09,11.41
1991-05-10,11.19
1991-05-13,11.41
1991-05-14,11.19
1991-05-15,11.06
1991-05-16,11.19
1991-05-17,11.1
1991-05-20,11.24
1991-05-21,11.5
1991-05-22,11.5
1991-05-23,11.19
1991-05-24,11.24
1991-05-28,11.41
1991-05-29,11.37
1991-05-30,11.19
1991-05-31,11.1
1991-06-03,10.93
1991-06-04,10.97
1991-06-05,10.84
1991-06-06,10.97
1991-06-07,10.88
1991-06-10,10.75
1991-06-11,10.84
1991-06-12,10.7
1991-06-13,10.66
1991-06-14,10.97
1991-06-17,10.97
1991-06-18,10.79
1991-06-19,10.61
1991-06-20,10.66
1991-06-21,10.66
1991-06-24,10.53
1991-06-25,10.21
1991-06-26,10.3
1991-06-27,10.35
1991-06-28,10.3
1991-07-01,10.35
1991-07-02,10.57
1991-07-03,10.44
1991-07-05,10.35
1991-07-08,10.57
1991-07-09,10.61
1991-07-10,10.17
1991-07-11,10.17
1991-07-12,10.3
1991-07-15,10.61
1991-07-16,10.75
1991-07-17,10.57
1991-07-18,10.57
1991-07-19,10.44
1991-07-22,10.3
1991-07-23,10.3
1991-07-24,10.53
1991-07-25,10.57
1991-07-26,10.48
1991-07-29,10.61
1991-07-30,11.19
1991-07-31,11.32
1991-08-01,11.28
1991-08-02,11.24
1991-08-05,11.15
1991-08-06,11.46
1991-08-07,11.55
1991-08-08,11.55
1991-08-09,11.37
1991-08-12,11.46
1991-08-13,11.41
1991-08-14,11.64
1991-08-15,11.68
1991-08-16,11.41
1991-08-19,10.92
1991-08-20,11.24
1991-08-21,11.72
1991-08-22,11.68
1991-08-23,11.86
1991-08-26,11.72
1991-08-27,11.68
1991-08-28,11.81
1991-08-29,11.72
1991-08-30,11.5
1991-09-03,11.19
1991-09-04,11.06
1991-09-05,10.61
1991-09-06,10.35
1991-09-09,10.61
1991-09-10,10.39
1991-09-11,10.57
1991-09-12,10.66
1991-09-13,10.52
1991-09-16,10.39
1991-09-17,10.39
1991-09-18,10.43
1991-09-19,10.52
1991-09-20,10.39
1991-09-23,10.39
1991-09-24,10.3
1991-09-25,10.17
1991-09-26,10.12
1991-09-27,10.12
1991-09-30,10.17
1991-10-01,10.35
1991-10-02,10.39
1991-10-03,10.26
1991-10-04,10.17
1991-10-07,10.26
1991-10-08,10.35
1991-10-09,10.3
1991-10-10,10.3
1991-10-11,10.26
1991-10-14,10.35
1991-10-15,10.35
1991-10-16,10.21
1991-10-17,10.08
1991-10-18,10.03
1991-10-21,9.94
1991-10-22,9.68
1991-10-23,9.99
1991-10-24,9.9
1991-10-25,9.9
1991-10-28,9.99
1991-10-29,10.17
1991-10-30,10.21
1991-10-31,10.17
1991-11-01,10.26
1991-11-04,10.48
1991-11-05,10.3
1991-11-06,10.21
1991-11-07,10.48
1991-11-08,10.35
1991-11-11,10.35
1991-11-12,10.52
1991-11-13,10.48
1991-11-14,10.66
1991-11-15,10.17
1991-11-18,10.61
1991-11-19,10.39
1991-11-20,10.26
1991-11-21,10.48
1991-11-22,10.3
1991-11-25,10.26
1991-11-26,10.61
1991-11-27,10.57
1991-11-29,10.57
1991-12-02,10.93
1991-12-03,10.84
1991-12-04,10.84
1991-12-05,10.79
1991-12-06,10.79
1991-12-09,10.92
1991-12-10,11.01
1991-12-11,11.01
1991-12-12,11.24
1991-12-13,11.15
1991-12-16,11.24
1991-12-17,11.37
1991-12-18,11.46
1991-12-19,11.73
1991-12-20,11.86
1991-12-23,11.82
1991-12-24,11.77
1991-12-26,12.04
1991-12-27,12.09
1991-12-30,12.22
1991-12-31,12.13
1992-01-02,12.13
1992-01-03,12.31
1992-01-06,12.13
1992-01-07,12.13
1992-01-08,12.63
1992-01-09,12.63
1992-01-10,12.18
1992-01-13,12.36
1992-01-14,12.49
1992-01-15,12.49
1992-01-16,12.09
1992-01-17,12.09
1992-01-20,11.82
1992-01-21,11.77
1992-01-22,11.82
1992-01-23,11.86
1992-01-24,11.82
1992-01-27,11.77
1992-01-28,12.0
1992-01-29,11.73
1992-01-30,12.13
1992-01-31,12.09
1992-02-03,12.0
1992-02-04,12.09
1992-02-05,11.77
1992-02-06,11.77
1992-02-07,11.55
1992-02-10,11.42
1992-02-11,11.55
1992-02-12,11.77
1992-02-13,11.42
1992-02-14,11.37
1992-02-18,11.01
1992-02-19,11.28
1992-02-20,11.73
1992-02-21,11.55
1992-02-24,11.69
1992-02-25,11.46
1992-02-26,11.69
1992-02-27,11.64
1992-02-28,11.55
1992-03-02,11.64
1992-03-03,11.6
1992-03-04,11.6
1992-03-05,11.42
1992-03-06,11.37
1992-03-09,11.37
1992-03-10,11.37
1992-03-11,11.46
1992-03-12,11.37
1992-03-13,11.46
1992-03-16,11.5
1992-03-17,11.68
1992-03-18,11.64
1992-03-19,11.59
1992-03-20,11.82
1992-03-23,11.77
1992-03-24,11.64
1992-03-25,11.86
1992-03-26,11.95
1992-03-27,12.36
1992-03-30,12.27
1992-03-31,12.31
1992-04-01,12.49
1992-04-02,12.45
1992-04-03,12.58
1992-04-06,12.4
1992-04-07,12.31
1992-04-08,12.36
1992-04-09,12.58
1992-04-10,12.72
1992-04-13,12.72
1992-04-14,12.76
1992-04-15,12.72
1992-04-16,12.63
1992-04-20,12.45
1992-04-21,12.45
1992-04-22,12.36
1992-04-23,12.45
1992-04-24,12.22
1992-04-27,12.18
1992-04-28,12.54
1992-04-29,12.76
1992-04-30,13.12
1992-05-01,13.03
1992-05-04,13.12
1992-05-05,13.03
1992-05-06,12.9
1992-05-07,12.94
1992-05-08,12.99
1992-05-11,13.03
1992-05-12,12.9
1992-05-13,13.12
1992-05-14,13.12
1992-05-15,13.08
1992-05-18,12.99
1992-05-19,12.94
1992-05-20,13.03
1992-05-21,12.85
1992-05-22,12.94
1992-05-26,12.54
1992-05-27,12.63
1992-05-28,12.94
1992-05-29,13.12
1992-06-01,12.94
1992-06-02,13.03
1992-06-03,12.94
1992-06-04,12.81
1992-06-05,12.81
1992-06-08,12.72
1992-06-09,12.67
1992-06-10,12.58
1992-06-11,12.86
1992-06-12,12.99
1992-06-15,12.81
1992-06-16,12.76
1992-06-17,12.72
1992-06-18,12.54
1992-06-19,12.67
1992-06-22,12.45
1992-06-23,12.54
1992-06-24,12.4
1992-06-25,12.45
1992-06-26,12.54
1992-06-29,12.81
1992-06-30,12.58
1992-07-01,12.72
1992-07-02,12.99
1992-07-06,12.99
1992-07-07,12.99
1992-07-08,13.08
1992-07-09,13.26
1992-07-10,13.26
1992-07-13,13.22
1992-07-14,13.13
1992-07-15,12.99
1992-07-16,12.99
1992-07-17,12.99
1992-07-20,12.86
1992-07-21,13.26
1992-07-22,12.99
1992-07-23,13.17
1992-07-24,13.26
1992-07-27,13.08
1992-07-28,13.53
1992-07-29,13.53
1992-07-30,13.35
1992-07-31,13.49
1992-08-03,13.49
1992-08-04,13.53
1992-08-05,13.53
1992-08-06,13.49
1992-08-07,13.35
1992-08-10,13.49
1992-08-11,13.58
1992-08-12,13.76
1992-08-13,13.89
1992-08-14,13.89
1992-08-17,13.94
1992-08-18,13.89
1992-08-19,13.62
1992-08-20,13.85
1992-08-21,13.58
1992-08-24,13.44
1992-08-25,13.58
1992-08-26,13.67
1992-08-27,13.67
1992-08-28,13.67
1992-08-31,13.53
1992-09-01,13.44
1992-09-02,13.35
1992-09-03,13.71
1992-09-04,13.62
1992-09-08,13.67
1992-09-09,13.67
1992-09-10,13.76
1992-09-11,13.76
1992-09-14,13.9
1992-09-15,13.85
1992-09-16,13.9
1992-09-17,14.08
1992-09-18,13.99
1992-09-21,13.94
1992-09-22,13.4
1992-09-23,13.44
1992-09-24,13.67
1992-09-25,13.53
1992-09-28,13.71
1992-09-29,13.71
1992-09-30,13.71
1992-10-01,14.17
1992-10-02,13.94
1992-10-05,13.8
1992-10-06,13.67
1992-10-07,13.53
1992-10-08,13.71
1992-10-09,13.49
1992-10-12,13.71
1992-10-13,13.99
1992-10-14,14.12
1992-10-15,14.26
1992-10-16,14.39
1992-10-19,14.48
1992-10-20,14.53
1992-10-21,14.53
1992-10-22,14.48
1992-10-23,14.26
1992-10-26,14.26
1992-10-27,14.44
1992-10-28,14.53
1992-10-29,14.44
1992-10-30,14.44
1992-11-02,14.57
1992-11-03,14.44
1992-11-04,14.26
1992-11-05,14.08
1992-11-06,14.26
1992-11-09,14.35
1992-11-10,14.44
1992-11-11,14.8
1992-11-12,14.62
1992-11-13,14.66
1992-11-16,14.66
1992-11-17,14.85
1992-11-18,15.16
1992-11-19,15.07
1992-11-20,15.39
1992-11-23,15.12
1992-11-24,14.98
1992-11-25,14.85
1992-11-27,14.85
1992-11-30,14.75
1992-12-01,14.75
1992-12-02,15.07
1992-12-03,14.94
1992-12-04,15.16
1992-12-07,15.21
1992-12-08,15.44
1992-12-09,15.39
1992-12-10,15.21
1992-12-11,15.39
1992-12-14,15.44
1992-12-15,15.53
1992-12-16,15.3
1992-12-17,15.25
1992-12-18,15.39
1992-12-21,15.48
1992-12-22,15.44
1992-12-23,15.39
1992-12-24,15.35
1992-12-28,15.53
1992-12-29,15.3
1992-12-30,15.3
1992-12-31,15.07
1993-01-04,14.94
1993-01-05,14.8
1993-01-06,14.57
1993-01-07,14.17
1993-01-08,14.39
1993-01-11,14.39
1993-01-12,14.57
1993-01-13,14.57
1993-01-14,14.8
1993-01-15,15.07
1993-01-18,15.07
1993-01-19,14.94
1993-01-20,14.85
1993-01-21,14.94
1993-01-22,14.89
1993-01-25,14.89
1993-01-26,15.16
1993-01-27,15.39
1993-01-28,15.21
1993-01-29,15.21
1993-02-01,15.35
1993-02-02,15.16
1993-02-03,15.07
1993-02-04,15.07
1993-02-05,14.71
1993-02-08,14.66
1993-02-09,14.3
1993-02-10,14.44
1993-02-11,14.76
1993-02-12,14.35
1993-02-16,14.35
1993-02-17,14.66
1993-02-18,14.53
1993-02-19,14.53
1993-02-22,14.44
1993-02-23,14.62
1993-02-24,14.66
1993-02-25,14.39
1993-02-26,14.48
1993-03-01,14.26
1993-03-02,14.71
1993-03-03,14.89
1993-03-04,14.85
1993-03-05,15.03
1993-03-08,15.49
1993-03-09,15.35
1993-03-10,15.35
1993-03-11,15.3
1993-03-12,14.8
1993-03-15,14.8
1993-03-16,14.89
1993-03-17,14.94
1993-03-18,15.12
1993-03-19,15.3
1993-03-22,15.21
1993-03-23,15.03
1993-03-24,15.21
1993-03-25,15.39
1993-03-26,15.3
1993-03-29,15.53
1993-03-30,15.58
1993-03-31,15.62
1993-04-01,15.58
1993-04-02,15.17
1993-04-05,14.76
1993-04-06,14.57
1993-04-07,14.44
1993-04-08,14.21
1993-04-12,14.3
1993-04-13,14.35
1993-04-14,14.3
1993-04-15,14.12
1993-04-16,13.44
1993-04-19,13.3
1993-04-20,13.25
1993-04-21,13.66
1993-04-22,13.34
1993-04-23,13.34
1993-04-26,13.57
1993-04-27,13.34
1993-04-28,13.62
1993-04-29,13.75
1993-04-30,13.71
1993-05-03,13.48
1993-05-04,13.48
1993-05-05,13.75
1993-05-06,13.53
1993-05-07,13.48
1993-05-10,13.34
1993-05-11,13.57
1993-05-12,13.57
1993-05-13,13.21
1993-05-14,13.03
1993-05-17,13.48
1993-05-18,13.3
1993-05-19,13.48
1993-05-20,13.75
1993-05-21,13.44
1993-05-24,13.3
1993-05-25,13.34
1993-05-26,13.34
1993-05-27,13.21
1993-05-28,13.21
1993-06-01,13.21
1993-06-02,13.16
1993-06-03,13.12
1993-06-04,13.12
1993-06-07,12.95
1993-06-08,12.9
1993-06-09,12.76
1993-06-10,13.04
1993-06-11,13.36
1993-06-14,13.27
1993-06-15,13.04
1993-06-16,13.04
1993-06-17,13.5
1993-06-18,13.31
1993-06-21,13.31
1993-06-22,13.36
1993-06-23,13.22
1993-06-24,13.36
1993-06-25,13.27
1993-06-28,13.45
1993-06-29,13.54
1993-06-30,13.54
1993-07-01,13.4
1993-07-02,13.27
1993-07-06,13.13
1993-07-07,13.22
1993-07-08,13.08
1993-07-09,12.99
1993-07-12,12.99
1993-07-13,12.76
1993-07-14,12.86
1993-07-15,13.13
1993-07-16,13.04
1993-07-19,12.99
1993-07-20,13.31
1993-07-21,13.63
1993-07-22,13.86
1993-07-23,13.82
1993-07-26,13.72
1993-07-27,13.54
1993-07-28,13.59
1993-07-29,13.68
1993-07-30,13.68
1993-08-02,13.72
1993-08-03,13.63
1993-08-04,13.45
1993-08-05,13.68
1993-08-06,13.45
1993-08-09,13.59
1993-08-10,13.59
1993-08-11,13.91
1993-08-12,13.59
1993-08-13,13.68
1993-08-16,13.68
1993-08-17,13.77
1993-08-18,14.23
1993-08-19,14.69
1993-08-20,14.32
1993-08-23,14.36
1993-08-24,14.41
1993-08-25,14.18
1993-08-26,14.09
1993-08-27,14.36
1993-08-30,14.27
1993-08-31,14.41
1993-09-01,14.46
1993-09-02,14.27
1993-09-03,14.33
1993-09-07,14.47
1993-09-08,14.61
1993-09-09,14.65
1993-09-10,14.79
1993-09-13,14.98
1993-09-14,15.02
1993-09-15,15.3
1993-09-16,15.25
1993-09-17,15.11
1993-09-20,14.7
1993-09-21,14.61
1993-09-22,14.98
1993-09-23,14.98
1993-09-24,14.84
1993-09-27,15.07
1993-09-28,14.88
1993-09-29,14.61
1993-09-30,14.42
1993-10-01,14.24
1993-10-04,14.52
1993-10-05,14.52
1993-10-06,14.29
1993-10-07,14.33
1993-10-08,14.33
1993-10-11,14.56
1993-10-12,14.61
1993-10-13,14.52
1993-10-14,14.88
1993-10-15,15.16
1993-10-18,14.98
1993-10-19,14.75
1993-10-20,14.75
1993-10-21,14.52
1993-10-22,14.56
1993-10-25,14.38
1993-10-26,14.56
1993-10-27,14.42
1993-10-28,14.88
1993-10-29,14.52
1993-11-01,14.29
1993-11-02,14.38
1993-11-03,14.06
1993-11-04,13.92
1993-11-05,13.96
1993-11-08,14.01
1993-11-09,14.33
1993-11-10,14.56
1993-11-11,14.52
1993-11-12,14.33
1993-11-15,14.65
1993-11-16,14.7
1993-11-17,14.61
1993-11-18,14.84
1993-11-19,14.75
1993-11-22,14.56
1993-11-23,14.47
1993-11-24,14.7
1993-11-26,14.79
1993-11-29,14.65
1993-11-30,14.79
1993-12-01,14.7
1993-12-02,14.7
1993-12-03,14.65
1993-12-06,14.85
1993-12-07,14.99
1993-12-08,14.99
1993-12-09,14.94
1993-12-10,15.04
1993-12-13,15.17
1993-12-14,14.99
1993-12-15,15.04
1993-12-16,15.13
1993-12-17,15.08
1993-12-20,15.08
1993-12-21,15.13
1993-12-22,15.22
1993-12-23,15.45
1993-12-27,15.4
1993-12-28,15.27
1993-12-29,15.27
1993-12-30,15.22
1993-12-31,15.08
1994-01-03,14.99
1994-01-04,14.81
1994-01-05,14.67
1994-01-06,14.48
1994-01-07,14.81
1994-01-10,15.08
1994-01-11,14.99
1994-01-12,14.85
1994-01-13,14.76
1994-01-14,14.76
1994-01-17,14.62
1994-01-18,14.62
1994-01-19,14.9
1994-01-20,14.76
1994-01-21,14.76
1994-01-24,14.53
1994-01-25,14.48
1994-01-26,14.44
1994-01-27,14.85
1994-01-28,14.81
1994-01-31,14.9
1994-02-01,14.62
1994-02-02,14.62
1994-02-03,14.48
1994-02-04,14.11
1994-02-07,14.21
1994-02-08,14.21
1994-02-09,14.16
1994-02-10,14.16
1994-02-11,14.39
1994-02-14,14.25
1994-02-15,14.3
1994-02-16,14.48
1994-02-17,14.21
1994-02-18,14.39
1994-02-22,14.62
1994-02-23,14.62
1994-02-24,14.34
1994-02-25,14.3
1994-02-28,14.44
1994-03-01,14.44
1994-03-02,14.34
1994-03-03,14.07
1994-03-04,14.02
1994-03-07,13.89
1994-03-08,13.76
1994-03-09,13.62
1994-03-10,13.52
1994-03-11,13.39
1994-03-14,13.34
1994-03-15,13.66
1994-03-16,13.8
1994-03-17,14.03
1994-03-18,13.94
1994-03-21,13.8
1994-03-22,13.8
1994-03-23,13.71
1994-03-24,13.89
1994-03-25,13.8
1994-03-28,13.8
1994-03-29,13.71
1994-03-30,13.52
1994-03-31,13.57
1994-04-04,13.43
1994-04-05,13.57
1994-04-06,13.57
1994-04-07,13.57
1994-04-08,13.57
1994-04-11,13.52
1994-04-12,13.62
1994-04-13,13.66
1994-04-14,13.66
1994-04-15,13.62
1994-04-18,13.57
1994-04-19,13.62
1994-04-20,13.34
1994-04-21,13.43
1994-04-22,13.2
1994-04-25,13.62
1994-04-26,13.57
1994-04-28,13.71
1994-04-29,13.52
1994-05-02,13.99
1994-05-03,13.71
1994-05-04,13.71
1994-05-05,13.34
1994-05-06,13.29
1994-05-09,13.25
1994-05-10,13.29
1994-05-11,13.11
1994-05-12,13.25
1994-05-13,13.15
1994-05-16,13.34
1994-05-17,13.71
1994-05-18,13.76
1994-05-19,13.62
1994-05-20,13.57
1994-05-23,13.39
1994-05-24,13.48
1994-05-25,13.48
1994-05-26,13.57
1994-05-27,13.52
1994-05-31,13.34
1994-06-01,13.43
1994-06-02,13.62
1994-06-03,13.34
1994-06-06,12.89
1994-06-07,12.99
1994-06-08,12.85
1994-06-09,11.73
1994-06-10,11.59
1994-06-13,11.68
1994-06-14,11.87
1994-06-15,11.96
1994-06-16,11.82
1994-06-17,11.64
1994-06-20,11.54
1994-06-21,11.73
1994-06-22,11.82
1994-06-23,11.59
1994-06-24,11.45
1994-06-27,11.54
1994-06-28,11.5
1994-06-29,11.64
1994-06-30,11.4
1994-07-01,11.36
1994-07-05,11.4
1994-07-06,11.22
1994-07-07,11.4
1994-07-08,11.45
1994-07-11,11.5
1994-07-12,11.4
1994-07-13,11.36
1994-07-14,11.45
1994-07-15,11.64
1994-07-18,11.36
1994-07-19,11.36
1994-07-20,11.31
1994-07-21,11.22
1994-07-22,11.22
1994-07-25,11.17
1994-07-26,11.22
1994-07-27,11.13
1994-07-28,11.08
1994-07-29,11.36
1994-08-01,11.5
1994-08-02,11.5
1994-08-03,11.5
1994-08-04,11.54
1994-08-05,11.54
1994-08-08,11.73
1994-08-09,11.59
1994-08-10,11.59
1994-08-11,11.59
1994-08-12,11.82
1994-08-15,11.59
1994-08-16,12.06
1994-08-17,12.38
1994-08-18,12.2
1994-08-19,12.48
1994-08-22,12.48
1994-08-23,12.66
1994-08-24,12.85
1994-08-25,12.61
1994-08-26,12.75
1994-08-29,12.57
1994-08-30,12.48
1994-08-31,12.34
1994-09-01,12.52
1994-09-02,12.64
1994-09-06,12.54
1994-09-07,12.45
1994-09-08,12.54
1994-09-09,12.4
1994-09-12,12.36
1994-09-13,12.36
1994-09-14,12.45
1994-09-15,12.73
1994-09-16,12.45
1994-09-19,12.5
1994-09-20,12.17
1994-09-21,12.17
1994-09-22,12.21
1994-09-23,12.17
1994-09-26,12.36
1994-09-27,12.26
1994-09-28,12.5
1994-09-29,12.4
1994-09-30,12.4
1994-10-03,12.59
1994-10-04,12.21
1994-10-05,12.5
1994-10-06,12.36
1994-10-07,12.07
1994-10-10,12.17
1994-10-11,13.01
1994-10-12,12.92
1994-10-13,12.92
1994-10-14,12.78
1994-10-17,12.78
1994-10-18,12.73
1994-10-19,13.01
1994-10-20,12.82
1994-10-21,12.87
1994-10-24,12.73
1994-10-25,12.82
1994-10-26,13.01
1994-10-27,13.06
1994-10-28,13.15
1994-10-31,13.1
1994-11-01,13.29
1994-11-02,13.2
1994-11-03,13.34
1994-11-04,13.24
1994-11-07,13.34
1994-11-08,13.43
1994-11-09,13.34
1994-11-10,13.2
1994-11-11,13.81
1994-11-14,13.9
1994-11-15,13.76
1994-11-16,13.76
1994-11-17,13.85
1994-11-18,13.71
1994-11-21,13.81
1994-11-22,13.48
1994-11-23,13.29
1994-11-25,13.43
1994-11-28,13.48
1994-11-29,13.43
1994-11-30,13.2
1994-12-01,13.15
1994-12-02,13.43
1994-12-05,13.59
1994-12-06,13.5
1994-12-07,13.5
1994-12-08,13.22
1994-12-09,13.26
1994-12-12,13.45
1994-12-13,13.45
1994-12-14,13.41
1994-12-15,13.5
1994-12-16,13.83
1994-12-19,13.78
1994-12-20,13.64
1994-12-21,13.69
1994-12-22,13.64
1994-12-23,13.64
1994-12-27,13.83
1994-12-28,13.78
1994-12-29,13.78
1994-12-30,13.64
1995-01-03,13.55
1995-01-04,13.36
1995-01-05,13.08
1995-01-06,13.08
1995-01-09,13.12
1995-01-10,12.98
1995-01-11,12.79
1995-01-12,12.75
1995-01-13,12.89
1995-01-16,13.03
1995-01-17,13.22
1995-01-18,13.03
1995-01-19,12.98
1995-01-20,12.93
1995-01-23,13.08
1995-01-24,13.17
1995-01-25,13.36
1995-01-26,13.41
1995-01-27,13.69
1995-01-30,13.69
1995-01-31,13.88
1995-02-01,13.97
1995-02-02,14.3
1995-02-03,14.63
1995-02-06,14.53
1995-02-07,14.25
1995-02-08,13.88
1995-02-09,13.88
1995-02-10,14.11
1995-02-13,13.92
1995-02-14,14.53
1995-02-15,14.44
1995-02-16,14.53
1995-02-17,14.53
1995-02-21,14.68
1995-02-22,14.68
1995-02-23,14.77
1995-02-24,14.91
1995-02-27,14.58
1995-02-28,14.72
1995-03-01,14.58
1995-03-02,14.58
1995-03-03,14.63
1995-03-06,14.84
1995-03-07,14.51
1995-03-08,14.41
1995-03-09,14.55
1995-03-10,15.03
1995-03-13,14.93
1995-03-14,15.03
1995-03-15,15.07
1995-03-16,15.12
1995-03-17,15.17
1995-03-20,15.22
1995-03-21,15.41
1995-03-22,15.45
1995-03-23,15.36
1995-03-24,15.22
1995-03-27,15.26
1995-03-28,15.22
1995-03-29,15.17
1995-03-30,14.74
1995-03-31,14.79
1995-04-03,14.98
1995-04-04,15.07
1995-04-05,15.12
1995-04-06,15.07
1995-04-07,15.07
1995-04-10,15.26
1995-04-11,15.26
1995-04-12,15.45
1995-04-13,15.5
1995-04-17,15.31
1995-04-18,15.5
1995-04-19,15.31
1995-04-20,15.26
1995-04-21,15.59
1995-04-24,15.64
1995-04-25,15.59
1995-04-26,15.74
1995-04-27,15.55
1995-04-28,15.74
1995-05-01,15.88
1995-05-02,16.26
1995-05-03,16.92
1995-05-04,16.96
1995-05-05,16.78
1995-05-08,17.06
1995-05-09,16.87
1995-05-10,17.25
1995-05-11,17.25
1995-05-12,16.78
1995-05-15,17.3
1995-05-16,17.15
1995-05-17,17.15
1995-05-18,16.68
1995-05-19,16.96
1995-05-22,16.92
1995-05-23,17.2
1995-05-24,17.77
1995-05-25,17.58
1995-05-26,17.58
1995-05-30,17.91
1995-05-31,18.52
1995-06-01,18.19
1995-06-02,17.86
1995-06-05,17.58
1995-06-06,17.51
1995-06-07,17.51
1995-06-08,17.8
1995-06-09,17.8
1995-06-12,17.8
1995-06-13,17.75
1995-06-14,17.84
1995-06-15,17.65
1995-06-16,17.7
1995-06-19,17.7
1995-06-20,17.8
1995-06-21,17.8
1995-06-22,17.94
1995-06-23,17.84
1995-06-26,17.8
1995-06-27,17.32
1995-06-28,17.32
1995-06-29,17.42
1995-06-30,17.28
1995-07-03,17.13
1995-07-05,16.66
1995-07-06,16.71
1995-07-07,16.66
1995-07-10,16.71
1995-07-11,16.75
1995-07-12,16.94
1995-07-13,17.18
1995-07-14,17.23
1995-07-17,17.18
1995-07-18,17.13
1995-07-19,16.94
1995-07-20,16.66
1995-07-21,16.85
1995-07-24,17.04
1995-07-25,17.32
1995-07-26,17.7
1995-07-27,17.56
1995-07-28,17.65
1995-07-31,17.8
1995-08-01,17.65
1995-08-02,17.51
1995-08-03,17.32
1995-08-04,17.46
1995-08-07,17.65
1995-08-08,17.65
1995-08-09,17.56
1995-08-10,17.51
1995-08-11,17.56
1995-08-14,17.84
1995-08-15,17.75
1995-08-16,17.42
1995-08-17,17.18
1995-08-18,17.23
1995-08-21,17.18
1995-08-22,17.13
1995-08-23,16.94
1995-08-24,17.28
1995-08-25,17.28
1995-08-28,17.23
1995-08-29,17.18
1995-08-30,17.37
1995-08-31,17.18
1995-09-01,17.28
1995-09-05,17.56
1995-09-06,17.64
1995-09-07,17.59
1995-09-08,17.45
1995-09-11,17.64
1995-09-12,18.11
1995-09-13,18.59
1995-09-14,18.78
1995-09-15,18.97
1995-09-18,19.4
1995-09-19,19.3
1995-09-20,19.45
1995-09-21,19.16
1995-09-22,19.54
1995-09-25,19.78
1995-09-26,19.73
1995-09-27,19.49
1995-09-28,19.54
1995-09-29,19.45
1995-10-02,19.45
1995-10-03,19.83
1995-10-04,20.35
1995-10-05,19.92
1995-10-06,19.83
1995-10-09,19.73
1995-10-10,19.78
1995-10-11,19.73
1995-10-12,19.64
1995-10-13,19.35
1995-10-16,19.83
1995-10-17,19.59
1995-10-18,19.64
1995-10-19,20.31
1995-10-20,20.07
1995-10-23,20.07
1995-10-24,20.02
1995-10-25,20.16
1995-10-26,19.88
1995-10-27,20.16
1995-10-30,20.07
1995-10-31,20.07
1995-11-01,20.07
1995-11-02,20.16
1995-11-03,20.31
1995-11-06,19.92
1995-11-07,19.92
1995-11-08,20.59
1995-11-09,20.35
1995-11-10,20.31
1995-11-13,20.54
1995-11-14,20.16
1995-11-15,20.59
1995-11-16,20.59
1995-11-17,20.88
1995-11-20,20.78
1995-11-21,20.92
1995-11-22,20.73
1995-11-24,20.73
1995-11-27,20.5
1995-11-28,20.92
1995-11-29,20.88
1995-11-30,21.12
1995-12-01,21.02
1995-12-04,21.5
1995-12-05,21.88
1995-12-06,21.95
1995-12-07,22.19
1995-12-08,22.15
1995-12-11,22.05
1995-12-12,22.15
1995-12-13,22.15
1995-12-14,22.1
1995-12-15,22.05
1995-12-18,21.76
1995-12-19,21.86
1995-12-20,20.95
1995-12-21,20.85
1995-12-22,21.29
1995-12-26,21.33
1995-12-27,21.48
1995-12-28,21.52
1995-12-29,21.38
1996-01-02,21.33
1996-01-03,21.38
1996-01-04,21.33
1996-01-05,21.29
1996-01-08,21.29
1996-01-09,21.19
1996-01-10,21.05
1996-01-11,21.19
1996-01-12,21.57
1996-01-15,21.57
1996-01-16,21.91
1996-01-17,21.91
1996-01-18,22.1
1996-01-19,22.0
1996-01-22,22.1
1996-01-23,22.24
1996-01-24,22.43
1996-01-25,22.62
1996-01-26,22.62
1996-01-29,23.01
1996-01-30,22.86
1996-01-31,22.82
1996-02-01,23.01
1996-02-02,22.82
1996-02-05,23.01
1996-02-06,23.29
1996-02-07,24.63
1996-02-08,24.44
1996-02-09,24.78
1996-02-12,24.63
1996-02-13,24.35
1996-02-14,24.01
1996-02-15,23.87
1996-02-16,23.53
1996-02-20,23.25
1996-02-21,23.77
1996-02-22,24.25
1996-02-23,25.21
1996-02-26,24.87
1996-02-27,24.54
1996-02-28,24.25
1996-02-29,24.2
1996-03-01,24.54
1996-03-04,25.26
1996-03-05,25.54
1996-03-06,24.71
1996-03-07,25.0
1996-03-08,24.04
1996-03-11,24.18
1996-03-12,24.61
1996-03-13,24.23
1996-03-14,24.08
1996-03-15,23.94
1996-03-18,24.28
1996-03-19,24.18
1996-03-20,24.28
1996-03-21,24.23
1996-03-22,24.28
1996-03-25,24.37
1996-03-26,24.47
1996-03-27,24.47
1996-03-28,24.42
1996-03-29,24.28
1996-04-01,24.56
1996-04-02,24.56
1996-04-03,24.76
1996-04-04,24.71
1996-04-08,24.13
1996-04-09,23.89
1996-04-10,23.17
1996-04-11,23.32
1996-04-12,23.8
1996-04-15,23.99
1996-04-16,23.75
1996-04-17,23.51
1996-04-18,23.56
1996-04-19,23.41
1996-04-22,23.46
1996-04-23,23.32
1996-04-24,22.79
1996-04-25,22.98
1996-04-26,22.98
1996-04-29,23.56
1996-04-30,24.37
1996-05-01,24.56
1996-05-02,24.18
1996-05-03,24.04
1996-05-06,24.04
1996-05-07,24.37
1996-05-08,24.8
1996-05-09,25.19
1996-05-10,25.14
1996-05-13,25.52
1996-05-14,25.43
1996-05-15,25.67
1996-05-16,26.1
1996-05-17,26.48
1996-05-20,26.53
1996-05-21,26.24
1996-05-22,26.19
1996-05-23,26.05
1996-05-24,25.95
1996-05-28,25.47
1996-05-29,25.52
1996-05-30,25.71
1996-05-31,25.52
1996-06-03,25.71
1996-06-04,25.62
1996-06-05,25.9
1996-06-06,26.09
1996-06-07,26.0
1996-06-10,25.9
1996-06-11,25.8
1996-06-12,25.8
1996-06-13,25.8
1996-06-14,25.51
1996-06-17,25.61
1996-06-18,25.9
1996-06-19,26.48
1996-06-20,26.19
1996-06-21,26.38
1996-06-24,26.67
1996-06-25,26.96
1996-06-26,26.96
1996-06-27,27.44
1996-06-28,27.34
1996-07-01,27.44
1996-07-02,27.25
1996-07-03,26.77
1996-07-05,26.19
1996-07-08,25.9
1996-07-09,25.8
1996-07-10,25.9
1996-07-11,25.32
1996-07-12,25.61
1996-07-15,24.65
1996-07-16,24.36
1996-07-17,24.07
1996-07-18,25.13
1996-07-19,25.03
1996-07-22,25.32
1996-07-23,25.61
1996-07-24,24.84
1996-07-25,24.36
1996-07-26,24.55
1996-07-29,24.36
1996-07-30,24.65
1996-07-31,24.46
1996-08-01,24.74
1996-08-02,25.8
1996-08-05,25.51
1996-08-06,25.51
1996-08-07,24.94
1996-08-08,24.26
1996-08-09,23.4
1996-08-12,23.69
1996-08-13,24.36
1996-08-14,24.36
1996-08-15,24.07
1996-08-16,24.26
1996-08-19,23.49
1996-08-20,23.2
1996-08-21,23.59
1996-08-22,24.07
1996-08-23,24.17
1996-08-26,24.36
1996-08-27,23.88
1996-08-28,23.11
1996-08-29,22.05
1996-08-30,22.15
1996-09-03,22.05
1996-09-04,22.23
1996-09-05,21.85
1996-09-06,22.04
1996-09-09,22.23
1996-09-10,22.81
1996-09-11,23.1
1996-09-12,23.1
1996-09-13,23.1
1996-09-16,22.14
1996-09-17,22.43
1996-09-18,22.81
1996-09-19,23.3
1996-09-20,23.3
1996-09-23,23.01
1996-09-24,23.2
1996-09-25,23.3
1996-09-26,23.39
1996-09-27,21.75
1996-09-30,21.85
1996-10-01,21.94
1996-10-02,22.23
1996-10-03,22.62
1996-10-04,22.72
1996-10-07,22.33
1996-10-08,22.23
1996-10-09,22.04
1996-10-10,22.23
1996-10-11,22.43
1996-10-14,22.43
1996-10-15,22.23
1996-10-16,22.62
1996-10-17,23.3
1996-10-18,23.59
1996-10-21,23.3
1996-10-22,22.81
1996-10-23,23.01
1996-10-24,23.01
1996-10-25,23.2
1996-10-28,23.2
1996-10-29,22.91
1996-10-30,23.01
1996-10-31,22.91
1996-11-01,23.2
1996-11-04,23.1
1996-11-05,23.2
1996-11-06,23.3
1996-11-07,23.39
1996-11-08,24.36
1996-11-11,24.26
1996-11-12,24.46
1996-11-13,24.75
1996-11-14,25.42
1996-11-15,25.23
1996-11-18,24.65
1996-11-19,24.46
1996-11-20,24.36
1996-11-21,23.49
1996-11-22,23.2
1996-11-25,23.2
1996-11-26,23.1
1996-11-27,23.39
1996-11-29,23.39
1996-12-02,23.2
1996-12-03,23.1
1996-12-04,23.29
1996-12-05,23.0
1996-12-06,22.81
1996-12-09,23.0
1996-12-10,23.1
1996-12-11,22.9
1996-12-12,22.42
1996-12-13,22.61
1996-12-16,22.51
1996-12-17,22.22
1996-12-18,22.32
1996-12-19,22.32
1996-12-20,22.71
1996-12-23,22.9
1996-12-24,22.71
1996-12-26,22.9
1996-12-27,23.0
1996-12-30,23.19
1996-12-31,22.71
1997-01-02,22.9
1997-01-03,23.1
1997-01-06,22.71
1997-01-07,22.9
1997-01-08,23.0
1997-01-09,22.71
1997-01-10,22.61
1997-01-13,22.9
1997-01-14,23.1
1997-01-15,23.0
1997-01-16,23.48
1997-01-17,23.68
1997-01-20,24.26
1997-01-21,24.65
1997-01-22,24.84
1997-01-23,27.56
1997-01-24,26.3
1997-01-27,26.49
1997-01-28,26.78
1997-01-29,26.59
1997-01-30,26.78
1997-01-31,27.08
1997-02-03,26.49
1997-02-04,25.52
1997-02-05,24.75
1997-02-06,25.13
1997-02-07,25.04
1997-02-10,25.04
1997-02-11,25.23
1997-02-12,25.04
1997-02-13,24.75
1997-02-14,25.04
1997-02-18,25.43
1997-02-19,25.52
1997-02-20,26.01
1997-02-21,26.78
1997-02-24,26.49
1997-02-25,26.3
1997-02-26,25.62
1997-02-27,25.72
1997-02-28,25.62
1997-03-03,25.91
1997-03-04,25.04
1997-03-05,25.04
1997-03-06,24.75
1997-03-07,24.65
1997-03-10,24.84
1997-03-11,25.23
1997-03-12,24.93
1997-03-13,24.44
1997-03-14,24.25
1997-03-17,24.06
1997-03-18,24.15
1997-03-19,24.93
1997-03-20,25.42
1997-03-21,25.32
1997-03-24,25.52
1997-03-25,25.91
1997-03-26,25.91
1997-03-27,25.91
1997-03-31,25.22
1997-04-01,24.83
1997-04-02,24.83
1997-04-03,24.83
1997-04-04,24.64
1997-04-07,25.03
1997-04-08,25.03
1997-04-09,25.52
1997-04-10,25.71
1997-04-11,24.83
1997-04-14,25.42
1997-04-15,25.61
1997-04-16,25.61
1997-04-17,25.91
1997-04-18,25.81
1997-04-21,25.52
1997-04-22,26.1
1997-04-23,25.91
1997-04-24,26.1
1997-04-25,24.93
1997-04-28,24.35
1997-04-29,26.78
1997-04-30,27.17
1997-05-01,27.17
1997-05-02,27.66
1997-05-05,28.54
1997-05-06,28.34
1997-05-07,28.15
1997-05-08,27.46
1997-05-09,28.44
1997-05-12,28.63
1997-05-13,28.73
1997-05-14,28.92
1997-05-15,29.12
1997-05-16,28.63
1997-05-19,29.22
1997-05-20,29.22
1997-05-21,28.24
1997-05-22,27.66
1997-05-23,28.44
1997-05-27,28.83
1997-05-28,29.12
1997-05-29,29.12
1997-05-30,28.63
1997-06-02,29.41
1997-06-03,29.7
1997-06-04,28.05
1997-06-05,28.63
1997-06-06,28.92
1997-06-09,29.12
1997-06-10,29.31
1997-06-11,29.61
1997-06-12,30.19
1997-06-13,30.49
1997-06-16,30.1
1997-06-17,30.1
1997-06-18,30.29
1997-06-19,30.1
1997-06-20,29.8
1997-06-23,29.02
1997-06-24,29.17
1997-06-25,28.92
1997-06-26,29.12
1997-06-27,29.61
1997-06-30,29.36
1997-07-01,29.9
1997-07-02,29.7
1997-07-03,30.44
1997-07-07,30.49
1997-07-08,30.63
1997-07-09,30.0
1997-07-10,30.34
1997-07-11,29.22
1997-07-14,29.61
1997-07-15,29.12
1997-07-16,28.58
1997-07-17,27.9
1997-07-18,28.14
1997-07-21,27.8
1997-07-22,29.75
1997-07-23,28.92
1997-07-24,29.31
1997-07-25,30.05
1997-07-28,30.05
1997-07-29,29.51
1997-07-30,30.24
1997-07-31,29.9
1997-08-01,29.75
1997-08-04,30.05
1997-08-05,30.34
1997-08-06,31.02
1997-08-07,30.49
1997-08-08,29.31
1997-08-11,29.85
1997-08-12,29.27
1997-08-13,28.68
1997-08-14,28.34
1997-08-15,27.95
1997-08-18,28.29
1997-08-19,28.29
1997-08-20,28.14
1997-08-21,28.29
1997-08-22,28.73
1997-08-25,28.43
1997-08-26,28.68
1997-08-27,28.97
1997-08-28,28.73
1997-08-29,28.14
1997-09-02,28.78
1997-09-03,29.36
1997-09-04,29.27
1997-09-05,29.31
1997-09-08,29.8
1997-09-09,30.05
1997-09-10,29.51
1997-09-11,29.31
1997-09-12,29.75
1997-09-15,29.56
1997-09-16,30.1
1997-09-17,30.39
1997-09-18,29.8
1997-09-19,29.95
1997-09-22,30.49
1997-09-23,30.39
1997-09-24,30.93
1997-09-25,31.13
1997-09-26,31.52
1997-09-29,32.15
1997-09-30,31.81
1997-10-01,31.52
1997-10-02,31.17
1997-10-03,31.27
1997-10-06,31.52
1997-10-07,33.02
1997-10-08,33.45
1997-10-09,33.34
1997-10-10,33.66
1997-10-13,33.34
1997-10-14,33.02
1997-10-15,31.95
1997-10-16,31.74
1997-10-17,32.33
1997-10-20,33.13
1997-10-21,34.08
1997-10-22,32.75
1997-10-23,32.17
1997-10-24,31.85
1997-10-27,29.77
1997-10-28,32.11
1997-10-29,30.89
1997-10-30,30.46
1997-10-31,31.42
1997-11-03,31.85
1997-11-04,31.74
1997-11-05,31.85
1997-11-06,31.47
1997-11-07,31.05
1997-11-10,30.41
1997-11-11,30.52
1997-11-12,30.14
1997-11-13,30.57
1997-11-14,31.16
1997-11-17,31.85
1997-11-18,31.05
1997-11-19,32.01
1997-11-20,32.11
1997-11-21,32.38
1997-11-24,31.58
1997-11-25,31.69
1997-11-26,31.47
1997-11-28,31.42
1997-12-01,32.11
1997-12-02,31.85
1997-12-03,32.22
1997-12-04,31.85
1997-12-05,31.79
1997-12-08,31.1
1997-12-09,30.52
1997-12-10,30.36
1997-12-11,30.14
1997-12-12,30.04
1997-12-15,30.84
1997-12-16,30.3
1997-12-17,29.82
1997-12-18,29.71
1997-12-19,29.82
1997-12-22,30.04
1997-12-23,29.29
1997-12-24,29.45
1997-12-26,29.71
1997-12-29,29.82
1997-12-30,31.37
1997-12-31,31.0
1998-01-02,30.78
1998-01-05,31.21
1998-01-06,30.09
1998-01-07,30.68
1998-01-08,30.68
1998-01-09,29.71
1998-01-12,30.25
1998-01-13,31.21
1998-01-14,31.37
1998-01-15,30.73
1998-01-16,31.37
1998-01-20,32.17
1998-01-21,31.64
1998-01-22,31.53
1998-01-23,31.05
1998-01-26,31.16
1998-01-27,30.84
1998-01-28,31.16
1998-01-29,31.53
1998-01-30,30.89
1998-02-02,31.21
1998-02-03,30.09
1998-02-04,30.3
1998-02-05,30.14
1998-02-06,30.25
1998-02-09,30.57
1998-02-10,30.41
1998-02-11,30.46
1998-02-12,30.78
1998-02-13,31.21
1998-02-17,30.52
1998-02-18,30.14
1998-02-19,30.3
1998-02-20,30.3
1998-02-23,30.14
1998-02-24,30.09
1998-02-25,31.1
1998-02-26,31.48
1998-02-27,31.21
1998-03-02,31.64
1998-03-03,31.96
1998-03-04,31.69
1998-03-05,31.26
1998-03-06,32.49
1998-03-09,33.56
1998-03-10,34.31
1998-03-11,34.52
1998-03-12,36.88
1998-03-13,36.83
1998-03-16,37.15
1998-03-17,37.37
1998-03-18,36.51
1998-03-19,35.92
1998-03-20,36.88
1998-03-23,36.19
1998-03-24,36.29
1998-03-25,36.67
1998-03-26,37.1
1998-03-27,36.29
1998-03-30,36.67
1998-03-31,36.62
1998-04-01,37.42
1998-04-02,37.9
1998-04-03,38.33
1998-04-06,36.83
1998-04-07,36.35
1998-04-08,36.08
1998-04-09,36.03
1998-04-13,35.44
1998-04-14,35.44
1998-04-15,35.87
1998-04-16,35.7
1998-04-17,35.87
1998-04-20,35.92
1998-04-21,36.08
1998-04-22,37.63
1998-04-23,37.9
1998-04-24,37.42
1998-04-27,36.94
1998-04-28,34.1
1998-04-29,33.77
1998-04-30,34.04
1998-05-01,33.77
1998-05-04,33.77
1998-05-05,34.47
1998-05-06,33.56
1998-05-07,32.49
1998-05-08,33.18
1998-05-11,33.24
1998-05-12,33.83
1998-05-13,33.35
1998-05-14,33.51
1998-05-15,32.22
1998-05-18,32.43
1998-05-19,32.54
1998-05-20,34.74
1998-05-21,34.36
1998-05-22,34.2
1998-05-26,34.63
1998-05-27,35.28
1998-05-28,34.69
1998-05-29,35.01
1998-06-01,35.6
1998-06-02,35.33
1998-06-03,34.95
1998-06-04,34.95
1998-06-05,36.03
1998-06-08,35.49
1998-06-09,36.03
1998-06-10,35.6
1998-06-11,34.74
1998-06-12,35.01
1998-06-15,35.44
1998-06-16,35.6
1998-06-17,36.03
1998-06-18,36.03
1998-06-19,34.79
1998-06-22,34.9
1998-06-23,35.44
1998-06-24,36.25
1998-06-25,35.65
1998-06-26,35.44
1998-06-29,35.49
1998-06-30,35.44
1998-07-01,36.14
1998-07-02,37.59
1998-07-06,37.0
1998-07-07,36.35
1998-07-08,36.14
1998-07-09,35.55
1998-07-10,36.41
1998-07-13,35.65
1998-07-14,33.77
1998-07-15,32.8
1998-07-16,32.64
1998-07-17,33.99
1998-07-20,34.2
1998-07-21,34.52
1998-07-22,33.99
1998-07-23,32.32
1998-07-24,34.2
1998-07-27,34.42
1998-07-28,34.31
1998-07-29,33.29
1998-07-30,33.56
1998-07-31,33.5
1998-08-03,33.88
1998-08-04,32.16
1998-08-05,32.48
1998-08-06,32.53
1998-08-07,32.27
1998-08-10,30.81
1998-08-11,29.79
1998-08-12,29.36
1998-08-13,29.52
1998-08-14,29.15
1998-08-17,29.15
1998-08-18,29.63
1998-08-19,29.15
1998-08-20,28.72
1998-08-21,27.96
1998-08-24,28.88
1998-08-25,30.11
1998-08-26,29.36
1998-08-27,28.34
1998-08-28,27.0
1998-08-31,23.98
1998-09-01,27.86
1998-09-02,26.73
1998-09-03,26.57
1998-09-04,26.62
1998-09-08,27.26
1998-09-09,25.76
1998-09-10,24.57
1998-09-11,25.7
1998-09-14,27.05
1998-09-15,25.92
1998-09-16,26.78
1998-09-17,25.97
1998-09-18,26.03
1998-09-21,26.19
1998-09-22,27.11
1998-09-23,26.46
1998-09-24,26.78
1998-09-25,26.3
1998-09-28,26.78
1998-09-29,26.62
1998-09-30,25.43
1998-10-01,25.6
1998-10-02,26.3
1998-10-05,27.11
1998-10-06,28.62
1998-10-07,28.89
1998-10-08,29.05
1998-10-09,27.76
1998-10-12,27.38
1998-10-13,27.65
1998-10-14,26.57
1998-10-15,27.59
1998-10-16,28.94
1998-10-19,28.51
1998-10-20,29.32
1998-10-21,30.78
1998-10-22,31.7
1998-10-23,31.05
1998-10-26,30.67
1998-10-27,29.59
1998-10-28,28.89
1998-10-29,29.86
1998-10-30,29.16
1998-11-02,30.94
1998-11-03,30.99
1998-11-04,30.94
1998-11-05,31.86
1998-11-06,31.16
1998-11-09,30.94
1998-11-10,32.18
1998-11-11,31.91
1998-11-12,32.83
1998-11-13,34.13
1998-11-16,32.83
1998-11-17,31.91
1998-11-18,32.07
1998-11-19,32.29
1998-11-20,32.24
1998-11-23,32.4
1998-11-24,32.18
1998-11-25,32.78
1998-11-27,33.8
1998-11-30,33.42
1998-12-01,35.37
1998-12-02,34.34
1998-12-03,34.13
1998-12-04,34.07
1998-12-07,34.07
1998-12-08,33.96
1998-12-09,33.97
1998-12-10,32.94
1998-12-11,32.78
1998-12-14,32.13
1998-12-15,33.1
1998-12-16,32.67
1998-12-17,33.37
1998-12-18,34.13
1998-12-21,34.35
1998-12-22,34.29
1998-12-23,34.94
1998-12-24,35.05
1998-12-28,34.89
1998-12-29,35.54
1998-12-30,34.67
1998-12-31,35.43
1999-01-04,35.27
1999-01-05,35.32
1999-01-06,36.24
1999-01-07,35.32
1999-01-08,35.87
1999-01-11,35.43
1999-01-12,34.67
1999-01-13,34.89
1999-01-14,33.59
1999-01-15,34.24
1999-01-19,32.51
1999-01-20,33.32
1999-01-21,32.89
1999-01-22,33.75
1999-01-25,34.89
1999-01-26,34.4
1999-01-27,34.78
1999-01-28,34.51
1999-01-29,33.81
1999-02-01,33.05
1999-02-02,33.75
1999-02-03,33.64
1999-02-04,32.99
1999-02-05,32.83
1999-02-08,33.21
1999-02-09,32.72
1999-02-10,33.37
1999-02-11,32.83
1999-02-12,32.18
1999-02-16,32.29
1999-02-17,32.56
1999-02-18,32.56
1999-02-19,33.97
1999-02-22,34.24
1999-02-23,34.24
1999-02-24,33.81
1999-02-25,33.21
1999-02-26,32.56
1999-03-01,32.94
1999-03-02,31.96
1999-03-03,32.29
1999-03-04,32.72
1999-03-05,34.57
1999-03-08,33.86
1999-03-09,33.32
1999-03-10,33.11
1999-03-11,33.11
1999-03-12,33.49
1999-03-15,33.81
1999-03-16,34.68
1999-03-17,34.85
1999-03-18,34.9
1999-03-19,34.74
1999-03-22,34.57
1999-03-23,33.81
1999-03-24,33.27
1999-03-25,34.14
1999-03-26,34.79
1999-03-29,35.39
1999-03-30,34.68
1999-03-31,34.08
1999-04-01,33.6
1999-04-05,33.81
1999-04-06,33.27
1999-04-07,32.56
1999-04-08,33.49
1999-04-09,33.27
1999-04-12,34.36
1999-04-13,33.16
1999-04-14,33.05
1999-04-15,32.18
1999-04-16,31.69
1999-04-19,31.96
1999-04-20,32.29
1999-04-21,33.87
1999-04-22,32.13
1999-04-23,31.53
1999-04-26,31.96
1999-04-27,32.89
1999-04-28,32.67
1999-04-29,32.13
1999-04-30,32.13
1999-05-03,32.56
1999-05-04,32.24
1999-05-05,32.4
1999-05-06,31.91
1999-05-07,31.96
1999-05-10,30.66
1999-05-11,30.12
1999-05-12,30.88
1999-05-13,32.29
1999-05-14,33.21
1999-05-17,32.73
1999-05-18,32.83
1999-05-19,32.62
1999-05-20,32.73
1999-05-21,33.32
1999-05-24,32.89
1999-05-25,32.62
1999-05-26,31.96
1999-05-27,31.31
1999-05-28,30.88
1999-06-01,31.64
1999-06-02,31.53
1999-06-03,31.31
1999-06-04,31.58
1999-06-07,31.48
1999-06-08,31.04
1999-06-09,30.72
1999-06-10,30.67
1999-06-11,30.89
1999-06-14,30.72
1999-06-15,31.1
1999-06-16,31.21
1999-06-17,31.7
1999-06-18,31.43
1999-06-21,30.67
1999-06-22,31.49
1999-06-23,31.27
1999-06-24,30.89
1999-06-25,31.21
1999-06-28,32.14
1999-06-29,33.18
1999-06-30,33.78
1999-07-01,33.01
1999-07-02,32.85
1999-07-06,32.85
1999-07-07,33.4
1999-07-08,33.67
1999-07-09,33.61
1999-07-12,33.83
1999-07-13,34.1
1999-07-14,33.56
1999-07-15,33.72
1999-07-16,34.27
1999-07-19,33.67
1999-07-20,33.94
1999-07-21,35.2
1999-07-22,34.76
1999-07-23,34.38
1999-07-26,34.6
1999-07-27,34.71
1999-07-28,34.81
1999-07-29,34.1
1999-07-30,34.0
1999-08-02,33.67
1999-08-03,33.45
1999-08-04,33.34
1999-08-05,33.18
1999-08-06,32.36
1999-08-09,33.56
1999-08-10,34.0
1999-08-11,33.45
1999-08-12,33.61
1999-08-13,33.23
1999-08-16,33.61
1999-08-17,32.52
1999-08-18,31.21
1999-08-19,30.89
1999-08-20,31.05
1999-08-23,30.67
1999-08-24,30.07
1999-08-25,31.21
1999-08-26,30.94
1999-08-27,30.83
1999-08-30,29.9
1999-08-31,29.79
1999-09-01,29.58
1999-09-02,29.3
1999-09-03,30.23
1999-09-07,29.41
1999-09-08,29.37
1999-09-09,29.8
1999-09-10,29.2
1999-09-13,28.93
1999-09-14,28.49
1999-09-15,29.37
1999-09-16,29.09
1999-09-17,29.48
1999-09-20,29.75
1999-09-21,28.93
1999-09-22,28.71
1999-09-23,27.72
1999-09-24,28.0
1999-09-27,28.49
1999-09-28,27.89
1999-09-29,27.17
1999-09-30,26.74
1999-10-01,27.5
1999-10-04,27.89
1999-10-05,27.56
1999-10-06,29.09
1999-10-07,29.04
1999-10-08,30.13
1999-10-11,30.41
1999-10-12,30.13
1999-10-13,29.26
1999-10-14,29.42
1999-10-15,28.22
1999-10-18,28.82
1999-10-19,29.69
1999-10-20,29.04
1999-10-21,29.2
1999-10-22,29.91
1999-10-25,30.02
1999-10-26,29.69
1999-10-27,29.86
1999-10-28,30.41
1999-10-29,30.41
1999-11-01,29.42
1999-11-02,29.53
1999-11-03,30.02
1999-11-04,28.93
1999-11-05,29.64
1999-11-08,29.53
1999-11-09,28.71
1999-11-10,28.65
1999-11-11,28.71
1999-11-12,29.04
1999-11-15,28.54
1999-11-16,29.59
1999-11-17,29.91
1999-11-18,30.3
1999-11-19,30.24
1999-11-22,31.83
1999-11-23,31.61
1999-11-24,30.85
1999-11-26,30.57
1999-11-29,30.41
1999-11-30,30.3
1999-12-01,30.23
1999-12-02,32.16
1999-12-03,32.54
1999-12-06,32.32
1999-12-07,32.38
1999-12-08,32.57
1999-12-09,31.62
1999-12-10,32.5
1999-12-13,31.07
1999-12-14,30.9
1999-12-15,30.52
1999-12-16,29.91
1999-12-17,30.79
1999-12-20,31.15
1999-12-21,30.68
1999-12-22,30.85
1999-12-23,31.18
1999-12-27,32.06
1999-12-28,32.22
1999-12-29,31.29
1999-12-30,31.23
1999-12-31,31.01
2000-01-03,32.44
2000-01-04,31.62
2000-01-05,30.85
2000-01-06,32.22
2000-01-07,33.1
2000-01-10,32.44
2000-01-11,32.33
2000-01-12,31.95
2000-01-13,31.62
2000-01-14,31.84
2000-01-18,31.89
2000-01-19,32.06
2000-01-20,31.78
2000-01-21,31.78
2000-01-24,31.07
2000-01-25,30.19
2000-01-26,29.86
2000-01-27,29.75
2000-01-28,29.25
2000-01-31,30.02
2000-02-01,29.91
2000-02-02,29.03
2000-02-03,29.09
2000-02-04,28.81
2000-02-07,28.48
2000-02-08,29.31
2000-02-09,29.91
2000-02-10,30.46
2000-02-11,30.24
2000-02-14,29.97
2000-02-15,30.08
2000-02-16,29.91
2000-02-17,30.19
2000-02-18,30.13
2000-02-22,30.52
2000-02-23,30.08
2000-02-24,29.91
2000-02-25,28.81
2000-02-28,29.25
2000-02-29,28.26
2000-03-01,28.65
2000-03-02,27.77
2000-03-03,27.82
2000-03-06,27.27
2000-03-07,26.94
2000-03-08,26.95
2000-03-09,27.73
2000-03-10,27.17
2000-03-13,27.51
2000-03-14,27.12
2000-03-15,29.33
2000-03-16,30.1
2000-03-17,29.16
2000-03-20,29.38
2000-03-21,30.32
2000-03-22,29.6
2000-03-23,29.6
2000-03-24,29.11
2000-03-27,28.6
2000-03-28,28.72
2000-03-29,29.38
2000-03-30,31.76
2000-03-31,30.82
2000-04-03,31.92
2000-04-04,32.2
2000-04-05,32.48
2000-04-06,32.53
2000-04-07,31.81
2000-04-10,32.03
2000-04-11,32.75
2000-04-12,32.92
2000-04-13,32.2
2000-04-14,32.2
2000-04-17,32.37
2000-04-18,31.76
2000-04-19,31.21
2000-04-20,32.86
2000-04-24,33.47
2000-04-25,33.08
2000-04-26,33.36
2000-04-27,33.08
2000-04-28,32.42
2000-05-01,32.7
2000-05-02,33.14
2000-05-03,33.19
2000-05-04,32.42
2000-05-05,33.14
2000-05-08,33.53
2000-05-09,33.3
2000-05-10,34.63
2000-05-11,35.35
2000-05-12,34.91
2000-05-15,34.8
2000-05-16,34.58
2000-05-17,34.46
2000-05-18,34.92
2000-05-19,34.69
2000-05-22,35.13
2000-05-23,34.85
2000-05-24,36.01
2000-05-25,35.29
2000-05-26,36.23
2000-05-30,36.23
2000-05-31,35.96
2000-06-01,35.4
2000-06-02,35.62
2000-06-05,34.91
2000-06-06,36.23
2000-06-07,36.63
2000-06-08,37.63
2000-06-09,36.58
2000-06-12,37.22
2000-06-13,37.96
2000-06-14,38.57
2000-06-15,38.46
2000-06-16,38.79
2000-06-19,38.74
2000-06-20,36.47
2000-06-21,37.46
2000-06-22,37.19
2000-06-23,37.3
2000-06-26,38.63
2000-06-27,38.52
2000-06-28,38.49
2000-06-29,37.91
2000-06-30,39.4
2000-07-03,38.13
2000-07-05,38.46
2000-07-06,38.91
2000-07-07,37.63
2000-07-10,36.3
2000-07-11,36.02
2000-07-12,35.25
2000-07-13,35.8
2000-07-14,36.97
2000-07-17,38.02
2000-07-18,38.13
2000-07-19,38.46
2000-07-20,38.79
2000-07-21,39.24
2000-07-24,38.68
2000-07-25,39.13
2000-07-26,38.85
2000-07-27,39.29
2000-07-28,39.68
2000-07-31,40.62
2000-08-01,40.68
2000-08-02,40.46
2000-08-03,40.01
2000-08-04,39.96
2000-08-07,39.57
2000-08-08,39.4
2000-08-09,39.02
2000-08-10,39.96
2000-08-11,40.62
2000-08-14,41.68
2000-08-15,40.73
2000-08-16,39.02
2000-08-17,38.56
2000-08-18,38.91
2000-08-21,39.29
2000-08-22,38.35
2000-08-23,38.43
2000-08-24,38.57
2000-08-25,37.91
2000-08-28,38.41
2000-08-29,37.69
2000-08-30,37.19
2000-08-31,37.81
2000-09-01,37.52
2000-09-05,37.91
2000-09-06,37.31
2000-09-07,38.42
2000-09-08,37.87
2000-09-11,38.03
2000-09-12,39.03
2000-09-13,39.76
2000-09-14,39.26
2000-09-15,38.92
2000-09-18,39.14
2000-09-19,39.05
2000-09-20,37.03
2000-09-21,38.59
2000-09-22,40.37
2000-09-25,39.87
2000-09-26,39.53
2000-09-27,40.48
2000-09-28,40.26
2000-09-29,40.92
2000-10-02,42.15
2000-10-03,40.92
2000-10-04,40.15
2000-10-05,40.76
2000-10-06,41.26
2000-10-09,41.87
2000-10-10,42.15
2000-10-11,41.65
2000-10-12,42.59
2000-10-13,40.48
2000-10-16,41.48
2000-10-17,41.92
2000-10-18,42.65
2000-10-19,42.54
2000-10-20,41.42
2000-10-23,41.59
2000-10-24,41.04
2000-10-25,43.15
2000-10-26,41.81
2000-10-27,42.81
2000-10-30,43.7
2000-10-31,43.09
2000-11-01,42.7
2000-11-02,41.87
2000-11-03,40.76
2000-11-06,42.26
2000-11-07,41.92
2000-11-08,42.15
2000-11-09,43.59
2000-11-10,43.43
2000-11-13,42.87
2000-11-14,42.54
2000-11-15,41.42
2000-11-16,39.42
2000-11-17,39.09
2000-11-20,40.03
2000-11-21,41.37
2000-11-22,39.81
2000-11-24,39.59
2000-11-27,39.48
2000-11-28,40.15
2000-11-29,40.37
2000-11-30,40.37
2000-12-01,37.7
2000-12-04,38.98
2000-12-05,39.31
2000-12-06,40.44
2000-12-07,41.89
2000-12-08,42.34
2000-12-11,42.0
2000-12-12,42.28
2000-12-13,43.23
2000-12-14,44.4
2000-12-15,43.56
2000-12-18,44.01
2000-12-19,43.9
2000-12-20,43.62
2000-12-21,43.51
2000-12-22,43.4
2000-12-26,43.62
2000-12-27,43.62
2000-12-28,43.51
2000-12-29,44.23
2001-01-02,44.07
2001-01-03,41.5
2001-01-04,39.6
2001-01-05,40.44
2001-01-08,41.11
2001-01-09,41.72
2001-01-10,41.05
2001-01-11,41.11
2001-01-12,40.77
2001-01-16,41.0
2001-01-17,40.5
2001-01-18,40.16
2001-01-19,39.1
2001-01-22,39.1
2001-01-23,38.54
2001-01-24,38.15
2001-01-25,39.05
2001-01-26,39.32
2001-01-29,38.96
2001-01-30,39.73
2001-01-31,39.33
2001-02-01,38.97
2001-02-02,40.15
2001-02-05,40.13
2001-02-06,40.39
2001-02-07,41.94
2001-02-08,41.81
2001-02-09,41.23
2001-02-12,41.9
2001-02-13,42.08
2001-02-14,41.68
2001-02-15,41.81
2001-02-16,42.23
2001-02-20,43.29
2001-02-21,42.17
2001-02-22,41.54
2001-02-23,41.39
2001-02-26,41.3
2001-02-27,41.11
2001-02-28,41.13
2001-03-01,40.88
2001-03-02,40.03
2001-03-05,40.71
2001-03-06,40.88
2001-03-07,41.2
2001-03-08,41.99
2001-03-09,41.54
2001-03-12,40.78
2001-03-13,40.15
2001-03-14,39.63
2001-03-15,39.42
2001-03-16,38.49
2001-03-19,38.21
2001-03-20,37.26
2001-03-21,37.61
2001-03-22,38.14
2001-03-23,39.26
2001-03-26,39.21
2001-03-27,39.43
2001-03-28,38.57
2001-03-29,38.72
2001-03-30,39.34
2001-04-02,39.43
2001-04-03,38.57
2001-04-04,39.3
2001-04-05,39.48
2001-04-06,37.6
2001-04-09,37.15
2001-04-10,37.73
2001-04-11,37.05
2001-04-12,37.52
2001-04-16,37.78
2001-04-17,37.84
2001-04-18,37.65
2001-04-19,38.02
2001-04-20,36.94
2001-04-23,37.84
2001-04-24,38.63
2001-04-25,39.45
2001-04-26,40.19
2001-04-27,39.48
2001-04-30,39.09
2001-05-01,39.97
2001-05-02,39.67
2001-05-03,39.6
2001-05-04,40.0
2001-05-07,40.1
2001-05-08,40.28
2001-05-09,40.77
2001-05-10,41.6
2001-05-11,41.33
2001-05-14,41.31
2001-05-15,40.28
2001-05-16,40.52
2001-05-17,40.22
2001-05-18,40.27
2001-05-21,40.22
2001-05-22,39.37
2001-05-23,40.06
2001-05-24,40.26
2001-05-25,40.11
2001-05-29,40.21
2001-05-30,40.81
2001-05-31,40.07
2001-06-01,40.11
2001-06-04,40.21
2001-06-05,40.82
2001-06-06,40.05
2001-06-07,39.79
2001-06-08,39.96
2001-06-11,39.53
2001-06-12,39.71
2001-06-13,39.8
2001-06-14,39.32
2001-06-15,38.85
2001-06-18,38.94
2001-06-19,39.25
2001-06-20,39.57
2001-06-21,40.57
2001-06-22,40.7
2001-06-25,40.31
2001-06-26,40.26
2001-06-27,40.75
2001-06-28,40.94
2001-06-29,39.69
2001-07-02,40.58
2001-07-03,40.97
2001-07-05,40.39
2001-07-06,40.31
2001-07-09,40.62
2001-07-10,40.62
2001-07-11,40.49
2001-07-12,40.91
2001-07-13,40.81
2001-07-16,41.3
2001-07-17,41.45
2001-07-18,42.2
2001-07-19,41.73
2001-07-20,41.53
2001-07-23,40.46
2001-07-24,40.07
2001-07-25,41.13
2001-07-26,41.07
2001-07-27,41.01
2001-07-30,41.4
2001-07-31,41.88
2001-08-01,39.24
2001-08-02,39.92
2001-08-03,39.91
2001-08-06,39.51
2001-08-07,39.96
2001-08-08,40.08
2001-08-09,40.71
2001-08-10,41.01
2001-08-13,40.46
2001-08-14,40.91
2001-08-15,40.92
2001-08-16,41.27
2001-08-17,41.02
2001-08-20,41.77
2001-08-21,41.36
2001-08-22,42.15
2001-08-23,42.43
2001-08-24,42.3
2001-08-27,42.1
2001-08-28,41.86
2001-08-29,42.2
2001-08-30,42.46
2001-08-31,42.21
2001-09-04,42.48
2001-09-05,43.06
2001-09-06,42.43
2001-09-07,42.7
2001-09-10,42.25
2001-09-17,43.15
2001-09-18,44.59
2001-09-19,44.67
2001-09-20,43.92
2001-09-21,42.34
2001-09-24,42.7
2001-09-25,43.24
2001-09-26,43.39
2001-09-27,44.04
2001-09-28,43.69
2001-10-01,44.09
2001-10-02,44.46
2001-10-03,44.21
2001-10-04,43.83
2001-10-05,44.01
2001-10-08,43.8
2001-10-09,44.08
2001-10-10,44.94
2001-10-11,44.14
2001-10-12,43.04
2001-10-15,43.15
2001-10-16,43.17
2001-10-17,43.38
2001-10-18,42.83
2001-10-19,42.63
2001-10-22,42.97
2001-10-23,43.15
2001-10-24,43.46
2001-10-25,43.6
2001-10-26,43.87
2001-10-29,43.37
2001-10-30,43.92
2001-10-31,43.88
2001-11-01,43.68
2001-11-02,44.14
2001-11-05,43.79
2001-11-06,43.91
2001-11-07,44.02
2001-11-08,44.17
2001-11-09,44.32
2001-11-12,44.16
2001-11-13,44.54
2001-11-14,45.29
2001-11-15,45.24
2001-11-16,44.83
2001-11-19,44.97
2001-11-20,44.75
2001-11-21,44.44
2001-11-23,44.5
2001-11-26,44.13
2001-11-27,43.64
2001-11-28,43.65
2001-11-29,43.72
2001-11-30,43.81
2001-12-03,43.94
2001-12-04,43.66
2001-12-05,43.64
2001-12-06,42.9
2001-12-07,43.01
2001-12-10,42.45
2001-12-11,42.1
2001-12-12,42.55
2001-12-13,42.67
2001-12-14,42.91
2001-12-17,42.83
2001-12-18,42.81
2001-12-19,44.62
2001-12-20,44.36
2001-12-21,44.38
2001-12-24,44.5
2001-12-26,44.68
2001-12-27,44.63
2001-12-28,44.32
2001-12-31,43.99
2002-01-02,44.41
2002-01-03,44.08
2002-01-04,43.69
2002-01-07,43.44
2002-01-08,43.19
2002-01-09,43.02
2002-01-10,43.51
2002-01-11,43.78
2002-01-14,43.61
2002-01-15,43.93
2002-01-16,43.94
2002-01-17,43.92
2002-01-18,44.37
2002-01-22,44.65
2002-01-23,44.64
2002-01-24,44.82
2002-01-25,44.38
2002-01-28,43.94
2002-01-29,42.96
2002-01-30,43.97
2002-01-31,45.26
2002-02-04,45.45
2002-02-05,45.91
2002-02-06,44.36
2002-02-07,43.91
2002-02-08,43.88
2002-02-11,44.2
2002-02-12,44.29
2002-02-13,44.83
2002-02-14,44.64
2002-02-15,45.07
2002-02-19,44.7
2002-02-20,45.1
2002-02-21,44.71
2002-02-22,45.36
2002-02-25,45.75
2002-02-26,45.57
2002-02-27,45.74
2002-02-28,45.63
2002-03-01,46.31
2002-03-04,46.07
2002-03-05,45.53
2002-03-06,45.2
2002-03-07,44.84
2002-03-08,44.88
2002-03-11,44.85
2002-03-12,45.24
2002-03-13,44.92
2002-03-14,45.42
2002-03-15,46.1
2002-03-18,45.95
2002-03-19,46.43
2002-03-20,45.81
2002-03-21,45.68
2002-03-22,46.12
2002-03-25,46.47
2002-03-26,47.07
2002-03-27,46.26
2002-03-28,46.67
2002-04-01,46.6
2002-04-02,45.87
2002-04-03,45.28
2002-04-04,45.7
2002-04-05,45.86
2002-04-08,46.04
2002-04-09,46.6
2002-04-10,47.38
2002-04-11,46.99
2002-04-12,47.03
2002-04-15,46.41
2002-04-16,47.08
2002-04-17,47.04
2002-04-18,46.95
2002-04-19,48.13
2002-04-22,47.87
2002-04-23,47.3
2002-04-24,47.96
2002-04-25,47.53
2002-04-26,47.33
2002-04-29,47.4
2002-04-30,47.03
2002-05-01,47.95
2002-05-02,48.09
2002-05-03,47.57
2002-05-06,47.12
2002-05-07,46.97
2002-05-08,46.77
2002-05-09,47.17
2002-05-10,47.48
2002-05-13,47.63
2002-05-14,47.8
2002-05-15,47.3
2002-05-16,47.62
2002-05-17,47.25
2002-05-20,46.71
2002-05-21,46.27
2002-05-22,46.78
2002-05-23,46.38
2002-05-24,45.52
2002-05-28,46.12
2002-05-29,46.15
2002-05-30,46.15
2002-05-31,47.1
2002-06-03,46.35
2002-06-04,46.93
2002-06-05,47.29
2002-06-06,46.25
2002-06-07,46.62
2002-06-10,46.57
2002-06-11,46.27
2002-06-12,46.94
2002-06-13,46.56
2002-06-14,46.26
2002-06-17,47.02
2002-06-18,46.57
2002-06-19,47.15
2002-06-20,46.57
2002-06-21,45.98
2002-06-24,45.85
2002-06-25,44.56
2002-06-26,44.76
2002-06-27,44.17
2002-06-28,43.8
2002-07-01,44.55
2002-07-02,43.39
2002-07-03,43.15
2002-07-05,43.71
2002-07-08,44.39
2002-07-09,41.14
2002-07-10,40.54
2002-07-11,39.44
2002-07-12,38.26
2002-07-15,38.4
2002-07-16,36.81
2002-07-17,38.51
2002-07-18,36.62
2002-07-19,32.9
2002-07-22,32.26
2002-07-23,32.69
2002-07-24,35.94
2002-07-25,36.73
2002-07-26,36.53
2002-07-29,38.66
2002-07-30,37.93
2002-07-31,39.02
2002-08-01,38.62
2002-08-02,39.03
2002-08-05,37.21
2002-08-06,36.82
2002-08-07,38.1
2002-08-08,38.58
2002-08-09,39.8
2002-08-12,40.26
2002-08-13,39.9
2002-08-14,40.9
2002-08-15,40.44
2002-08-16,40.34
2002-08-19,39.91
2002-08-20,39.63
2002-08-21,39.61
2002-08-22,39.74
2002-08-23,39.21
2002-08-26,38.65
2002-08-27,37.53
2002-08-28,36.29
2002-08-29,35.44
2002-08-30,35.94
2002-09-03,34.91
2002-09-04,34.48
2002-09-05,33.85
2002-09-06,34.66
2002-09-09,35.28
2002-09-10,36.43
2002-09-11,36.03
2002-09-12,35.92
2002-09-13,36.63
2002-09-16,37.36
2002-09-17,35.81
2002-09-18,34.71
2002-09-19,33.89
2002-09-20,34.21
2002-09-23,33.94
2002-09-24,33.55
2002-09-25,33.76
2002-09-26,34.12
2002-09-27,33.47
2002-09-30,33.71
2002-10-01,34.39
2002-10-02,34.44
2002-10-03,33.96
2002-10-04,33.76
2002-10-07,32.64
2002-10-08,37.5
2002-10-09,37.96
2002-10-10,37.93
2002-10-11,38.93
2002-10-14,39.2
2002-10-15,39.52
2002-10-16,39.73
2002-10-17,39.91
2002-10-18,39.96
2002-10-21,40.96
2002-10-22,40.79
2002-10-23,40.68
2002-10-24,40.67
2002-10-25,40.32
2002-10-28,39.33
2002-10-29,39.83
2002-10-30,39.94
2002-10-31,40.23
2002-11-01,40.42
2002-11-04,39.62
2002-11-05,40.14
2002-11-06,39.71
2002-11-07,39.67
2002-11-08,39.94
2002-11-11,39.46
2002-11-12,38.73
2002-11-13,39.6
2002-11-14,40.37
2002-11-15,40.97
2002-11-18,40.4
2002-11-19,40.96
2002-11-20,39.91
2002-11-21,38.49
2002-11-22,38.35
2002-11-25,37.84
2002-11-26,37.84
2002-11-27,38.57
2002-11-29,38.76
2002-12-02,38.51
2002-12-03,39.14
2002-12-04,39.71
2002-12-05,39.58
2002-12-06,40.26
2002-12-09,39.56
2002-12-10,40.05
2002-12-11,39.51
2002-12-12,39.53
2002-12-13,38.32
2002-12-16,38.82
2002-12-17,37.7
2002-12-18,37.4
2002-12-19,37.05
2002-12-20,37.77
2002-12-23,38.21
2002-12-24,38.45
2002-12-26,38.83
2002-12-27,38.15
2002-12-30,38.5
2002-12-31,38.65
2003-01-02,39.46
2003-01-03,39.73
2003-01-06,39.33
2003-01-07,38.62
2003-01-08,39.09
2003-01-09,39.5
2003-01-10,39.24
2003-01-13,39.59
2003-01-14,39.78
2003-01-15,39.31
2003-01-16,40.04
2003-01-17,39.96
2003-01-21,39.69
2003-01-22,39.18
2003-01-23,38.39
2003-01-24,37.59
2003-01-27,37.12
2003-01-28,37.11
2003-01-29,37.09
2003-01-30,35.44
2003-01-31,37.06
2003-02-03,37.3
2003-02-04,37.72
2003-02-05,37.61
2003-02-06,36.82
2003-02-07,35.71
2003-02-10,35.93
2003-02-11,35.15
2003-02-12,35.17
2003-02-13,35.61
2003-02-14,36.49
2003-02-18,36.84
2003-02-19,36.67
2003-02-20,36.04
2003-02-21,36.07
2003-02-24,35.55
2003-02-25,35.56
2003-02-26,35.01
2003-02-27,34.99
2003-02-28,35.08
2003-03-03,34.89
2003-03-04,34.84
2003-03-05,34.15
2003-03-06,34.47
2003-03-07,35.25
2003-03-10,34.58
2003-03-11,34.52
2003-03-12,34.68
2003-03-13,35.72
2003-03-14,35.85
2003-03-17,37.14
2003-03-18,36.96
2003-03-19,37.19
2003-03-20,36.91
2003-03-21,38.15
2003-03-24,36.84
2003-03-25,36.86
2003-03-26,36.6
2003-03-27,37.03
2003-03-28,36.68
2003-03-31,36.77
2003-04-01,36.75
2003-04-02,36.49
2003-04-03,35.09
2003-04-04,35.52
2003-04-07,35.77
2003-04-08,36.06
2003-04-09,36.21
2003-04-10,36.57
2003-04-11,37.02
2003-04-14,37.66
2003-04-15,37.29
2003-04-16,36.68
2003-04-17,39.1
2003-04-21,38.46
2003-04-22,38.88
2003-04-23,39.53
2003-04-24,39.83
2003-04-25,39.2
2003-04-28,39.94
2003-04-29,39.93
2003-04-30,39.78
2003-05-01,40.22
2003-05-02,39.92
2003-05-05,39.78
2003-05-06,39.88
2003-05-07,39.81
2003-05-08,39.62
2003-05-09,40.16
2003-05-12,40.15
2003-05-13,39.96
2003-05-14,39.87
2003-05-15,40.23
2003-05-16,39.8
2003-05-19,39.51
2003-05-20,39.53
2003-05-21,39.8
2003-05-22,40.2
2003-05-23,40.04
2003-05-27,40.61
2003-05-28,40.03
2003-05-29,40.21
2003-05-30,40.63
2003-06-02,40.54
2003-06-03,40.66
2003-06-04,41.24
2003-06-05,40.92
2003-06-06,40.72
2003-06-09,40.46
2003-06-10,40.79
2003-06-11,40.99
2003-06-12,41.14
2003-06-13,41.27
2003-06-16,41.97
2003-06-17,41.4
2003-06-18,41.48
2003-06-19,41.15
2003-06-20,40.99
2003-06-23,40.75
2003-06-24,40.54
2003-06-25,40.18
2003-06-26,40.74
2003-06-27,40.44
2003-06-30,41.05
2003-07-01,40.95
2003-07-02,41.02
2003-07-03,40.62
2003-07-07,40.93
2003-07-08,41.62
2003-07-09,41.1
2003-07-10,43.31
2003-07-11,43.75
2003-07-14,43.42
2003-07-15,43.81
2003-07-16,44.05
2003-07-17,43.16
2003-07-18,43.65
2003-07-21,43.41
2003-07-22,43.4
2003-07-23,43.37
2003-07-24,43.05
2003-07-25,43.48
2003-07-28,42.79
2003-07-29,42.44
2003-07-30,42.76
2003-07-31,42.5
2003-08-01,41.84
2003-08-04,41.57
2003-08-05,41.18
2003-08-06,41.29
2003-08-07,41.5
2003-08-08,41.94
2003-08-11,41.71
2003-08-12,42.07
2003-08-13,41.49
2003-08-14,41.51
2003-08-15,41.73
2003-08-18,41.79
2003-08-19,41.24
2003-08-20,40.78
2003-08-21,40.61
2003-08-22,40.15
2003-08-25,40.32
2003-08-26,40.66
2003-08-27,40.62
2003-08-28,41.3
2003-08-29,41.09
2003-09-02,41.46
2003-09-03,41.48
2003-09-04,41.3
2003-09-05,40.9
2003-09-08,41.36
2003-09-09,41.1
2003-09-10,41.4
2003-09-11,41.4
2003-09-12,41.83
2003-09-15,41.8
2003-09-16,42.43
2003-09-17,42.01
2003-09-18,42.33
2003-09-19,42.37
2003-09-22,41.94
2003-09-23,42.3
2003-09-24,41.93
2003-09-25,42.14
2003-09-26,42.25
2003-09-29,42.79
2003-09-30,42.43
2003-10-01,43.22
2003-10-02,43.43
2003-10-03,43.7
2003-10-06,43.98
2003-10-07,43.88
2003-10-08,44.26
2003-10-09,44.42
2003-10-10,44.44
2003-10-13,44.75
2003-10-14,44.89
2003-10-15,44.36
2003-10-16,44.46
2003-10-17,44.33
2003-10-20,44.58
2003-10-21,44.32
2003-10-22,44.18
2003-10-23,44.46
2003-10-24,44.42
2003-10-27,44.04
2003-10-28,44.9
2003-10-29,44.56
2003-10-30,44.45
2003-10-31,44.27
2003-11-03,44.27
2003-11-04,44.21
2003-11-05,43.87
2003-11-06,44.41
2003-11-07,43.97
2003-11-10,43.89
2003-11-11,44.38
2003-11-12,44.5
2003-11-13,43.98
2003-11-14,43.82
2003-11-17,44.13
2003-11-18,43.7
2003-11-19,44.38
2003-11-20,43.76
2003-11-21,43.99
2003-11-24,44.44
2003-11-25,44.21
2003-11-26,44.4
2003-11-28,44.55
2003-12-01,45.1
2003-12-02,44.57
2003-12-03,44.16
2003-12-04,44.58
2003-12-05,44.9
2003-12-08,44.68
2003-12-09,43.88
2003-12-10,43.57
2003-12-11,43.55
2003-12-12,43.55
2003-12-15,44.01
2003-12-16,44.03
2003-12-17,43.8
2003-12-18,43.79
2003-12-19,43.82
2003-12-22,43.65
2003-12-23,43.18
2003-12-24,42.91
2003-12-26,43.17
2003-12-29,43.44
2003-12-30,43.31
2003-12-31,43.31
2004-01-02,43.16
2004-01-05,43.89
2004-01-06,44.17
2004-01-07,43.61
2004-01-08,42.74
2004-01-09,42.52
2004-01-12,42.58
2004-01-13,42.4
2004-01-14,42.49
2004-01-15,42.27
2004-01-16,42.17
2004-01-20,42.78
2004-01-21,42.91
2004-01-22,43.23
2004-01-23,43.24
2004-01-26,43.47
2004-01-27,43.15
2004-01-28,42.97
2004-01-29,43.68
2004-01-30,43.9
2004-02-02,44.54
2004-02-03,44.27
2004-02-04,44.22
2004-02-05,45.1
2004-02-06,46.64
2004-02-09,46.39
2004-02-10,47.18
2004-02-11,47.47
2004-02-12,47.3
2004-02-13,46.93
2004-02-17,47.38
2004-02-18,47.63
2004-02-19,47.68
2004-02-20,48.07
2004-02-23,48.39
2004-02-24,48.4
2004-02-25,48.4
2004-02-26,48.07
2004-02-27,48.21
2004-03-01,48.46
2004-03-02,48.59
2004-03-03,48.71
2004-03-04,48.58
2004-03-05,48.51
2004-03-08,48.57
2004-03-09,49.0
2004-03-10,48.68
2004-03-11,48.17
2004-03-12,48.03
2004-03-15,47.85
2004-03-16,47.71
2004-03-17,47.91
2004-03-18,47.91
2004-03-19,47.46
2004-03-22,47.33
2004-03-23,47.48
2004-03-24,47.33
2004-03-25,47.73
2004-03-26,47.58
2004-03-29,48.65
2004-03-30,49.65
2004-03-31,50.18
2004-04-01,50.46
2004-04-02,50.18
2004-04-05,50.76
2004-04-06,50.98
2004-04-07,51.1
2004-04-08,51.01
2004-04-12,51.26
2004-04-13,51.02
2004-04-14,51.17
2004-04-15,51.07
2004-04-16,51.05
2004-04-19,51.31
2004-04-20,50.51
2004-04-21,50.94
2004-04-22,51.15
2004-04-23,51.2
2004-04-26,50.96
2004-04-27,50.91
2004-04-28,50.21
2004-04-29,50.42
2004-04-30,50.77
2004-05-03,51.13
2004-05-04,50.68
2004-05-05,50.8
2004-05-06,51.11
2004-05-07,50.65
2004-05-10,50.13
2004-05-11,50.11
2004-05-12,49.98
2004-05-13,49.53
2004-05-14,50.08
2004-05-17,49.87
2004-05-18,49.62
2004-05-19,49.29
2004-05-20,50.13
2004-05-21,49.81
2004-05-24,49.78
2004-05-25,50.15
2004-05-26,49.67
2004-05-27,49.88
2004-05-28,49.73
2004-06-01,49.81
2004-06-02,50.56
2004-06-03,50.29
2004-06-04,50.63
2004-06-07,50.94
2004-06-08,51.2
2004-06-09,51.09
2004-06-10,51.42
2004-06-14,51.15
2004-06-15,51.63
2004-06-16,51.67
2004-06-17,51.41
2004-06-18,51.46
2004-06-21,51.37
2004-06-22,51.98
2004-06-23,51.92
2004-06-24,51.59
2004-06-25,50.53
2004-06-28,50.69
2004-06-29,50.25
2004-06-30,50.42
2004-07-01,50.11
2004-07-02,49.82
2004-07-06,50.06
2004-07-07,49.93
2004-07-08,49.76
2004-07-09,49.64
2004-07-12,49.66
2004-07-13,49.76
2004-07-14,49.98
2004-07-15,48.58
2004-07-16,48.94
2004-07-19,48.79
2004-07-20,48.34
2004-07-21,47.83
2004-07-22,47.28
2004-07-23,47.6
2004-07-26,48.24
2004-07-27,47.72
2004-07-28,47.9
2004-07-29,46.69
2004-07-30,46.79
2004-08-02,47.8
2004-08-03,47.91
2004-08-04,48.62
2004-08-05,48.2
2004-08-06,47.58
2004-08-09,47.53
2004-08-10,47.81
2004-08-11,48.44
2004-08-12,47.84
2004-08-13,47.62
2004-08-16,47.61
2004-08-17,47.09
2004-08-18,47.04
2004-08-19,46.95
2004-08-20,46.78
2004-08-23,46.67
2004-08-24,46.2
2004-08-25,45.85
2004-08-26,46.23
2004-08-27,46.1
2004-08-30,46.2
2004-08-31,46.79
2004-09-01,46.54
2004-09-02,47.37
2004-09-03,47.57
2004-09-07,47.77
2004-09-08,46.72
2004-09-09,47.28
2004-09-10,47.31
2004-09-13,47.64
2004-09-14,47.5
2004-09-15,46.53
2004-09-16,46.03
2004-09-17,46.72
2004-09-20,46.21
2004-09-21,46.0
2004-09-22,45.77
2004-09-23,45.61
2004-09-24,45.42
2004-09-27,45.15
2004-09-28,45.21
2004-09-29,45.21
2004-09-30,45.73
2004-10-01,47.07
2004-10-04,46.75
2004-10-05,46.39
2004-10-06,46.34
2004-10-07,46.07
2004-10-08,45.87
2004-10-11,45.8
2004-10-12,45.39
2004-10-13,45.16
2004-10-14,44.98
2004-10-15,45.4
2004-10-18,46.05
2004-10-19,46.25
2004-10-20,45.9
2004-10-21,45.93
2004-10-22,45.57
2004-10-25,45.33
2004-10-26,45.54
2004-10-27,46.67
2004-10-28,46.57
2004-10-29,46.6
2004-11-01,46.34
2004-11-02,46.66
2004-11-03,47.13
2004-11-04,48.14
2004-11-05,48.13
2004-11-08,47.82
2004-11-09,47.96
2004-11-10,48.24
2004-11-11,48.45
2004-11-12,49.08
2004-11-15,48.81
2004-11-16,48.17
2004-11-17,48.21
2004-11-18,48.15
2004-11-19,47.8
2004-11-22,48.14
2004-11-23,48.28
2004-11-24,48.17
2004-11-26,48.19
2004-11-29,47.42
2004-11-30,46.91
2004-12-01,47.77
2004-12-02,48.36
2004-12-03,48.02
2004-12-06,47.72
2004-12-07,47.46
2004-12-08,48.24
2004-12-09,48.71
2004-12-10,48.36
2004-12-13,48.83
2004-12-14,48.88
2004-12-15,49.8
2004-12-16,49.4
2004-12-17,49.11
2004-12-20,48.84
2004-12-21,49.2
2004-12-22,49.26
2004-12-23,49.04
2004-12-27,49.09
2004-12-28,49.56
2004-12-29,49.34
2004-12-30,49.34
2004-12-31,49.29
2005-01-03,49.04
2005-01-04,48.7
2005-01-05,48.75
2005-01-06,49.1
2005-01-07,49.53
2005-01-10,50.76
2005-01-11,50.49
2005-01-12,50.62
2005-01-13,49.97
2005-01-14,49.89
2005-01-18,50.51
2005-01-19,51.02
2005-01-20,50.56
2005-01-21,50.58
2005-01-24,50.34
2005-01-25,50.41
2005-01-26,50.43
2005-01-27,50.48
2005-01-28,50.25
2005-01-31,50.71
2005-02-01,50.88
2005-02-02,51.12
2005-02-03,51.3
2005-02-04,52.23
2005-02-07,51.65
2005-02-08,52.41
2005-02-09,51.92
2005-02-10,52.09
2005-02-11,52.03
2005-02-14,51.75
2005-02-15,51.59
2005-02-16,51.5
2005-02-17,50.73
2005-02-18,51.18
2005-02-22,50.22
2005-02-23,50.45
2005-02-24,50.66
2005-02-25,50.96
2005-02-28,50.86
2005-03-01,51.05
2005-03-02,51.0
2005-03-03,51.02
2005-03-04,50.95
2005-03-07,51.19
2005-03-08,50.84
2005-03-09,50.23
2005-03-10,50.4
2005-03-11,49.98
2005-03-14,50.0
2005-03-15,49.8
2005-03-16,49.45
2005-03-17,49.6
2005-03-18,49.9
2005-03-21,49.84
2005-03-22,49.41
2005-03-23,49.32
2005-03-24,49.24
2005-03-28,49.64
2005-03-29,49.59
2005-03-30,50.6
2005-03-31,50.29
2005-04-01,50.03
2005-04-04,50.01
2005-04-05,50.26
2005-04-06,50.17
2005-04-07,50.66
2005-04-08,50.34
2005-04-11,50.36
2005-04-12,50.87
2005-04-13,50.86
2005-04-14,52.29
2005-04-15,52.0
2005-04-18,51.67
2005-04-19,51.68
2005-04-20,51.36
2005-04-21,51.88
2005-04-22,51.65
2005-04-25,52.29
2005-04-26,52.35
2005-04-27,52.38
2005-04-28,52.25
2005-04-29,52.76
2005-05-02,53.02
2005-05-03,53.03
2005-05-04,53.69
2005-05-05,53.52
2005-05-06,53.14
2005-05-09,53.46
2005-05-10,53.46
2005-05-11,53.99
2005-05-12,53.75
2005-05-13,53.51
2005-05-16,53.73
2005-05-17,53.38
2005-05-18,53.76
2005-05-19,54.08
2005-05-20,54.17
2005-05-23,53.81
2005-05-24,53.84
2005-05-25,54.05
2005-05-26,54.06
2005-05-27,53.67
2005-05-31,53.35
2005-06-01,53.88
2005-06-02,53.96
2005-06-03,53.11
2005-06-06,52.89
2005-06-07,53.01
2005-06-08,52.86
2005-06-09,52.88
2005-06-10,52.9
2005-06-13,52.94
2005-06-14,52.92
2005-06-15,53.16
2005-06-16,53.39
2005-06-17,53.12
2005-06-20,53.35
2005-06-21,53.23
2005-06-22,52.61
2005-06-23,52.28
2005-06-24,51.71
2005-06-27,51.71
2005-06-28,52.24
2005-06-29,51.86
2005-06-30,51.38
2005-07-01,50.98
2005-07-05,51.02
2005-07-06,50.1
2005-07-07,50.29
2005-07-08,51.0
2005-07-11,51.31
2005-07-12,52.02
2005-07-13,52.28
2005-07-14,52.82
2005-07-15,52.83
2005-07-18,52.06
2005-07-19,52.92
2005-07-20,52.02
2005-07-21,52.1
2005-07-22,52.24
2005-07-25,51.99
2005-07-26,51.9
2005-07-27,52.16
2005-07-28,52.33
2005-07-29,51.95
2005-08-01,52.03
2005-08-02,52.25
2005-08-03,52.11
2005-08-04,52.11
2005-08-05,51.82
2005-08-08,51.35
2005-08-09,51.69
2005-08-10,51.81
2005-08-11,52.12
2005-08-12,52.03
2005-08-15,52.35
2005-08-16,52.2
2005-08-17,52.14
2005-08-18,52.0
2005-08-19,52.34
2005-08-22,52.45
2005-08-23,52.31
2005-08-24,51.75
2005-08-25,51.93
2005-08-26,51.74
2005-08-29,52.22
2005-08-30,52.21
2005-08-31,52.26
2005-09-01,52.35
2005-09-02,52.07
2005-09-06,52.58
2005-09-07,53.08
2005-09-08,52.75
2005-09-09,52.87
2005-09-12,53.06
2005-09-13,53.09
2005-09-14,52.98
2005-09-15,53.31
2005-09-16,53.61
2005-09-19,53.06
2005-09-20,52.46
2005-09-21,51.71
2005-09-22,51.84
2005-09-23,52.18
2005-09-26,52.03
2005-09-27,52.75
2005-09-28,52.71
2005-09-29,54.08
2005-09-30,54.29
2005-10-03,54.09
2005-10-04,54.11
2005-10-05,54.8
2005-10-06,55.48
2005-10-07,55.01
2005-10-10,54.85
2005-10-11,54.69
2005-10-12,55.24
2005-10-13,55.01
2005-10-14,55.05
2005-10-17,55.29
2005-10-18,55.83
2005-10-19,55.64
2005-10-20,55.2
2005-10-21,55.13
2005-10-24,55.48
2005-10-25,55.52
2005-10-26,55.09
2005-10-27,55.78
2005-10-28,56.31
2005-10-31,56.55
2005-11-01,56.06
2005-11-02,56.45
2005-11-03,56.53
2005-11-04,56.09
2005-11-07,56.06
2005-11-08,55.81
2005-11-09,55.81
2005-11-10,56.37
2005-11-11,56.19
2005-11-14,56.09
2005-11-15,56.19
2005-11-16,56.17
2005-11-17,55.75
2005-11-18,56.02
2005-11-21,55.9
2005-11-22,56.83
2005-11-23,57.05
2005-11-25,57.34
2005-11-28,57.07
2005-11-29,57.21
2005-11-30,56.67
2005-12-01,57.3
2005-12-02,57.34
2005-12-05,57.3
2005-12-06,57.16
2005-12-07,56.94
2005-12-08,56.79
2005-12-09,56.72
2005-12-12,57.02
2005-12-13,56.7
2005-12-14,56.97
2005-12-15,57.3
2005-12-16,57.51
2005-12-19,57.24
2005-12-20,56.89
2005-12-21,56.96
2005-12-22,56.94
2005-12-23,56.93
2005-12-27,56.91
2005-12-28,57.04
2005-12-29,57.24
2005-12-30,56.8
2006-01-03,57.46
2006-01-04,57.43
2006-01-05,57.09
2006-01-06,57.3
2006-01-09,57.01
2006-01-10,56.82
2006-01-11,56.59
2006-01-12,56.57
2006-01-13,56.44
2006-01-17,56.18
2006-01-18,56.14
2006-01-19,56.08
2006-01-20,55.07
2006-01-23,55.28
2006-01-24,55.8
2006-01-25,55.42
2006-01-26,55.19
2006-01-27,55.96
2006-01-30,55.42
2006-01-31,54.97
2006-02-01,55.06
2006-02-02,55.23
2006-02-03,55.13
2006-02-06,54.58
2006-02-07,54.67
2006-02-08,55.07
2006-02-09,55.48
2006-02-10,55.7
2006-02-13,55.38
2006-02-14,55.72
2006-02-15,55.65
2006-02-16,56.44
2006-02-17,56.65
2006-02-21,56.57
2006-02-22,56.72
2006-02-23,57.36
2006-02-24,57.24
2006-02-27,57.22
2006-02-28,56.83
2006-03-01,56.97
2006-03-02,56.99
2006-03-03,57.19
2006-03-06,57.38
2006-03-07,57.46
2006-03-08,57.76
2006-03-09,57.94
2006-03-10,58.27
2006-03-13,58.41
2006-03-14,58.35
2006-03-15,58.0
2006-03-16,57.84
2006-03-17,58.0
2006-03-20,57.8
2006-03-21,57.48
2006-03-22,57.76
2006-03-23,57.1
2006-03-24,57.3
2006-03-27,56.96
2006-03-28,56.43
2006-03-29,56.4
2006-03-30,56.11
2006-03-31,55.8
2006-04-03,55.86
2006-04-04,55.82
2006-04-05,55.9
2006-04-06,56.03
2006-04-07,55.81
2006-04-10,56.09
2006-04-11,55.82
2006-04-12,55.89
2006-04-13,55.88
2006-04-17,55.42
2006-04-18,56.08
2006-04-19,56.08
2006-04-20,55.33
2006-04-21,55.23
2006-04-24,55.3
2006-04-25,55.52
2006-04-26,55.87
2006-04-27,56.08
2006-04-28,56.24
2006-05-01,56.17
2006-05-02,55.96
2006-05-03,56.44
2006-05-04,56.72
2006-05-05,57.15
2006-05-08,56.88
2006-05-09,56.69
2006-05-10,56.82
2006-05-11,56.34
2006-05-12,56.62
2006-05-15,57.66
2006-05-16,57.61
2006-05-17,57.6
2006-05-18,56.67
2006-05-19,56.59
2006-05-22,57.23
2006-05-23,57.68
2006-05-24,58.29
2006-05-25,58.48
2006-05-26,58.58
2006-05-30,58.34
2006-05-31,58.38
2006-06-01,59.0
2006-06-02,58.59
2006-06-05,57.7
2006-06-06,58.44
2006-06-07,58.52
2006-06-08,58.35
2006-06-09,58.16
2006-06-12,57.96
2006-06-13,57.25
2006-06-14,57.12
2006-06-15,57.33
2006-06-16,57.94
2006-06-19,57.56
2006-06-20,57.54
2006-06-21,57.85
2006-06-22,58.25
2006-06-23,57.73
2006-06-26,57.75
2006-06-27,57.36
2006-06-28,57.17
2006-06-29,57.74
2006-06-30,58.27
2006-07-03,58.49
2006-07-05,58.49
2006-07-06,58.58
2006-07-07,58.67
2006-07-10,59.15
2006-07-11,59.77
2006-07-12,59.29
2006-07-13,60.24
2006-07-14,59.97
2006-07-17,60.44
2006-07-18,61.34
2006-07-19,60.82
2006-07-20,60.63
2006-07-21,60.91
2006-07-24,61.48
2006-07-25,60.87
2006-07-26,61.75
2006-07-27,60.64
2006-07-28,61.26
2006-07-31,61.51
2006-08-01,61.3
2006-08-02,61.33
2006-08-03,60.98
2006-08-04,61.3
2006-08-07,61.29
2006-08-08,61.74
2006-08-09,60.98
2006-08-10,61.33
2006-08-11,61.46
2006-08-14,62.06
2006-08-15,61.71
2006-08-16,61.42
2006-08-17,60.81
2006-08-18,61.15
2006-08-21,61.43
2006-08-22,61.86
2006-08-23,62.18
2006-08-24,62.24
2006-08-25,62.28
2006-08-28,63.08
2006-08-29,63.87
2006-08-30,63.7
2006-08-31,63.35
2006-09-01,63.48
2006-09-05,63.27
2006-09-06,63.3
2006-09-07,62.61
2006-09-08,63.11
2006-09-11,63.1
2006-09-12,63.57
2006-09-13,63.02
2006-09-14,62.93
2006-09-15,63.4
2006-09-18,62.86
2006-09-19,63.15
2006-09-20,63.49
2006-09-21,62.99
2006-09-22,62.67
2006-09-25,63.44
2006-09-26,63.79
2006-09-27,64.26
2006-09-28,63.66
2006-09-29,63.62
2006-10-02,62.72
2006-10-03,63.04
2006-10-04,63.28
2006-10-05,63.16
2006-10-06,62.81
2006-10-09,62.12
2006-10-10,61.82
2006-10-11,62.26
2006-10-12,61.27
2006-10-13,60.88
2006-10-16,61.11
2006-10-17,60.81
2006-10-18,61.61
2006-10-19,61.25
2006-10-20,61.24
2006-10-23,61.6
2006-10-24,61.62
2006-10-25,62.04
2006-10-26,62.22
2006-10-27,61.95
2006-10-30,61.94
2006-10-31,61.85
2006-11-01,61.76
2006-11-02,61.63
2006-11-03,61.65
2006-11-06,61.69
2006-11-07,61.81
2006-11-08,61.94
2006-11-09,61.12
2006-11-10,60.98
2006-11-13,59.87
2006-11-14,60.39
2006-11-15,59.7
2006-11-16,60.25
2006-11-17,60.72
2006-11-20,60.93
2006-11-21,60.99
2006-11-22,60.97
2006-11-24,60.78
2006-11-27,59.96
2006-11-28,60.27
2006-11-29,60.9
2006-11-30,60.42
2006-12-01,60.41
2006-12-04,61.3
2006-12-05,62.56
2006-12-06,62.4
2006-12-07,62.12
2006-12-08,61.97
2006-12-11,61.47
2006-12-12,61.56
2006-12-13,61.47
2006-12-14,61.22
2006-12-15,61.58
2006-12-18,61.78
2006-12-19,61.98
2006-12-20,62.0
2006-12-21,62.09
2006-12-22,61.81
2006-12-26,61.55
2006-12-27,61.6
2006-12-28,61.95
2006-12-29,61.27
2007-01-03,61.44
2007-01-04,61.86
2007-01-05,61.66
2007-01-08,61.8
2007-01-09,62.05
2007-01-10,62.84
2007-01-11,63.62
2007-01-12,63.37
2007-01-16,63.52
2007-01-17,63.67
2007-01-18,63.59
2007-01-19,63.49
2007-01-22,63.48
2007-01-23,63.51
2007-01-24,63.86
2007-01-25,63.1
2007-01-26,63.13
2007-01-29,63.28
2007-01-30,63.76
2007-01-31,63.9
2007-02-01,64.04
2007-02-02,63.71
2007-02-05,63.5
2007-02-06,63.07
2007-02-07,63.18
2007-02-08,62.01
2007-02-09,62.6
2007-02-12,62.41
2007-02-13,62.5
2007-02-14,62.05
2007-02-15,62.77
2007-02-16,63.3
2007-02-20,63.29
2007-02-21,63.69
2007-02-22,63.34
2007-02-23,63.26
2007-02-26,63.17
2007-02-27,61.47
2007-02-28,61.86
2007-03-01,62.13
2007-03-02,61.64
2007-03-05,61.48
2007-03-06,61.96
2007-03-07,61.76
2007-03-08,62.05
2007-03-09,61.89
2007-03-12,62.17
2007-03-13,61.18
2007-03-14,61.7
2007-03-15,61.99
2007-03-16,61.58
2007-03-19,61.85
2007-03-20,62.4
2007-03-21,63.16
2007-03-22,63.1
2007-03-23,63.08
2007-03-26,62.88
2007-03-27,61.95
2007-03-28,61.9
2007-03-29,62.58
2007-03-30,62.55
2007-04-02,62.39
2007-04-03,62.4
2007-04-04,62.72
2007-04-05,62.67
2007-04-09,61.99
2007-04-10,62.41
2007-04-11,62.21
2007-04-12,63.15
2007-04-13,63.38
2007-04-16,63.54
2007-04-17,64.76
2007-04-18,64.88
2007-04-19,64.99
2007-04-20,65.6
2007-04-23,65.54
2007-04-24,65.36
2007-04-25,65.92
2007-04-26,65.36
2007-04-27,65.24
2007-04-30,65.04
2007-05-01,65.35
2007-05-02,65.96
2007-05-03,66.25
2007-05-04,66.35
2007-05-07,66.41
2007-05-08,66.09
2007-05-09,66.11
2007-05-10,65.3
2007-05-11,65.74
2007-05-14,65.73
2007-05-15,66.38
2007-05-16,67.55
2007-05-17,67.41
2007-05-18,68.38
2007-05-21,67.94
2007-05-22,67.58
2007-05-23,67.6
2007-05-24,67.37
2007-05-25,67.73
2007-05-29,67.4
2007-05-30,67.49
2007-05-31,67.25
2007-06-01,67.61
2007-06-04,67.23
2007-06-05,66.55
2007-06-06,66.37
2007-06-07,65.66
2007-06-08,65.92
2007-06-11,65.36
2007-06-12,65.35
2007-06-13,65.7
2007-06-14,66.2
2007-06-15,65.99
2007-06-18,65.9
2007-06-19,65.12
2007-06-20,64.84
2007-06-21,65.2
2007-06-22,64.19
2007-06-25,63.98
2007-06-26,63.99
2007-06-27,64.5
2007-06-28,64.58
2007-06-29,64.18
2007-07-02,64.63
2007-07-03,64.91
2007-07-05,65.23
2007-07-06,65.54
2007-07-09,65.37
2007-07-10,65.19
2007-07-11,65.43
2007-07-12,66.25
2007-07-13,66.16
2007-07-16,66.3
2007-07-17,65.71
2007-07-18,65.45
2007-07-19,64.79
2007-07-20,64.0
2007-07-23,65.9
2007-07-24,65.58
2007-07-25,67.61
2007-07-26,66.15
2007-07-27,64.98
2007-07-30,65.22
2007-07-31,64.94
2007-08-01,65.74
2007-08-02,66.12
2007-08-03,65.78
2007-08-06,67.8
2007-08-07,68.45
2007-08-08,69.22
2007-08-09,67.79
2007-08-10,67.25
2007-08-13,67.38
2007-08-14,66.47
2007-08-15,66.64
2007-08-16,67.66
2007-08-17,68.66
2007-08-20,67.9
2007-08-21,67.74
2007-08-22,68.09
2007-08-23,67.21
2007-08-24,67.52
2007-08-27,67.4
2007-08-28,66.81
2007-08-29,67.49
2007-08-30,67.16
2007-08-31,67.33
2007-09-04,67.9
2007-09-05,67.61
2007-09-06,68.22
2007-09-07,67.65
2007-09-10,68.13
2007-09-11,69.53
2007-09-12,69.24
2007-09-13,69.54
2007-09-14,69.22
2007-09-17,69.46
2007-09-18,70.53
2007-09-19,70.76
2007-09-20,70.68
2007-09-21,71.09
2007-09-24,70.9
2007-09-25,70.87
2007-09-26,71.88
2007-09-27,72.26
2007-09-28,72.9
2007-10-01,73.65
2007-10-02,73.4
2007-10-03,73.11
2007-10-04,73.51
2007-10-05,73.38
2007-10-08,73.55
2007-10-09,72.85
2007-10-10,73.24
2007-10-11,71.42
2007-10-12,71.43
2007-10-15,71.0
2007-10-16,71.52
2007-10-17,71.76
2007-10-18,71.53
2007-10-19,70.06
2007-10-22,70.82
2007-10-23,71.18
2007-10-24,71.45
2007-10-25,71.63
2007-10-26,71.99
2007-10-29,73.34
2007-10-30,73.48
2007-10-31,73.36
2007-11-01,72.04
2007-11-02,72.62
2007-11-05,72.4
2007-11-06,73.13
2007-11-07,71.99
2007-11-08,73.14
2007-11-09,73.12
2007-11-12,72.21
2007-11-13,72.98
2007-11-14,73.7
2007-11-15,73.22
2007-11-16,73.79
2007-11-19,74.71
2007-11-20,74.47
2007-11-21,74.67
2007-11-23,75.14
2007-11-26,74.32
2007-11-27,75.55
2007-11-28,76.78
2007-11-29,76.17
2007-11-30,76.8
2007-12-03,76.21
2007-12-04,76.28
2007-12-05,76.27
2007-12-06,77.03
2007-12-07,77.0
2007-12-10,77.28
2007-12-11,76.48
2007-12-12,78.09
2007-12-13,78.69
2007-12-14,78.46
2007-12-17,77.37
2007-12-18,77.02
2007-12-19,76.79
2007-12-20,76.49
2007-12-21,77.35
2007-12-24,77.71
2007-12-26,77.28
2007-12-27,76.7
2007-12-28,77.03
2007-12-31,75.9
2008-01-02,75.29
2008-01-03,75.78
2008-01-04,75.55
2008-01-07,77.32
2008-01-08,77.94
2008-01-09,78.74
2008-01-10,79.57
2008-01-11,77.78
2008-01-14,76.92
2008-01-15,74.83
2008-01-16,73.54
2008-01-17,72.1
2008-01-18,71.46
